ISO-10303-21;
HEADER;
FILE_DESCRIPTION(('FreeCAD Model'),'2;1');
FILE_NAME('Open CASCADE Shape Model','2026-03-02T17:34:16',('Author'),(
    ''),'Open CASCADE STEP processor 7.8','FreeCAD','Unknown');
FILE_SCHEMA(('AUTOMOTIVE_DESIGN { 1 0 10303 214 1 1 1 1 }'));
ENDSEC;
DATA;
#1 = APPLICATION_PROTOCOL_DEFINITION('international standard',
  'automotive_design',2000,#2);
#2 = APPLICATION_CONTEXT(
  'core data for automotive mechanical design processes');
#3 = SHAPE_DEFINITION_REPRESENTATION(#4,#10);
#4 = PRODUCT_DEFINITION_SHAPE('','',#5);
#5 = PRODUCT_DEFINITION('design','',#6,#9);
#6 = PRODUCT_DEFINITION_FORMATION('','',#7);
#7 = PRODUCT('Unnamed','Unnamed','',(#8));
#8 = PRODUCT_CONTEXT('',#2,'mechanical');
#9 = PRODUCT_DEFINITION_CONTEXT('part definition',#2,'design');
#10 = SHAPE_REPRESENTATION('',(#11,#15,#19),#23);
#11 = AXIS2_PLACEMENT_3D('',#12,#13,#14);
#12 = CARTESIAN_POINT('',(0.,0.,0.));
#13 = DIRECTION('',(0.,0.,1.));
#14 = DIRECTION('',(1.,0.,-0.));
#15 = AXIS2_PLACEMENT_3D('',#16,#17,#18);
#16 = CARTESIAN_POINT('',(0.,0.,0.));
#17 = DIRECTION('',(0.,0.,1.));
#18 = DIRECTION('',(1.,0.,0.));
#19 = AXIS2_PLACEMENT_3D('',#20,#21,#22);
#20 = CARTESIAN_POINT('',(0.,0.,0.));
#21 = DIRECTION('',(0.,0.,1.));
#22 = DIRECTION('',(1.,0.,0.));
#23 = ( GEOMETRIC_REPRESENTATION_CONTEXT(3) 
GLOBAL_UNCERTAINTY_ASSIGNED_CONTEXT((#27)) GLOBAL_UNIT_ASSIGNED_CONTEXT(
(#24,#25,#26)) REPRESENTATION_CONTEXT('Context #1',
  '3D Context with UNIT and UNCERTAINTY') );
#24 = ( LENGTH_UNIT() NAMED_UNIT(*) SI_UNIT(.MILLI.,.METRE.) );
#25 = ( NAMED_UNIT(*) PLANE_ANGLE_UNIT() SI_UNIT($,.RADIAN.) );
#26 = ( NAMED_UNIT(*) SI_UNIT($,.STERADIAN.) SOLID_ANGLE_UNIT() );
#27 = UNCERTAINTY_MEASURE_WITH_UNIT(LENGTH_MEASURE(2.E-02),#24,
  'distance_accuracy_value','confusion accuracy');
#28 = PRODUCT_RELATED_PRODUCT_CATEGORY('part',$,(#7));
#29 = SHAPE_DEFINITION_REPRESENTATION(#30,#36);
#30 = PRODUCT_DEFINITION_SHAPE('','',#31);
#31 = PRODUCT_DEFINITION('design','',#32,#35);
#32 = PRODUCT_DEFINITION_FORMATION('','',#33);
#33 = PRODUCT('Slice.0','Slice.0','',(#34));
#34 = PRODUCT_CONTEXT('',#2,'mechanical');
#35 = PRODUCT_DEFINITION_CONTEXT('part definition',#2,'design');
#36 = ADVANCED_BREP_SHAPE_REPRESENTATION('',(#11,#37),#5645);
#37 = MANIFOLD_SOLID_BREP('',#38);
#38 = CLOSED_SHELL('',(#39,#85,#115,#145,#175,#265,#355,#407,#431,#581,
    #599,#631,#655,#701,#725,#749,#795,#819,#870,#937,#961,#1007,#1031,
    #1055,#1101,#1117,#1141,#1163,#1187,#1203,#1231,#1255,#1279,#1311,
    #1333,#1365,#1411,#1435,#1459,#1505,#1529,#1553,#1599,#1623,#1647,
    #1693,#1709,#1731,#1808,#1855,#1885,#1932,#1948,#1972,#1994,#2012,
    #2034,#2058,#2080,#2104,#2175,#2222,#2252,#2293,#2879,#2907,#2943,
    #2990,#3020,#3067,#3095,#3112,#3142,#3183,#3229,#3253,#3277,#3323,
    #3347,#3397,#3409,#3433,#3445,#4023,#4040,#4624,#4652,#4687,#4711,
    #4757,#4781,#4797,#4815,#4827,#4851,#4875,#5491,#5515,#5531,#5549,
    #5566,#5582,#5602,#5614,#5632));
#39 = ADVANCED_FACE('',(#40),#69,.T.);
#40 = FACE_BOUND('',#41,.T.);
#41 = EDGE_LOOP('',(#42,#53,#62));
#42 = ORIENTED_EDGE('',*,*,#43,.F.);
#43 = EDGE_CURVE('',#44,#46,#48,.T.);
#44 = VERTEX_POINT('',#45);
#45 = CARTESIAN_POINT('',(-4.71,-5.,4.71));
#46 = VERTEX_POINT('',#47);
#47 = CARTESIAN_POINT('',(-5.,-4.71,4.71));
#48 = CIRCLE('',#49,0.29);
#49 = AXIS2_PLACEMENT_3D('',#50,#51,#52);
#50 = CARTESIAN_POINT('',(-4.71,-4.71,4.71));
#51 = DIRECTION('',(-1.247733069816E-13,-1.247733069816E-13,-1.));
#52 = DIRECTION('',(-1.914177628664E-15,-1.,1.247733069816E-13));
#53 = ORIENTED_EDGE('',*,*,#54,.T.);
#54 = EDGE_CURVE('',#44,#55,#57,.T.);
#55 = VERTEX_POINT('',#56);
#56 = CARTESIAN_POINT('',(-4.71,-4.71,5.));
#57 = CIRCLE('',#58,0.29);
#58 = AXIS2_PLACEMENT_3D('',#59,#60,#61);
#59 = CARTESIAN_POINT('',(-4.71,-4.71,4.71));
#60 = DIRECTION('',(-1.,-3.753051838234E-14,3.178798549634E-14));
#61 = DIRECTION('',(3.753051838234E-14,-1.,9.57088814332E-15));
#62 = ORIENTED_EDGE('',*,*,#63,.F.);
#63 = EDGE_CURVE('',#46,#55,#64,.T.);
#64 = CIRCLE('',#65,0.29);
#65 = AXIS2_PLACEMENT_3D('',#66,#67,#68);
#66 = CARTESIAN_POINT('',(-4.71,-4.71,4.71));
#67 = DIRECTION('',(0.,1.,-0.));
#68 = DIRECTION('',(-1.,0.,5.742532885992E-15));
#69 = ( BOUNDED_SURFACE() B_SPLINE_SURFACE(2,2,(
    (#70,#71,#72,#73,#74)
    ,(#75,#76,#77,#78,#79)
    ,(#80,#81,#82,#83,#84
)),.UNSPECIFIED.,.F.,.F.,.F.) B_SPLINE_SURFACE_WITH_KNOTS((3,3),(3,2,3),
  (22.776546738526,68.329640215578),(73.257275402663,96.261587608574,
119.26589981448),.UNSPECIFIED.) GEOMETRIC_REPRESENTATION_ITEM() 
RATIONAL_B_SPLINE_SURFACE((
    (1.,0.922369618366,1.,0.922369618366,1.)
    ,(0.707106781187,0.652213811907,0.707106781187,0.652213811907
      ,0.707106781187)
,(1.,0.922369618366,1.,0.922369618366,1.
))) REPRESENTATION_ITEM('') SURFACE() );
#70 = CARTESIAN_POINT('',(-4.71,-4.71,5.));
#71 = CARTESIAN_POINT('',(-4.71,-4.795884010882,5.));
#72 = CARTESIAN_POINT('',(-4.666722056737,-4.856134343487,4.956722056737
    ));
#73 = CARTESIAN_POINT('',(-4.623444113474,-4.916384676092,4.913444113474
    ));
#74 = CARTESIAN_POINT('',(-4.56272243899,-4.915035668682,4.85272243899)
  );
#75 = CARTESIAN_POINT('',(-5.,-4.71,5.));
#76 = CARTESIAN_POINT('',(-5.,-4.881768021764,5.));
#77 = CARTESIAN_POINT('',(-4.913444113474,-5.002268686975,4.913444113474
    ));
#78 = CARTESIAN_POINT('',(-4.826888226947,-5.122769352185,4.826888226947
    ));
#79 = CARTESIAN_POINT('',(-4.70544487798,-5.120071337363,4.70544487798)
  );
#80 = CARTESIAN_POINT('',(-5.,-4.71,4.71));
#81 = CARTESIAN_POINT('',(-5.,-4.795884010882,4.71));
#82 = CARTESIAN_POINT('',(-4.956722056737,-4.856134343487,4.666722056737
    ));
#83 = CARTESIAN_POINT('',(-4.913444113474,-4.916384676092,4.623444113474
    ));
#84 = CARTESIAN_POINT('',(-4.85272243899,-4.915035668682,4.56272243899)
  );
#85 = ADVANCED_FACE('',(#86),#110,.T.);
#86 = FACE_BOUND('',#87,.T.);
#87 = EDGE_LOOP('',(#88,#95,#104,#109));
#88 = ORIENTED_EDGE('',*,*,#89,.F.);
#89 = EDGE_CURVE('',#90,#46,#92,.T.);
#90 = VERTEX_POINT('',#91);
#91 = CARTESIAN_POINT('',(-5.,-4.71,1.E-02));
#92 = B_SPLINE_CURVE_WITH_KNOTS('',1,(#93,#94),.UNSPECIFIED.,.F.,.F.,(2,
    2),(0.,471.),.PIECEWISE_BEZIER_KNOTS.);
#93 = CARTESIAN_POINT('',(-5.,-4.71,-6.23390228327E-16));
#94 = CARTESIAN_POINT('',(-5.,-4.71,4.71));
#95 = ORIENTED_EDGE('',*,*,#96,.T.);
#96 = EDGE_CURVE('',#90,#97,#99,.T.);
#97 = VERTEX_POINT('',#98);
#98 = CARTESIAN_POINT('',(-4.71,-5.,1.E-02));
#99 = CIRCLE('',#100,0.29);
#100 = AXIS2_PLACEMENT_3D('',#101,#102,#103);
#101 = CARTESIAN_POINT('',(-4.71,-4.71,1.E-02));
#102 = DIRECTION('',(1.545344185927E-13,1.487918857067E-13,1.));
#103 = DIRECTION('',(1.,0.,-1.545344185927E-13));
#104 = ORIENTED_EDGE('',*,*,#105,.T.);
#105 = EDGE_CURVE('',#97,#44,#106,.T.);
#106 = B_SPLINE_CURVE_WITH_KNOTS('',1,(#107,#108),.UNSPECIFIED.,.F.,.F.,
  (2,2),(0.,471.),.PIECEWISE_BEZIER_KNOTS.);
#107 = CARTESIAN_POINT('',(-4.71,-5.,-9.936496070395E-16));
#108 = CARTESIAN_POINT('',(-4.71,-5.,4.71));
#109 = ORIENTED_EDGE('',*,*,#43,.T.);
#110 = CYLINDRICAL_SURFACE('',#111,0.29);
#111 = AXIS2_PLACEMENT_3D('',#112,#113,#114);
#112 = CARTESIAN_POINT('',(-4.71,-4.71,-4.203942383031E-14));
#113 = DIRECTION('',(1.545344185927E-13,1.487918857067E-13,1.));
#114 = DIRECTION('',(1.,0.,-1.545344185927E-13));
#115 = ADVANCED_FACE('',(#116),#140,.T.);
#116 = FACE_BOUND('',#117,.T.);
#117 = EDGE_LOOP('',(#118,#129,#134,#135));
#118 = ORIENTED_EDGE('',*,*,#119,.T.);
#119 = EDGE_CURVE('',#120,#122,#124,.T.);
#120 = VERTEX_POINT('',#121);
#121 = CARTESIAN_POINT('',(1.307287611496E-15,-5.,4.71));
#122 = VERTEX_POINT('',#123);
#123 = CARTESIAN_POINT('',(1.387778780781E-15,-4.71,5.));
#124 = CIRCLE('',#125,0.29);
#125 = AXIS2_PLACEMENT_3D('',#126,#127,#128);
#126 = CARTESIAN_POINT('',(1.282710656709E-14,-4.71,4.71));
#127 = DIRECTION('',(-1.,3.972351363997E-14,-3.944595788381E-14));
#128 = DIRECTION('',(-3.972351363997E-14,-1.,3.828355257328E-15));
#129 = ORIENTED_EDGE('',*,*,#130,.F.);
#130 = EDGE_CURVE('',#55,#122,#131,.T.);
#131 = B_SPLINE_CURVE_WITH_KNOTS('',1,(#132,#133),.UNSPECIFIED.,.F.,.F.,
  (2,2),(0.,471.),.PIECEWISE_BEZIER_KNOTS.);
#132 = CARTESIAN_POINT('',(-4.71,-4.71,5.));
#133 = CARTESIAN_POINT('',(1.387778780781E-15,-4.71,5.));
#134 = ORIENTED_EDGE('',*,*,#54,.F.);
#135 = ORIENTED_EDGE('',*,*,#136,.T.);
#136 = EDGE_CURVE('',#44,#120,#137,.T.);
#137 = B_SPLINE_CURVE_WITH_KNOTS('',1,(#138,#139),.UNSPECIFIED.,.F.,.F.,
  (2,2),(0.,471.),.PIECEWISE_BEZIER_KNOTS.);
#138 = CARTESIAN_POINT('',(-4.71,-5.,4.71));
#139 = CARTESIAN_POINT('',(1.307287611496E-15,-5.,4.71));
#140 = CYLINDRICAL_SURFACE('',#141,0.29);
#141 = AXIS2_PLACEMENT_3D('',#142,#143,#144);
#142 = CARTESIAN_POINT('',(-6.264028877524E-15,-4.71,4.71));
#143 = DIRECTION('',(1.,3.691352060698E-14,-3.882769823564E-14));
#144 = DIRECTION('',(3.882769823564E-14,0.,1.));
#145 = ADVANCED_FACE('',(#146),#170,.T.);
#146 = FACE_BOUND('',#147,.T.);
#147 = EDGE_LOOP('',(#148,#155,#156,#163));
#148 = ORIENTED_EDGE('',*,*,#149,.T.);
#149 = EDGE_CURVE('',#150,#46,#152,.T.);
#150 = VERTEX_POINT('',#151);
#151 = CARTESIAN_POINT('',(-5.,-2.002967142163E-30,4.71));
#152 = B_SPLINE_CURVE_WITH_KNOTS('',1,(#153,#154),.UNSPECIFIED.,.F.,.F.,
  (2,2),(0.,471.),.PIECEWISE_BEZIER_KNOTS.);
#153 = CARTESIAN_POINT('',(-5.,-2.002967142163E-30,4.71));
#154 = CARTESIAN_POINT('',(-5.,-4.71,4.71));
#155 = ORIENTED_EDGE('',*,*,#63,.T.);
#156 = ORIENTED_EDGE('',*,*,#157,.F.);
#157 = EDGE_CURVE('',#158,#55,#160,.T.);
#158 = VERTEX_POINT('',#159);
#159 = CARTESIAN_POINT('',(-4.71,-1.886795047917E-30,5.));
#160 = B_SPLINE_CURVE_WITH_KNOTS('',1,(#161,#162),.UNSPECIFIED.,.F.,.F.,
  (2,2),(0.,471.),.PIECEWISE_BEZIER_KNOTS.);
#161 = CARTESIAN_POINT('',(-4.71,-1.886795047917E-30,5.));
#162 = CARTESIAN_POINT('',(-4.71,-4.71,5.));
#163 = ORIENTED_EDGE('',*,*,#164,.F.);
#164 = EDGE_CURVE('',#150,#158,#165,.T.);
#165 = CIRCLE('',#166,0.29);
#166 = AXIS2_PLACEMENT_3D('',#167,#168,#169);
#167 = CARTESIAN_POINT('',(-4.71,-1.134776734693E-15,4.71));
#168 = DIRECTION('',(3.91302322308E-15,1.,-3.91302322308E-15));
#169 = DIRECTION('',(-1.,3.91302322308E-15,5.742532885992E-15));
#170 = CYLINDRICAL_SURFACE('',#171,0.29);
#171 = AXIS2_PLACEMENT_3D('',#172,#173,#174);
#172 = CARTESIAN_POINT('',(-4.71,7.176999099542E-16,4.71));
#173 = DIRECTION('',(-5.606496470401E-16,1.,5.606496470401E-16));
#174 = DIRECTION('',(0.,-5.606496470401E-16,1.));
#175 = ADVANCED_FACE('',(#176),#260,.T.);
#176 = FACE_BOUND('',#177,.T.);
#177 = EDGE_LOOP('',(#178,#187,#195,#202,#214,#221,#228,#240,#247,#253,
    #254,#255));
#178 = ORIENTED_EDGE('',*,*,#179,.F.);
#179 = EDGE_CURVE('',#180,#182,#184,.T.);
#180 = VERTEX_POINT('',#181);
#181 = CARTESIAN_POINT('',(-5.,4.71,1.E-02));
#182 = VERTEX_POINT('',#183);
#183 = CARTESIAN_POINT('',(-5.,4.71,4.71));
#184 = B_SPLINE_CURVE_WITH_KNOTS('',1,(#185,#186),.UNSPECIFIED.,.F.,.F.,
  (2,2),(0.,471.),.PIECEWISE_BEZIER_KNOTS.);
#185 = CARTESIAN_POINT('',(-5.,4.71,6.174505351453E-15));
#186 = CARTESIAN_POINT('',(-5.,4.71,4.71));
#187 = ORIENTED_EDGE('',*,*,#188,.F.);
#188 = EDGE_CURVE('',#189,#180,#191,.T.);
#189 = VERTEX_POINT('',#190);
#190 = CARTESIAN_POINT('',(-5.,3.79,1.E-02));
#191 = LINE('',#192,#193);
#192 = CARTESIAN_POINT('',(-5.,-2.5,1.E-02));
#193 = VECTOR('',#194,1.);
#194 = DIRECTION('',(0.,1.,0.));
#195 = ORIENTED_EDGE('',*,*,#196,.F.);
#196 = EDGE_CURVE('',#197,#189,#199,.T.);
#197 = VERTEX_POINT('',#198);
#198 = CARTESIAN_POINT('',(-5.,3.79,3.21));
#199 = B_SPLINE_CURVE_WITH_KNOTS('',1,(#200,#201),.UNSPECIFIED.,.F.,.F.,
  (2,2),(0.,321.),.PIECEWISE_BEZIER_KNOTS.);
#200 = CARTESIAN_POINT('',(-5.,3.79,3.21));
#201 = CARTESIAN_POINT('',(-5.,3.79,5.510591982727E-15));
#202 = ORIENTED_EDGE('',*,*,#203,.F.);
#203 = EDGE_CURVE('',#204,#197,#206,.T.);
#204 = VERTEX_POINT('',#205);
#205 = CARTESIAN_POINT('',(-5.,3.21,3.79));
#206 = ( BOUNDED_CURVE() B_SPLINE_CURVE(3,(#207,#208,#209,#210,#211,#212
,#213),.UNSPECIFIED.,.F.,.F.) B_SPLINE_CURVE_WITH_KNOTS((4,1,1,1,4),(0.,
    21.863496405469,45.552805753503,69.242115101538,91.105611507007),
.UNSPECIFIED.) CURVE() GEOMETRIC_REPRESENTATION_ITEM() 
RATIONAL_B_SPLINE_CURVE((1.,1.,1.,1.,1.,1.,1.)) REPRESENTATION_ITEM('') 
  );
#207 = CARTESIAN_POINT('',(-5.,3.21,3.79));
#208 = CARTESIAN_POINT('',(-5.,3.282874020927,3.79002637628));
#209 = CARTESIAN_POINT('',(-5.,3.434705972607,3.761067864822));
#210 = CARTESIAN_POINT('',(-5.,3.631715005679,3.631715005679));
#211 = CARTESIAN_POINT('',(-5.,3.761067864822,3.434705972607));
#212 = CARTESIAN_POINT('',(-5.,3.79002637628,3.282874020927));
#213 = CARTESIAN_POINT('',(-5.,3.79,3.21));
#214 = ORIENTED_EDGE('',*,*,#215,.F.);
#215 = EDGE_CURVE('',#216,#204,#218,.T.);
#216 = VERTEX_POINT('',#217);
#217 = CARTESIAN_POINT('',(-5.,-2.002967142163E-30,3.79));
#218 = B_SPLINE_CURVE_WITH_KNOTS('',1,(#219,#220),.UNSPECIFIED.,.F.,.F.,
  (2,2),(0.,321.),.PIECEWISE_BEZIER_KNOTS.);
#219 = CARTESIAN_POINT('',(-5.,-2.002967142163E-30,3.79));
#220 = CARTESIAN_POINT('',(-5.,3.21,3.79));
#221 = ORIENTED_EDGE('',*,*,#222,.T.);
#222 = EDGE_CURVE('',#216,#223,#225,.T.);
#223 = VERTEX_POINT('',#224);
#224 = CARTESIAN_POINT('',(-5.,-3.21,3.79));
#225 = B_SPLINE_CURVE_WITH_KNOTS('',1,(#226,#227),.UNSPECIFIED.,.F.,.F.,
  (2,2),(0.,321.),.PIECEWISE_BEZIER_KNOTS.);
#226 = CARTESIAN_POINT('',(-5.,-2.002967142163E-30,3.79));
#227 = CARTESIAN_POINT('',(-5.,-3.21,3.79));
#228 = ORIENTED_EDGE('',*,*,#229,.T.);
#229 = EDGE_CURVE('',#223,#230,#232,.T.);
#230 = VERTEX_POINT('',#231);
#231 = CARTESIAN_POINT('',(-5.,-3.79,3.21));
#232 = ( BOUNDED_CURVE() B_SPLINE_CURVE(3,(#233,#234,#235,#236,#237,#238
,#239),.UNSPECIFIED.,.F.,.F.) B_SPLINE_CURVE_WITH_KNOTS((4,1,1,1,4),(0.,
    21.863496405469,45.552805753503,69.242115101538,91.105611507007),
.UNSPECIFIED.) CURVE() GEOMETRIC_REPRESENTATION_ITEM() 
RATIONAL_B_SPLINE_CURVE((1.,1.,1.,1.,1.,1.,1.)) REPRESENTATION_ITEM('') 
  );
#233 = CARTESIAN_POINT('',(-5.,-3.21,3.79));
#234 = CARTESIAN_POINT('',(-5.,-3.282874020927,3.79002637628));
#235 = CARTESIAN_POINT('',(-5.,-3.434705972607,3.761067864822));
#236 = CARTESIAN_POINT('',(-5.,-3.631715005679,3.631715005679));
#237 = CARTESIAN_POINT('',(-5.,-3.761067864822,3.434705972607));
#238 = CARTESIAN_POINT('',(-5.,-3.79002637628,3.282874020927));
#239 = CARTESIAN_POINT('',(-5.,-3.79,3.21));
#240 = ORIENTED_EDGE('',*,*,#241,.T.);
#241 = EDGE_CURVE('',#230,#242,#244,.T.);
#242 = VERTEX_POINT('',#243);
#243 = CARTESIAN_POINT('',(-5.,-3.79,1.E-02));
#244 = B_SPLINE_CURVE_WITH_KNOTS('',1,(#245,#246),.UNSPECIFIED.,.F.,.F.,
  (2,2),(0.,321.),.PIECEWISE_BEZIER_KNOTS.);
#245 = CARTESIAN_POINT('',(-5.,-3.79,3.21));
#246 = CARTESIAN_POINT('',(-5.,-3.79,4.052314039882E-17));
#247 = ORIENTED_EDGE('',*,*,#248,.F.);
#248 = EDGE_CURVE('',#90,#242,#249,.T.);
#249 = LINE('',#250,#251);
#250 = CARTESIAN_POINT('',(-5.,-2.5,1.E-02));
#251 = VECTOR('',#252,1.);
#252 = DIRECTION('',(0.,1.,0.));
#253 = ORIENTED_EDGE('',*,*,#89,.T.);
#254 = ORIENTED_EDGE('',*,*,#149,.F.);
#255 = ORIENTED_EDGE('',*,*,#256,.T.);
#256 = EDGE_CURVE('',#150,#182,#257,.T.);
#257 = B_SPLINE_CURVE_WITH_KNOTS('',1,(#258,#259),.UNSPECIFIED.,.F.,.F.,
  (2,2),(0.,471.),.PIECEWISE_BEZIER_KNOTS.);
#258 = CARTESIAN_POINT('',(-5.,-2.002967142163E-30,4.71));
#259 = CARTESIAN_POINT('',(-5.,4.71,4.71));
#260 = PLANE('',#261);
#261 = AXIS2_PLACEMENT_3D('',#262,#263,#264);
#262 = CARTESIAN_POINT('',(-5.,5.,-5.));
#263 = DIRECTION('',(-1.,0.,0.));
#264 = DIRECTION('',(0.,0.,-1.));
#265 = ADVANCED_FACE('',(#266),#350,.T.);
#266 = FACE_BOUND('',#267,.T.);
#267 = EDGE_LOOP('',(#268,#278,#285,#290,#291,#292,#300,#307,#319,#326,
    #333,#345));
#268 = ORIENTED_EDGE('',*,*,#269,.F.);
#269 = EDGE_CURVE('',#270,#272,#274,.T.);
#270 = VERTEX_POINT('',#271);
#271 = CARTESIAN_POINT('',(4.71,-5.,1.E-02));
#272 = VERTEX_POINT('',#273);
#273 = CARTESIAN_POINT('',(3.79,-5.,1.E-02));
#274 = LINE('',#275,#276);
#275 = CARTESIAN_POINT('',(-7.5,-5.,1.E-02));
#276 = VECTOR('',#277,1.);
#277 = DIRECTION('',(-1.,0.,0.));
#278 = ORIENTED_EDGE('',*,*,#279,.T.);
#279 = EDGE_CURVE('',#270,#280,#282,.T.);
#280 = VERTEX_POINT('',#281);
#281 = CARTESIAN_POINT('',(4.71,-5.,4.71));
#282 = B_SPLINE_CURVE_WITH_KNOTS('',1,(#283,#284),.UNSPECIFIED.,.F.,.F.,
  (2,2),(0.,471.),.PIECEWISE_BEZIER_KNOTS.);
#283 = CARTESIAN_POINT('',(4.71,-5.,-3.608224830032E-15));
#284 = CARTESIAN_POINT('',(4.71,-5.,4.71));
#285 = ORIENTED_EDGE('',*,*,#286,.T.);
#286 = EDGE_CURVE('',#280,#120,#287,.T.);
#287 = B_SPLINE_CURVE_WITH_KNOTS('',1,(#288,#289),.UNSPECIFIED.,.F.,.F.,
  (2,2),(0.,471.),.PIECEWISE_BEZIER_KNOTS.);
#288 = CARTESIAN_POINT('',(4.71,-5.,4.71));
#289 = CARTESIAN_POINT('',(1.307287611496E-15,-5.,4.71));
#290 = ORIENTED_EDGE('',*,*,#136,.F.);
#291 = ORIENTED_EDGE('',*,*,#105,.F.);
#292 = ORIENTED_EDGE('',*,*,#293,.F.);
#293 = EDGE_CURVE('',#294,#97,#296,.T.);
#294 = VERTEX_POINT('',#295);
#295 = CARTESIAN_POINT('',(-3.79,-5.,1.E-02));
#296 = LINE('',#297,#298);
#297 = CARTESIAN_POINT('',(-7.5,-5.,1.E-02));
#298 = VECTOR('',#299,1.);
#299 = DIRECTION('',(-1.,0.,0.));
#300 = ORIENTED_EDGE('',*,*,#301,.F.);
#301 = EDGE_CURVE('',#302,#294,#304,.T.);
#302 = VERTEX_POINT('',#303);
#303 = CARTESIAN_POINT('',(-3.79,-5.,3.21));
#304 = B_SPLINE_CURVE_WITH_KNOTS('',1,(#305,#306),.UNSPECIFIED.,.F.,.F.,
  (2,2),(0.,321.),.PIECEWISE_BEZIER_KNOTS.);
#305 = CARTESIAN_POINT('',(-3.79,-5.,3.21));
#306 = CARTESIAN_POINT('',(-3.79,-5.,-1.504352198367E-15));
#307 = ORIENTED_EDGE('',*,*,#308,.F.);
#308 = EDGE_CURVE('',#309,#302,#311,.T.);
#309 = VERTEX_POINT('',#310);
#310 = CARTESIAN_POINT('',(-3.21,-5.,3.79));
#311 = ( BOUNDED_CURVE() B_SPLINE_CURVE(3,(#312,#313,#314,#315,#316,#317
,#318),.UNSPECIFIED.,.F.,.F.) B_SPLINE_CURVE_WITH_KNOTS((4,1,1,1,4),(0.,
    21.863496405469,45.552805753504,69.242115101538,91.105611507008),
.UNSPECIFIED.) CURVE() GEOMETRIC_REPRESENTATION_ITEM() 
RATIONAL_B_SPLINE_CURVE((1.,1.,1.,1.,1.,1.,1.)) REPRESENTATION_ITEM('') 
  );
#312 = CARTESIAN_POINT('',(-3.21,-5.,3.79));
#313 = CARTESIAN_POINT('',(-3.282874020927,-5.,3.79002637628));
#314 = CARTESIAN_POINT('',(-3.434705972607,-5.,3.761067864822));
#315 = CARTESIAN_POINT('',(-3.631715005679,-5.,3.631715005679));
#316 = CARTESIAN_POINT('',(-3.761067864822,-5.,3.434705972607));
#317 = CARTESIAN_POINT('',(-3.79002637628,-5.,3.282874020927));
#318 = CARTESIAN_POINT('',(-3.79,-5.,3.21));
#319 = ORIENTED_EDGE('',*,*,#320,.F.);
#320 = EDGE_CURVE('',#321,#309,#323,.T.);
#321 = VERTEX_POINT('',#322);
#322 = CARTESIAN_POINT('',(1.051936315832E-15,-5.,3.79));
#323 = B_SPLINE_CURVE_WITH_KNOTS('',1,(#324,#325),.UNSPECIFIED.,.F.,.F.,
  (2,2),(0.,321.),.PIECEWISE_BEZIER_KNOTS.);
#324 = CARTESIAN_POINT('',(1.051936315832E-15,-5.,3.79));
#325 = CARTESIAN_POINT('',(-3.21,-5.,3.79));
#326 = ORIENTED_EDGE('',*,*,#327,.T.);
#327 = EDGE_CURVE('',#321,#328,#330,.T.);
#328 = VERTEX_POINT('',#329);
#329 = CARTESIAN_POINT('',(3.21,-5.,3.79));
#330 = B_SPLINE_CURVE_WITH_KNOTS('',1,(#331,#332),.UNSPECIFIED.,.F.,.F.,
  (2,2),(0.,321.),.PIECEWISE_BEZIER_KNOTS.);
#331 = CARTESIAN_POINT('',(1.051936315832E-15,-5.,3.79));
#332 = CARTESIAN_POINT('',(3.21,-5.,3.79));
#333 = ORIENTED_EDGE('',*,*,#334,.T.);
#334 = EDGE_CURVE('',#328,#335,#337,.T.);
#335 = VERTEX_POINT('',#336);
#336 = CARTESIAN_POINT('',(3.79,-5.,3.21));
#337 = ( BOUNDED_CURVE() B_SPLINE_CURVE(3,(#338,#339,#340,#341,#342,#343
,#344),.UNSPECIFIED.,.F.,.F.) B_SPLINE_CURVE_WITH_KNOTS((4,1,1,1,4),(0.,
    21.863496405469,45.552805753504,69.242115101538,91.105611507008),
.UNSPECIFIED.) CURVE() GEOMETRIC_REPRESENTATION_ITEM() 
RATIONAL_B_SPLINE_CURVE((1.,1.,1.,1.,1.,1.,1.)) REPRESENTATION_ITEM('') 
  );
#338 = CARTESIAN_POINT('',(3.21,-5.,3.79));
#339 = CARTESIAN_POINT('',(3.282874020927,-5.,3.79002637628));
#340 = CARTESIAN_POINT('',(3.434705972607,-5.,3.761067864822));
#341 = CARTESIAN_POINT('',(3.631715005679,-5.,3.631715005679));
#342 = CARTESIAN_POINT('',(3.761067864822,-5.,3.434705972607));
#343 = CARTESIAN_POINT('',(3.79002637628,-5.,3.282874020927));
#344 = CARTESIAN_POINT('',(3.79,-5.,3.21));
#345 = ORIENTED_EDGE('',*,*,#346,.T.);
#346 = EDGE_CURVE('',#335,#272,#347,.T.);
#347 = B_SPLINE_CURVE_WITH_KNOTS('',1,(#348,#349),.UNSPECIFIED.,.F.,.F.,
  (2,2),(0.,321.),.PIECEWISE_BEZIER_KNOTS.);
#348 = CARTESIAN_POINT('',(3.79,-5.,3.21));
#349 = CARTESIAN_POINT('',(3.79,-5.,-3.608224830032E-15));
#350 = PLANE('',#351);
#351 = AXIS2_PLACEMENT_3D('',#352,#353,#354);
#352 = CARTESIAN_POINT('',(-5.,-5.,-5.));
#353 = DIRECTION('',(0.,-1.,0.));
#354 = DIRECTION('',(0.,0.,-1.));
#355 = ADVANCED_FACE('',(#356),#402,.F.);
#356 = FACE_BOUND('',#357,.F.);
#357 = EDGE_LOOP('',(#358,#359,#360,#361,#370,#378,#387,#395));
#358 = ORIENTED_EDGE('',*,*,#248,.F.);
#359 = ORIENTED_EDGE('',*,*,#96,.T.);
#360 = ORIENTED_EDGE('',*,*,#293,.F.);
#361 = ORIENTED_EDGE('',*,*,#362,.T.);
#362 = EDGE_CURVE('',#294,#363,#365,.T.);
#363 = VERTEX_POINT('',#364);
#364 = CARTESIAN_POINT('',(-3.5,-4.71,1.E-02));
#365 = CIRCLE('',#366,0.29);
#366 = AXIS2_PLACEMENT_3D('',#367,#368,#369);
#367 = CARTESIAN_POINT('',(-3.79,-4.71,1.E-02));
#368 = DIRECTION('',(-1.517738461372E-15,-3.964391672919E-16,1.));
#369 = DIRECTION('',(1.,0.,1.517738461372E-15));
#370 = ORIENTED_EDGE('',*,*,#371,.F.);
#371 = EDGE_CURVE('',#372,#363,#374,.T.);
#372 = VERTEX_POINT('',#373);
#373 = CARTESIAN_POINT('',(-3.5,-3.79,1.E-02));
#374 = LINE('',#375,#376);
#375 = CARTESIAN_POINT('',(-3.5,-6.849,1.E-02));
#376 = VECTOR('',#377,1.);
#377 = DIRECTION('',(0.,-1.,0.));
#378 = ORIENTED_EDGE('',*,*,#379,.F.);
#379 = EDGE_CURVE('',#380,#372,#382,.T.);
#380 = VERTEX_POINT('',#381);
#381 = CARTESIAN_POINT('',(-3.79,-3.5,1.E-02));
#382 = CIRCLE('',#383,0.29);
#383 = AXIS2_PLACEMENT_3D('',#384,#385,#386);
#384 = CARTESIAN_POINT('',(-3.79,-3.79,1.E-02));
#385 = DIRECTION('',(1.320685885674E-14,1.224977004241E-14,-1.));
#386 = DIRECTION('',(-1.,0.,-1.320685885674E-14));
#387 = ORIENTED_EDGE('',*,*,#388,.F.);
#388 = EDGE_CURVE('',#389,#380,#391,.T.);
#389 = VERTEX_POINT('',#390);
#390 = CARTESIAN_POINT('',(-4.71,-3.5,1.E-02));
#391 = LINE('',#392,#393);
#392 = CARTESIAN_POINT('',(-6.849,-3.5,1.E-02));
#393 = VECTOR('',#394,1.);
#394 = DIRECTION('',(1.,0.,0.));
#395 = ORIENTED_EDGE('',*,*,#396,.F.);
#396 = EDGE_CURVE('',#242,#389,#397,.T.);
#397 = CIRCLE('',#398,0.29);
#398 = AXIS2_PLACEMENT_3D('',#399,#400,#401);
#399 = CARTESIAN_POINT('',(-4.71,-3.79,1.E-02));
#400 = DIRECTION('',(-1.003452031917E-13,1.022593808204E-13,-1.));
#401 = DIRECTION('',(0.,-1.,-1.022593808204E-13));
#402 = PLANE('',#403);
#403 = AXIS2_PLACEMENT_3D('',#404,#405,#406);
#404 = CARTESIAN_POINT('',(-10.,-10.,1.E-02));
#405 = DIRECTION('',(0.,0.,1.));
#406 = DIRECTION('',(1.,0.,0.));
#407 = ADVANCED_FACE('',(#408),#426,.T.);
#408 = FACE_BOUND('',#409,.T.);
#409 = EDGE_LOOP('',(#410,#411,#420,#425));
#410 = ORIENTED_EDGE('',*,*,#286,.F.);
#411 = ORIENTED_EDGE('',*,*,#412,.T.);
#412 = EDGE_CURVE('',#280,#413,#415,.T.);
#413 = VERTEX_POINT('',#414);
#414 = CARTESIAN_POINT('',(4.71,-4.71,5.));
#415 = CIRCLE('',#416,0.29);
#416 = AXIS2_PLACEMENT_3D('',#417,#418,#419);
#417 = CARTESIAN_POINT('',(4.71,-4.71,4.71));
#418 = DIRECTION('',(-1.,4.350527995587E-14,-3.967692469854E-14));
#419 = DIRECTION('',(-4.350527995587E-14,-1.,3.828355257328E-15));
#420 = ORIENTED_EDGE('',*,*,#421,.T.);
#421 = EDGE_CURVE('',#413,#122,#422,.T.);
#422 = B_SPLINE_CURVE_WITH_KNOTS('',1,(#423,#424),.UNSPECIFIED.,.F.,.F.,
  (2,2),(0.,471.),.PIECEWISE_BEZIER_KNOTS.);
#423 = CARTESIAN_POINT('',(4.71,-4.71,5.));
#424 = CARTESIAN_POINT('',(1.387778780781E-15,-4.71,5.));
#425 = ORIENTED_EDGE('',*,*,#119,.F.);
#426 = CYLINDRICAL_SURFACE('',#427,0.29);
#427 = AXIS2_PLACEMENT_3D('',#428,#429,#430);
#428 = CARTESIAN_POINT('',(9.460005312624E-15,-4.71,4.71));
#429 = DIRECTION('',(1.,-3.740615204623E-14,4.123450730355E-14));
#430 = DIRECTION('',(-4.123450730355E-14,0.,1.));
#431 = ADVANCED_FACE('',(#432,#470),#576,.T.);
#432 = FACE_BOUND('',#433,.T.);
#433 = EDGE_LOOP('',(#434,#435,#442,#449,#456,#463,#468,#469));
#434 = ORIENTED_EDGE('',*,*,#421,.F.);
#435 = ORIENTED_EDGE('',*,*,#436,.F.);
#436 = EDGE_CURVE('',#437,#413,#439,.T.);
#437 = VERTEX_POINT('',#438);
#438 = CARTESIAN_POINT('',(4.71,0.,5.));
#439 = B_SPLINE_CURVE_WITH_KNOTS('',1,(#440,#441),.UNSPECIFIED.,.F.,.F.,
  (2,2),(0.,471.),.PIECEWISE_BEZIER_KNOTS.);
#440 = CARTESIAN_POINT('',(4.71,0.,5.));
#441 = CARTESIAN_POINT('',(4.71,-4.71,5.));
#442 = ORIENTED_EDGE('',*,*,#443,.T.);
#443 = EDGE_CURVE('',#437,#444,#446,.T.);
#444 = VERTEX_POINT('',#445);
#445 = CARTESIAN_POINT('',(4.71,4.71,5.));
#446 = B_SPLINE_CURVE_WITH_KNOTS('',1,(#447,#448),.UNSPECIFIED.,.F.,.F.,
  (2,2),(0.,471.),.PIECEWISE_BEZIER_KNOTS.);
#447 = CARTESIAN_POINT('',(4.71,0.,5.));
#448 = CARTESIAN_POINT('',(4.71,4.71,5.));
#449 = ORIENTED_EDGE('',*,*,#450,.T.);
#450 = EDGE_CURVE('',#444,#451,#453,.T.);
#451 = VERTEX_POINT('',#452);
#452 = CARTESIAN_POINT('',(1.387778780781E-15,4.71,5.));
#453 = B_SPLINE_CURVE_WITH_KNOTS('',1,(#454,#455),.UNSPECIFIED.,.F.,.F.,
  (2,2),(0.,471.),.PIECEWISE_BEZIER_KNOTS.);
#454 = CARTESIAN_POINT('',(4.71,4.71,5.));
#455 = CARTESIAN_POINT('',(1.387778780781E-15,4.71,5.));
#456 = ORIENTED_EDGE('',*,*,#457,.F.);
#457 = EDGE_CURVE('',#458,#451,#460,.T.);
#458 = VERTEX_POINT('',#459);
#459 = CARTESIAN_POINT('',(-4.71,4.71,5.));
#460 = B_SPLINE_CURVE_WITH_KNOTS('',1,(#461,#462),.UNSPECIFIED.,.F.,.F.,
  (2,2),(0.,471.),.PIECEWISE_BEZIER_KNOTS.);
#461 = CARTESIAN_POINT('',(-4.71,4.71,5.));
#462 = CARTESIAN_POINT('',(1.387778780781E-15,4.71,5.));
#463 = ORIENTED_EDGE('',*,*,#464,.F.);
#464 = EDGE_CURVE('',#158,#458,#465,.T.);
#465 = B_SPLINE_CURVE_WITH_KNOTS('',1,(#466,#467),.UNSPECIFIED.,.F.,.F.,
  (2,2),(0.,471.),.PIECEWISE_BEZIER_KNOTS.);
#466 = CARTESIAN_POINT('',(-4.71,-1.886795047917E-30,5.));
#467 = CARTESIAN_POINT('',(-4.71,4.71,5.));
#468 = ORIENTED_EDGE('',*,*,#157,.T.);
#469 = ORIENTED_EDGE('',*,*,#130,.T.);
#470 = FACE_BOUND('',#471,.T.);
#471 = EDGE_LOOP('',(#472,#481,#493,#500,#507,#519,#526,#533,#545,#552,
    #559,#571));
#472 = ORIENTED_EDGE('',*,*,#473,.T.);
#473 = EDGE_CURVE('',#474,#476,#478,.T.);
#474 = VERTEX_POINT('',#475);
#475 = CARTESIAN_POINT('',(1.387778780781E-15,3.79,5.));
#476 = VERTEX_POINT('',#477);
#477 = CARTESIAN_POINT('',(3.21,3.79,5.));
#478 = B_SPLINE_CURVE_WITH_KNOTS('',1,(#479,#480),.UNSPECIFIED.,.F.,.F.,
  (2,2),(0.,321.),.PIECEWISE_BEZIER_KNOTS.);
#479 = CARTESIAN_POINT('',(1.387778780781E-15,3.79,5.));
#480 = CARTESIAN_POINT('',(3.21,3.79,5.));
#481 = ORIENTED_EDGE('',*,*,#482,.T.);
#482 = EDGE_CURVE('',#476,#483,#485,.T.);
#483 = VERTEX_POINT('',#484);
#484 = CARTESIAN_POINT('',(3.79,3.21,5.));
#485 = ( BOUNDED_CURVE() B_SPLINE_CURVE(3,(#486,#487,#488,#489,#490,#491
,#492),.UNSPECIFIED.,.F.,.F.) B_SPLINE_CURVE_WITH_KNOTS((4,1,1,1,4),(0.,
    21.863496405469,45.552805753504,69.242115101538,91.105611507007),
.UNSPECIFIED.) CURVE() GEOMETRIC_REPRESENTATION_ITEM() 
RATIONAL_B_SPLINE_CURVE((1.,1.,1.,1.,1.,1.,1.)) REPRESENTATION_ITEM('') 
  );
#486 = CARTESIAN_POINT('',(3.21,3.79,5.));
#487 = CARTESIAN_POINT('',(3.282874020927,3.79002637628,5.));
#488 = CARTESIAN_POINT('',(3.434705972607,3.761067864822,5.));
#489 = CARTESIAN_POINT('',(3.631715005679,3.631715005679,5.));
#490 = CARTESIAN_POINT('',(3.761067864822,3.434705972607,5.));
#491 = CARTESIAN_POINT('',(3.79002637628,3.282874020927,5.));
#492 = CARTESIAN_POINT('',(3.79,3.21,5.));
#493 = ORIENTED_EDGE('',*,*,#494,.T.);
#494 = EDGE_CURVE('',#483,#495,#497,.T.);
#495 = VERTEX_POINT('',#496);
#496 = CARTESIAN_POINT('',(3.79,0.,5.));
#497 = B_SPLINE_CURVE_WITH_KNOTS('',1,(#498,#499),.UNSPECIFIED.,.F.,.F.,
  (2,2),(0.,321.),.PIECEWISE_BEZIER_KNOTS.);
#498 = CARTESIAN_POINT('',(3.79,3.21,5.));
#499 = CARTESIAN_POINT('',(3.79,0.,5.));
#500 = ORIENTED_EDGE('',*,*,#501,.F.);
#501 = EDGE_CURVE('',#502,#495,#504,.T.);
#502 = VERTEX_POINT('',#503);
#503 = CARTESIAN_POINT('',(3.79,-3.21,5.));
#504 = B_SPLINE_CURVE_WITH_KNOTS('',1,(#505,#506),.UNSPECIFIED.,.F.,.F.,
  (2,2),(0.,321.),.PIECEWISE_BEZIER_KNOTS.);
#505 = CARTESIAN_POINT('',(3.79,-3.21,5.));
#506 = CARTESIAN_POINT('',(3.79,0.,5.));
#507 = ORIENTED_EDGE('',*,*,#508,.F.);
#508 = EDGE_CURVE('',#509,#502,#511,.T.);
#509 = VERTEX_POINT('',#510);
#510 = CARTESIAN_POINT('',(3.21,-3.79,5.));
#511 = ( BOUNDED_CURVE() B_SPLINE_CURVE(3,(#512,#513,#514,#515,#516,#517
,#518),.UNSPECIFIED.,.F.,.F.) B_SPLINE_CURVE_WITH_KNOTS((4,1,1,1,4),(0.,
    21.863496405469,45.552805753504,69.242115101538,91.105611507007),
.UNSPECIFIED.) CURVE() GEOMETRIC_REPRESENTATION_ITEM() 
RATIONAL_B_SPLINE_CURVE((1.,1.,1.,1.,1.,1.,1.)) REPRESENTATION_ITEM('') 
  );
#512 = CARTESIAN_POINT('',(3.21,-3.79,5.));
#513 = CARTESIAN_POINT('',(3.282874020927,-3.79002637628,5.));
#514 = CARTESIAN_POINT('',(3.434705972607,-3.761067864822,5.));
#515 = CARTESIAN_POINT('',(3.631715005679,-3.631715005679,5.));
#516 = CARTESIAN_POINT('',(3.761067864822,-3.434705972607,5.));
#517 = CARTESIAN_POINT('',(3.79002637628,-3.282874020927,5.));
#518 = CARTESIAN_POINT('',(3.79,-3.21,5.));
#519 = ORIENTED_EDGE('',*,*,#520,.F.);
#520 = EDGE_CURVE('',#521,#509,#523,.T.);
#521 = VERTEX_POINT('',#522);
#522 = CARTESIAN_POINT('',(1.387778780781E-15,-3.79,5.));
#523 = B_SPLINE_CURVE_WITH_KNOTS('',1,(#524,#525),.UNSPECIFIED.,.F.,.F.,
  (2,2),(0.,321.),.PIECEWISE_BEZIER_KNOTS.);
#524 = CARTESIAN_POINT('',(1.387778780781E-15,-3.79,5.));
#525 = CARTESIAN_POINT('',(3.21,-3.79,5.));
#526 = ORIENTED_EDGE('',*,*,#527,.T.);
#527 = EDGE_CURVE('',#521,#528,#530,.T.);
#528 = VERTEX_POINT('',#529);
#529 = CARTESIAN_POINT('',(-3.21,-3.79,5.));
#530 = B_SPLINE_CURVE_WITH_KNOTS('',1,(#531,#532),.UNSPECIFIED.,.F.,.F.,
  (2,2),(0.,321.),.PIECEWISE_BEZIER_KNOTS.);
#531 = CARTESIAN_POINT('',(1.387778780781E-15,-3.79,5.));
#532 = CARTESIAN_POINT('',(-3.21,-3.79,5.));
#533 = ORIENTED_EDGE('',*,*,#534,.T.);
#534 = EDGE_CURVE('',#528,#535,#537,.T.);
#535 = VERTEX_POINT('',#536);
#536 = CARTESIAN_POINT('',(-3.79,-3.21,5.));
#537 = ( BOUNDED_CURVE() B_SPLINE_CURVE(3,(#538,#539,#540,#541,#542,#543
,#544),.UNSPECIFIED.,.F.,.F.) B_SPLINE_CURVE_WITH_KNOTS((4,1,1,1,4),(0.,
    21.863496405469,45.552805753504,69.242115101538,91.105611507007),
.UNSPECIFIED.) CURVE() GEOMETRIC_REPRESENTATION_ITEM() 
RATIONAL_B_SPLINE_CURVE((1.,1.,1.,1.,1.,1.,1.)) REPRESENTATION_ITEM('') 
  );
#538 = CARTESIAN_POINT('',(-3.21,-3.79,5.));
#539 = CARTESIAN_POINT('',(-3.282874020927,-3.79002637628,5.));
#540 = CARTESIAN_POINT('',(-3.434705972607,-3.761067864822,5.));
#541 = CARTESIAN_POINT('',(-3.631715005679,-3.631715005679,5.));
#542 = CARTESIAN_POINT('',(-3.761067864822,-3.434705972607,5.));
#543 = CARTESIAN_POINT('',(-3.79002637628,-3.282874020927,5.));
#544 = CARTESIAN_POINT('',(-3.79,-3.21,5.));
#545 = ORIENTED_EDGE('',*,*,#546,.T.);
#546 = EDGE_CURVE('',#535,#547,#549,.T.);
#547 = VERTEX_POINT('',#548);
#548 = CARTESIAN_POINT('',(-3.79,-1.518249093759E-30,5.));
#549 = B_SPLINE_CURVE_WITH_KNOTS('',1,(#550,#551),.UNSPECIFIED.,.F.,.F.,
  (2,2),(0.,321.),.PIECEWISE_BEZIER_KNOTS.);
#550 = CARTESIAN_POINT('',(-3.79,-3.21,5.));
#551 = CARTESIAN_POINT('',(-3.79,-1.518249093759E-30,5.));
#552 = ORIENTED_EDGE('',*,*,#553,.F.);
#553 = EDGE_CURVE('',#554,#547,#556,.T.);
#554 = VERTEX_POINT('',#555);
#555 = CARTESIAN_POINT('',(-3.79,3.21,5.));
#556 = B_SPLINE_CURVE_WITH_KNOTS('',1,(#557,#558),.UNSPECIFIED.,.F.,.F.,
  (2,2),(0.,321.),.PIECEWISE_BEZIER_KNOTS.);
#557 = CARTESIAN_POINT('',(-3.79,3.21,5.));
#558 = CARTESIAN_POINT('',(-3.79,-1.518249093759E-30,5.));
#559 = ORIENTED_EDGE('',*,*,#560,.F.);
#560 = EDGE_CURVE('',#561,#554,#563,.T.);
#561 = VERTEX_POINT('',#562);
#562 = CARTESIAN_POINT('',(-3.21,3.79,5.));
#563 = ( BOUNDED_CURVE() B_SPLINE_CURVE(3,(#564,#565,#566,#567,#568,#569
,#570),.UNSPECIFIED.,.F.,.F.) B_SPLINE_CURVE_WITH_KNOTS((4,1,1,1,4),(0.,
    21.863496405469,45.552805753504,69.242115101538,91.105611507007),
.UNSPECIFIED.) CURVE() GEOMETRIC_REPRESENTATION_ITEM() 
RATIONAL_B_SPLINE_CURVE((1.,1.,1.,1.,1.,1.,1.)) REPRESENTATION_ITEM('') 
  );
#564 = CARTESIAN_POINT('',(-3.21,3.79,5.));
#565 = CARTESIAN_POINT('',(-3.282874020927,3.79002637628,5.));
#566 = CARTESIAN_POINT('',(-3.434705972607,3.761067864822,5.));
#567 = CARTESIAN_POINT('',(-3.631715005679,3.631715005679,5.));
#568 = CARTESIAN_POINT('',(-3.761067864822,3.434705972607,5.));
#569 = CARTESIAN_POINT('',(-3.79002637628,3.282874020927,5.));
#570 = CARTESIAN_POINT('',(-3.79,3.21,5.));
#571 = ORIENTED_EDGE('',*,*,#572,.F.);
#572 = EDGE_CURVE('',#474,#561,#573,.T.);
#573 = B_SPLINE_CURVE_WITH_KNOTS('',1,(#574,#575),.UNSPECIFIED.,.F.,.F.,
  (2,2),(0.,321.),.PIECEWISE_BEZIER_KNOTS.);
#574 = CARTESIAN_POINT('',(1.387778780781E-15,3.79,5.));
#575 = CARTESIAN_POINT('',(-3.21,3.79,5.));
#576 = PLANE('',#577);
#577 = AXIS2_PLACEMENT_3D('',#578,#579,#580);
#578 = CARTESIAN_POINT('',(5.,5.,5.));
#579 = DIRECTION('',(0.,0.,1.));
#580 = DIRECTION('',(1.,0.,0.));
#581 = ADVANCED_FACE('',(#582),#594,.T.);
#582 = FACE_BOUND('',#583,.T.);
#583 = EDGE_LOOP('',(#584,#585,#586,#593));
#584 = ORIENTED_EDGE('',*,*,#164,.T.);
#585 = ORIENTED_EDGE('',*,*,#464,.T.);
#586 = ORIENTED_EDGE('',*,*,#587,.F.);
#587 = EDGE_CURVE('',#182,#458,#588,.T.);
#588 = CIRCLE('',#589,0.29);
#589 = AXIS2_PLACEMENT_3D('',#590,#591,#592);
#590 = CARTESIAN_POINT('',(-4.71,4.71,4.71));
#591 = DIRECTION('',(0.,1.,-0.));
#592 = DIRECTION('',(-1.,0.,5.742532885992E-15));
#593 = ORIENTED_EDGE('',*,*,#256,.F.);
#594 = CYLINDRICAL_SURFACE('',#595,0.29);
#595 = AXIS2_PLACEMENT_3D('',#596,#597,#598);
#596 = CARTESIAN_POINT('',(-4.71,-7.176999099542E-16,4.71));
#597 = DIRECTION('',(5.606496470401E-16,1.,-5.606496470401E-16));
#598 = DIRECTION('',(0.,5.606496470401E-16,1.));
#599 = ADVANCED_FACE('',(#600),#626,.T.);
#600 = FACE_BOUND('',#601,.T.);
#601 = EDGE_LOOP('',(#602,#611,#612,#621));
#602 = ORIENTED_EDGE('',*,*,#603,.F.);
#603 = EDGE_CURVE('',#180,#604,#606,.T.);
#604 = VERTEX_POINT('',#605);
#605 = CARTESIAN_POINT('',(-4.71,5.,1.E-02));
#606 = CIRCLE('',#607,0.29);
#607 = AXIS2_PLACEMENT_3D('',#608,#609,#610);
#608 = CARTESIAN_POINT('',(-4.71,4.71,1.E-02));
#609 = DIRECTION('',(-1.545344185927E-13,1.487918857067E-13,-1.));
#610 = DIRECTION('',(-1.,0.,1.545344185927E-13));
#611 = ORIENTED_EDGE('',*,*,#179,.T.);
#612 = ORIENTED_EDGE('',*,*,#613,.F.);
#613 = EDGE_CURVE('',#614,#182,#616,.T.);
#614 = VERTEX_POINT('',#615);
#615 = CARTESIAN_POINT('',(-4.71,5.,4.71));
#616 = CIRCLE('',#617,0.29);
#617 = AXIS2_PLACEMENT_3D('',#618,#619,#620);
#618 = CARTESIAN_POINT('',(-4.71,4.71,4.71));
#619 = DIRECTION('',(1.247733069816E-13,-1.247733069816E-13,1.));
#620 = DIRECTION('',(-1.914177628664E-15,1.,1.247733069816E-13));
#621 = ORIENTED_EDGE('',*,*,#622,.F.);
#622 = EDGE_CURVE('',#604,#614,#623,.T.);
#623 = B_SPLINE_CURVE_WITH_KNOTS('',1,(#624,#625),.UNSPECIFIED.,.F.,.F.,
  (2,2),(0.,471.),.PIECEWISE_BEZIER_KNOTS.);
#624 = CARTESIAN_POINT('',(-4.71,5.,6.222800053024E-15));
#625 = CARTESIAN_POINT('',(-4.71,5.,4.71));
#626 = CYLINDRICAL_SURFACE('',#627,0.29);
#627 = AXIS2_PLACEMENT_3D('',#628,#629,#630);
#628 = CARTESIAN_POINT('',(-4.71,4.71,-4.203942383031E-14));
#629 = DIRECTION('',(-1.545344185927E-13,1.487918857067E-13,-1.));
#630 = DIRECTION('',(-1.,0.,1.545344185927E-13));
#631 = ADVANCED_FACE('',(#632),#650,.T.);
#632 = FACE_BOUND('',#633,.T.);
#633 = EDGE_LOOP('',(#634,#641,#642,#643));
#634 = ORIENTED_EDGE('',*,*,#635,.T.);
#635 = EDGE_CURVE('',#636,#389,#638,.T.);
#636 = VERTEX_POINT('',#637);
#637 = CARTESIAN_POINT('',(-4.71,-3.5,3.21));
#638 = B_SPLINE_CURVE_WITH_KNOTS('',1,(#639,#640),.UNSPECIFIED.,.F.,.F.,
  (2,2),(0.,321.),.PIECEWISE_BEZIER_KNOTS.);
#639 = CARTESIAN_POINT('',(-4.71,-3.5,3.21));
#640 = CARTESIAN_POINT('',(-4.71,-3.5,8.881784197001E-17));
#641 = ORIENTED_EDGE('',*,*,#396,.F.);
#642 = ORIENTED_EDGE('',*,*,#241,.F.);
#643 = ORIENTED_EDGE('',*,*,#644,.F.);
#644 = EDGE_CURVE('',#636,#230,#645,.T.);
#645 = CIRCLE('',#646,0.29);
#646 = AXIS2_PLACEMENT_3D('',#647,#648,#649);
#647 = CARTESIAN_POINT('',(-4.71,-3.79,3.21));
#648 = DIRECTION('',(8.780343824633E-14,-8.780343824633E-14,1.));
#649 = DIRECTION('',(1.914177628664E-15,1.,8.780343824633E-14));
#650 = CYLINDRICAL_SURFACE('',#651,0.29);
#651 = AXIS2_PLACEMENT_3D('',#652,#653,#654);
#652 = CARTESIAN_POINT('',(-4.71,-3.79,-2.715721863251E-14));
#653 = DIRECTION('',(-1.003452031917E-13,1.022593808204E-13,-1.));
#654 = DIRECTION('',(0.,-1.,-1.022593808204E-13));
#655 = ADVANCED_FACE('',(#656),#679,.T.);
#656 = FACE_BOUND('',#657,.T.);
#657 = EDGE_LOOP('',(#658,#670,#671,#672));
#658 = ORIENTED_EDGE('',*,*,#659,.T.);
#659 = EDGE_CURVE('',#660,#636,#662,.T.);
#660 = VERTEX_POINT('',#661);
#661 = CARTESIAN_POINT('',(-4.71,-3.21,3.5));
#662 = ( BOUNDED_CURVE() B_SPLINE_CURVE(3,(#663,#664,#665,#666,#667,#668
,#669),.UNSPECIFIED.,.F.,.F.) B_SPLINE_CURVE_WITH_KNOTS((4,1,1,1,4),(0.,
    21.863496405469,45.552805753503,69.242115101538,91.105611507007),
.UNSPECIFIED.) CURVE() GEOMETRIC_REPRESENTATION_ITEM() 
RATIONAL_B_SPLINE_CURVE((1.,1.,1.,1.,1.,1.,1.)) REPRESENTATION_ITEM('') 
  );
#663 = CARTESIAN_POINT('',(-4.71,-3.21,3.5));
#664 = CARTESIAN_POINT('',(-4.71,-3.246437010464,3.50001318814));
#665 = CARTESIAN_POINT('',(-4.71,-3.322352986303,3.485533932411));
#666 = CARTESIAN_POINT('',(-4.71,-3.420857502839,3.420857502839));
#667 = CARTESIAN_POINT('',(-4.71,-3.485533932411,3.322352986303));
#668 = CARTESIAN_POINT('',(-4.71,-3.50001318814,3.246437010464));
#669 = CARTESIAN_POINT('',(-4.71,-3.5,3.21));
#670 = ORIENTED_EDGE('',*,*,#644,.T.);
#671 = ORIENTED_EDGE('',*,*,#229,.F.);
#672 = ORIENTED_EDGE('',*,*,#673,.T.);
#673 = EDGE_CURVE('',#223,#660,#674,.T.);
#674 = CIRCLE('',#675,0.29);
#675 = AXIS2_PLACEMENT_3D('',#676,#677,#678);
#676 = CARTESIAN_POINT('',(-4.71,-3.21,3.79));
#677 = DIRECTION('',(-7.560518242703E-15,-1.,-2.478811690068E-14));
#678 = DIRECTION('',(-1.,7.560518242703E-15,9.57088814332E-15));
#679 = ( BOUNDED_SURFACE() B_SPLINE_SURFACE(3,2,(
    (#680,#681,#682)
    ,(#683,#684,#685)
    ,(#686,#687,#688)
    ,(#689,#690,#691)
    ,(#692,#693,#694)
    ,(#695,#696,#697)
    ,(#698,#699,#700
)),.UNSPECIFIED.,.F.,.F.,.F.) B_SPLINE_SURFACE_WITH_KNOTS((4,1,1,1,4),(3
    ,3),(0.,21.863496405469,45.552805753503,69.242115101538,
    91.105611507007),(0.,45.553093477052),.UNSPECIFIED.) 
GEOMETRIC_REPRESENTATION_ITEM() RATIONAL_B_SPLINE_SURFACE((
    (1.,0.707106781187,1.)
    ,(1.,0.707106781187,1.)
    ,(1.,0.707106781187,1.)
    ,(1.,0.707106781187,1.)
    ,(1.,0.707106781187,1.)
    ,(1.,0.707106781187,1.)
,(1.,0.707106781187,1.))) REPRESENTATION_ITEM('') SURFACE() );
#680 = CARTESIAN_POINT('',(-4.71,-3.21,3.5));
#681 = CARTESIAN_POINT('',(-5.,-3.21,3.5));
#682 = CARTESIAN_POINT('',(-5.,-3.21,3.79));
#683 = CARTESIAN_POINT('',(-4.71,-3.246437010464,3.50001318814));
#684 = CARTESIAN_POINT('',(-5.,-3.246437010464,3.50001318814));
#685 = CARTESIAN_POINT('',(-5.,-3.282874020927,3.79002637628));
#686 = CARTESIAN_POINT('',(-4.71,-3.322352986303,3.485533932411));
#687 = CARTESIAN_POINT('',(-5.,-3.322352986303,3.485533932411));
#688 = CARTESIAN_POINT('',(-5.,-3.434705972607,3.761067864822));
#689 = CARTESIAN_POINT('',(-4.71,-3.420857502839,3.420857502839));
#690 = CARTESIAN_POINT('',(-5.,-3.420857502839,3.420857502839));
#691 = CARTESIAN_POINT('',(-5.,-3.631715005679,3.631715005679));
#692 = CARTESIAN_POINT('',(-4.71,-3.485533932411,3.322352986303));
#693 = CARTESIAN_POINT('',(-5.,-3.485533932411,3.322352986303));
#694 = CARTESIAN_POINT('',(-5.,-3.761067864822,3.434705972607));
#695 = CARTESIAN_POINT('',(-4.71,-3.50001318814,3.246437010464));
#696 = CARTESIAN_POINT('',(-5.,-3.50001318814,3.246437010464));
#697 = CARTESIAN_POINT('',(-5.,-3.79002637628,3.282874020927));
#698 = CARTESIAN_POINT('',(-4.71,-3.5,3.21));
#699 = CARTESIAN_POINT('',(-5.,-3.5,3.21));
#700 = CARTESIAN_POINT('',(-5.,-3.79,3.21));
#701 = ADVANCED_FACE('',(#702),#720,.T.);
#702 = FACE_BOUND('',#703,.T.);
#703 = EDGE_LOOP('',(#704,#713,#718,#719));
#704 = ORIENTED_EDGE('',*,*,#705,.T.);
#705 = EDGE_CURVE('',#216,#706,#708,.T.);
#706 = VERTEX_POINT('',#707);
#707 = CARTESIAN_POINT('',(-4.71,-1.886795047917E-30,3.5));
#708 = CIRCLE('',#709,0.29);
#709 = AXIS2_PLACEMENT_3D('',#710,#711,#712);
#710 = CARTESIAN_POINT('',(-4.71,-5.084587418202E-14,3.79));
#711 = DIRECTION('',(-1.753306006276E-13,-1.,-1.753306006276E-13));
#712 = DIRECTION('',(-1.,1.753306006276E-13,-3.828355257328E-15));
#713 = ORIENTED_EDGE('',*,*,#714,.T.);
#714 = EDGE_CURVE('',#706,#660,#715,.T.);
#715 = B_SPLINE_CURVE_WITH_KNOTS('',1,(#716,#717),.UNSPECIFIED.,.F.,.F.,
  (2,2),(0.,321.),.PIECEWISE_BEZIER_KNOTS.);
#716 = CARTESIAN_POINT('',(-4.71,-1.886795047917E-30,3.5));
#717 = CARTESIAN_POINT('',(-4.71,-3.21,3.5));
#718 = ORIENTED_EDGE('',*,*,#673,.F.);
#719 = ORIENTED_EDGE('',*,*,#222,.F.);
#720 = CYLINDRICAL_SURFACE('',#721,0.29);
#721 = AXIS2_PLACEMENT_3D('',#722,#723,#724);
#722 = CARTESIAN_POINT('',(-4.71,4.807591106859E-14,3.79));
#723 = DIRECTION('',(1.763069806424E-13,-1.,1.715215365708E-13));
#724 = DIRECTION('',(-1.,-1.763069806424E-13,0.));
#725 = ADVANCED_FACE('',(#726),#744,.T.);
#726 = FACE_BOUND('',#727,.T.);
#727 = EDGE_LOOP('',(#728,#729,#738,#743));
#728 = ORIENTED_EDGE('',*,*,#215,.T.);
#729 = ORIENTED_EDGE('',*,*,#730,.T.);
#730 = EDGE_CURVE('',#204,#731,#733,.T.);
#731 = VERTEX_POINT('',#732);
#732 = CARTESIAN_POINT('',(-4.71,3.21,3.5));
#733 = CIRCLE('',#734,0.29);
#734 = AXIS2_PLACEMENT_3D('',#735,#736,#737);
#735 = CARTESIAN_POINT('',(-4.71,3.21,3.79));
#736 = DIRECTION('',(7.560518242703E-15,-1.,2.478811690068E-14));
#737 = DIRECTION('',(-1.,-7.560518242703E-15,9.57088814332E-15));
#738 = ORIENTED_EDGE('',*,*,#739,.F.);
#739 = EDGE_CURVE('',#706,#731,#740,.T.);
#740 = B_SPLINE_CURVE_WITH_KNOTS('',1,(#741,#742),.UNSPECIFIED.,.F.,.F.,
  (2,2),(0.,321.),.PIECEWISE_BEZIER_KNOTS.);
#741 = CARTESIAN_POINT('',(-4.71,-1.886795047917E-30,3.5));
#742 = CARTESIAN_POINT('',(-4.71,3.21,3.5));
#743 = ORIENTED_EDGE('',*,*,#705,.F.);
#744 = CYLINDRICAL_SURFACE('',#745,0.29);
#745 = AXIS2_PLACEMENT_3D('',#746,#747,#748);
#746 = CARTESIAN_POINT('',(-4.71,-4.807591106859E-14,3.79));
#747 = DIRECTION('',(-1.763069806424E-13,-1.,-1.715215365708E-13));
#748 = DIRECTION('',(-1.,1.763069806424E-13,0.));
#749 = ADVANCED_FACE('',(#750),#773,.T.);
#750 = FACE_BOUND('',#751,.T.);
#751 = EDGE_LOOP('',(#752,#753,#754,#763));
#752 = ORIENTED_EDGE('',*,*,#730,.F.);
#753 = ORIENTED_EDGE('',*,*,#203,.T.);
#754 = ORIENTED_EDGE('',*,*,#755,.F.);
#755 = EDGE_CURVE('',#756,#197,#758,.T.);
#756 = VERTEX_POINT('',#757);
#757 = CARTESIAN_POINT('',(-4.71,3.5,3.21));
#758 = CIRCLE('',#759,0.29);
#759 = AXIS2_PLACEMENT_3D('',#760,#761,#762);
#760 = CARTESIAN_POINT('',(-4.71,3.79,3.21));
#761 = DIRECTION('',(-8.780343824633E-14,-8.780343824633E-14,-1.));
#762 = DIRECTION('',(1.914177628664E-15,-1.,8.780343824633E-14));
#763 = ORIENTED_EDGE('',*,*,#764,.F.);
#764 = EDGE_CURVE('',#731,#756,#765,.T.);
#765 = ( BOUNDED_CURVE() B_SPLINE_CURVE(3,(#766,#767,#768,#769,#770,#771
,#772),.UNSPECIFIED.,.F.,.F.) B_SPLINE_CURVE_WITH_KNOTS((4,1,1,1,4),(0.,
    21.863496405469,45.552805753503,69.242115101538,91.105611507007),
.UNSPECIFIED.) CURVE() GEOMETRIC_REPRESENTATION_ITEM() 
RATIONAL_B_SPLINE_CURVE((1.,1.,1.,1.,1.,1.,1.)) REPRESENTATION_ITEM('') 
  );
#766 = CARTESIAN_POINT('',(-4.71,3.21,3.5));
#767 = CARTESIAN_POINT('',(-4.71,3.246437010464,3.50001318814));
#768 = CARTESIAN_POINT('',(-4.71,3.322352986303,3.485533932411));
#769 = CARTESIAN_POINT('',(-4.71,3.420857502839,3.420857502839));
#770 = CARTESIAN_POINT('',(-4.71,3.485533932411,3.322352986303));
#771 = CARTESIAN_POINT('',(-4.71,3.50001318814,3.246437010464));
#772 = CARTESIAN_POINT('',(-4.71,3.5,3.21));
#773 = ( BOUNDED_SURFACE() B_SPLINE_SURFACE(2,3,(
    (#774,#775,#776,#777,#778,#779,#780)
    ,(#781,#782,#783,#784,#785,#786,#787)
    ,(#788,#789,#790,#791,#792,#793,#794
)),.UNSPECIFIED.,.F.,.F.,.F.) B_SPLINE_SURFACE_WITH_KNOTS((3,3),(4,1,1,1
    ,4),(0.,45.553093477052),(0.,21.863496405469,45.552805753503,
    69.242115101538,91.105611507007),.UNSPECIFIED.) 
GEOMETRIC_REPRESENTATION_ITEM() RATIONAL_B_SPLINE_SURFACE((
    (1.,1.,1.,1.,1.,1.,1.)
    ,(0.707106781187,0.707106781187,0.707106781187,0.707106781187
      ,0.707106781187,0.707106781187,0.707106781187)
,(1.,1.,1.,1.,1.,1.,1.))) REPRESENTATION_ITEM('') SURFACE() );
#774 = CARTESIAN_POINT('',(-4.71,3.21,3.5));
#775 = CARTESIAN_POINT('',(-4.71,3.246437010464,3.50001318814));
#776 = CARTESIAN_POINT('',(-4.71,3.322352986303,3.485533932411));
#777 = CARTESIAN_POINT('',(-4.71,3.420857502839,3.420857502839));
#778 = CARTESIAN_POINT('',(-4.71,3.485533932411,3.322352986303));
#779 = CARTESIAN_POINT('',(-4.71,3.50001318814,3.246437010464));
#780 = CARTESIAN_POINT('',(-4.71,3.5,3.21));
#781 = CARTESIAN_POINT('',(-5.,3.21,3.5));
#782 = CARTESIAN_POINT('',(-5.,3.246437010464,3.50001318814));
#783 = CARTESIAN_POINT('',(-5.,3.322352986303,3.485533932411));
#784 = CARTESIAN_POINT('',(-5.,3.420857502839,3.420857502839));
#785 = CARTESIAN_POINT('',(-5.,3.485533932411,3.322352986303));
#786 = CARTESIAN_POINT('',(-5.,3.50001318814,3.246437010464));
#787 = CARTESIAN_POINT('',(-5.,3.5,3.21));
#788 = CARTESIAN_POINT('',(-5.,3.21,3.79));
#789 = CARTESIAN_POINT('',(-5.,3.282874020927,3.79002637628));
#790 = CARTESIAN_POINT('',(-5.,3.434705972607,3.761067864822));
#791 = CARTESIAN_POINT('',(-5.,3.631715005679,3.631715005679));
#792 = CARTESIAN_POINT('',(-5.,3.761067864822,3.434705972607));
#793 = CARTESIAN_POINT('',(-5.,3.79002637628,3.282874020927));
#794 = CARTESIAN_POINT('',(-5.,3.79,3.21));
#795 = ADVANCED_FACE('',(#796),#814,.T.);
#796 = FACE_BOUND('',#797,.T.);
#797 = EDGE_LOOP('',(#798,#805,#806,#807));
#798 = ORIENTED_EDGE('',*,*,#799,.F.);
#799 = EDGE_CURVE('',#756,#800,#802,.T.);
#800 = VERTEX_POINT('',#801);
#801 = CARTESIAN_POINT('',(-4.71,3.5,1.E-02));
#802 = B_SPLINE_CURVE_WITH_KNOTS('',1,(#803,#804),.UNSPECIFIED.,.F.,.F.,
  (2,2),(0.,321.),.PIECEWISE_BEZIER_KNOTS.);
#803 = CARTESIAN_POINT('',(-4.71,3.5,3.21));
#804 = CARTESIAN_POINT('',(-4.71,3.5,5.140332604014E-15));
#805 = ORIENTED_EDGE('',*,*,#755,.T.);
#806 = ORIENTED_EDGE('',*,*,#196,.T.);
#807 = ORIENTED_EDGE('',*,*,#808,.T.);
#808 = EDGE_CURVE('',#189,#800,#809,.T.);
#809 = CIRCLE('',#810,0.29);
#810 = AXIS2_PLACEMENT_3D('',#811,#812,#813);
#811 = CARTESIAN_POINT('',(-4.71,3.79,1.E-02));
#812 = DIRECTION('',(1.003452031917E-13,1.022593808204E-13,1.));
#813 = DIRECTION('',(0.,1.,-1.022593808204E-13));
#814 = CYLINDRICAL_SURFACE('',#815,0.29);
#815 = AXIS2_PLACEMENT_3D('',#816,#817,#818);
#816 = CARTESIAN_POINT('',(-4.71,3.79,-2.715721863251E-14));
#817 = DIRECTION('',(1.003452031917E-13,1.022593808204E-13,1.));
#818 = DIRECTION('',(0.,1.,-1.022593808204E-13));
#819 = ADVANCED_FACE('',(#820),#865,.F.);
#820 = FACE_BOUND('',#821,.F.);
#821 = EDGE_LOOP('',(#822,#823,#824,#825,#833,#842,#850,#859));
#822 = ORIENTED_EDGE('',*,*,#603,.F.);
#823 = ORIENTED_EDGE('',*,*,#188,.F.);
#824 = ORIENTED_EDGE('',*,*,#808,.T.);
#825 = ORIENTED_EDGE('',*,*,#826,.F.);
#826 = EDGE_CURVE('',#827,#800,#829,.T.);
#827 = VERTEX_POINT('',#828);
#828 = CARTESIAN_POINT('',(-3.79,3.5,1.E-02));
#829 = LINE('',#830,#831);
#830 = CARTESIAN_POINT('',(-6.849,3.5,1.E-02));
#831 = VECTOR('',#832,1.);
#832 = DIRECTION('',(-1.,0.,0.));
#833 = ORIENTED_EDGE('',*,*,#834,.T.);
#834 = EDGE_CURVE('',#827,#835,#837,.T.);
#835 = VERTEX_POINT('',#836);
#836 = CARTESIAN_POINT('',(-3.5,3.79,1.E-02));
#837 = CIRCLE('',#838,0.29);
#838 = AXIS2_PLACEMENT_3D('',#839,#840,#841);
#839 = CARTESIAN_POINT('',(-3.79,3.79,1.E-02));
#840 = DIRECTION('',(-1.320685885674E-14,1.224977004241E-14,1.));
#841 = DIRECTION('',(1.,0.,1.320685885674E-14));
#842 = ORIENTED_EDGE('',*,*,#843,.F.);
#843 = EDGE_CURVE('',#844,#835,#846,.T.);
#844 = VERTEX_POINT('',#845);
#845 = CARTESIAN_POINT('',(-3.5,4.71,1.E-02));
#846 = LINE('',#847,#848);
#847 = CARTESIAN_POINT('',(-3.5,-3.151,1.E-02));
#848 = VECTOR('',#849,1.);
#849 = DIRECTION('',(0.,-1.,0.));
#850 = ORIENTED_EDGE('',*,*,#851,.F.);
#851 = EDGE_CURVE('',#852,#844,#854,.T.);
#852 = VERTEX_POINT('',#853);
#853 = CARTESIAN_POINT('',(-3.79,5.,9.999999999999E-03));
#854 = CIRCLE('',#855,0.29);
#855 = AXIS2_PLACEMENT_3D('',#856,#857,#858);
#856 = CARTESIAN_POINT('',(-3.79,4.71,1.E-02));
#857 = DIRECTION('',(1.517738461372E-15,-3.964391672919E-16,-1.));
#858 = DIRECTION('',(-1.,0.,-1.517738461372E-15));
#859 = ORIENTED_EDGE('',*,*,#860,.F.);
#860 = EDGE_CURVE('',#604,#852,#861,.T.);
#861 = LINE('',#862,#863);
#862 = CARTESIAN_POINT('',(-7.5,5.,1.E-02));
#863 = VECTOR('',#864,1.);
#864 = DIRECTION('',(1.,0.,0.));
#865 = PLANE('',#866);
#866 = AXIS2_PLACEMENT_3D('',#867,#868,#869);
#867 = CARTESIAN_POINT('',(-10.,-10.,1.E-02));
#868 = DIRECTION('',(0.,0.,1.));
#869 = DIRECTION('',(1.,0.,0.));
#870 = ADVANCED_FACE('',(#871),#932,.F.);
#871 = FACE_BOUND('',#872,.F.);
#872 = EDGE_LOOP('',(#873,#882,#890,#899,#907,#916,#924,#931));
#873 = ORIENTED_EDGE('',*,*,#874,.F.);
#874 = EDGE_CURVE('',#875,#270,#877,.T.);
#875 = VERTEX_POINT('',#876);
#876 = CARTESIAN_POINT('',(5.,-4.71,1.E-02));
#877 = CIRCLE('',#878,0.29);
#878 = AXIS2_PLACEMENT_3D('',#879,#880,#881);
#879 = CARTESIAN_POINT('',(4.71,-4.71,1.E-02));
#880 = DIRECTION('',(1.546306108646E-13,-1.488880779786E-13,-1.));
#881 = DIRECTION('',(-1.,0.,-1.546306108646E-13));
#882 = ORIENTED_EDGE('',*,*,#883,.F.);
#883 = EDGE_CURVE('',#884,#875,#886,.T.);
#884 = VERTEX_POINT('',#885);
#885 = CARTESIAN_POINT('',(5.,-3.79,1.E-02));
#886 = LINE('',#887,#888);
#887 = CARTESIAN_POINT('',(5.,-2.5,1.E-02));
#888 = VECTOR('',#889,1.);
#889 = DIRECTION('',(0.,-1.,0.));
#890 = ORIENTED_EDGE('',*,*,#891,.T.);
#891 = EDGE_CURVE('',#884,#892,#894,.T.);
#892 = VERTEX_POINT('',#893);
#893 = CARTESIAN_POINT('',(4.71,-3.5,1.E-02));
#894 = CIRCLE('',#895,0.29);
#895 = AXIS2_PLACEMENT_3D('',#896,#897,#898);
#896 = CARTESIAN_POINT('',(4.71,-3.79,1.E-02));
#897 = DIRECTION('',(-1.007217202872E-13,-1.026358979159E-13,1.));
#898 = DIRECTION('',(0.,1.,1.026358979159E-13));
#899 = ORIENTED_EDGE('',*,*,#900,.F.);
#900 = EDGE_CURVE('',#901,#892,#903,.T.);
#901 = VERTEX_POINT('',#902);
#902 = CARTESIAN_POINT('',(3.79,-3.5,1.E-02));
#903 = LINE('',#904,#905);
#904 = CARTESIAN_POINT('',(-3.151,-3.5,1.E-02));
#905 = VECTOR('',#906,1.);
#906 = DIRECTION('',(1.,0.,0.));
#907 = ORIENTED_EDGE('',*,*,#908,.T.);
#908 = EDGE_CURVE('',#901,#909,#911,.T.);
#909 = VERTEX_POINT('',#910);
#910 = CARTESIAN_POINT('',(3.5,-3.79,1.E-02));
#911 = CIRCLE('',#912,0.29);
#912 = AXIS2_PLACEMENT_3D('',#913,#914,#915);
#913 = CARTESIAN_POINT('',(3.79,-3.79,1.E-02));
#914 = DIRECTION('',(1.601010709194E-14,-1.218175183462E-14,1.));
#915 = DIRECTION('',(1.,0.,-1.601010709194E-14));
#916 = ORIENTED_EDGE('',*,*,#917,.F.);
#917 = EDGE_CURVE('',#918,#909,#920,.T.);
#918 = VERTEX_POINT('',#919);
#919 = CARTESIAN_POINT('',(3.5,-4.71,1.E-02));
#920 = LINE('',#921,#922);
#921 = CARTESIAN_POINT('',(3.5,-6.849,1.E-02));
#922 = VECTOR('',#923,1.);
#923 = DIRECTION('',(0.,1.,0.));
#924 = ORIENTED_EDGE('',*,*,#925,.F.);
#925 = EDGE_CURVE('',#272,#918,#926,.T.);
#926 = CIRCLE('',#927,0.29);
#927 = AXIS2_PLACEMENT_3D('',#928,#929,#930);
#928 = CARTESIAN_POINT('',(3.79,-4.71,1.E-02));
#929 = DIRECTION('',(-3.363897882241E-15,4.644573750874E-16,-1.));
#930 = DIRECTION('',(-1.,0.,3.363897882241E-15));
#931 = ORIENTED_EDGE('',*,*,#269,.F.);
#932 = PLANE('',#933);
#933 = AXIS2_PLACEMENT_3D('',#934,#935,#936);
#934 = CARTESIAN_POINT('',(-10.,-10.,1.E-02));
#935 = DIRECTION('',(0.,0.,1.));
#936 = DIRECTION('',(1.,0.,0.));
#937 = ADVANCED_FACE('',(#938),#956,.T.);
#938 = FACE_BOUND('',#939,.T.);
#939 = EDGE_LOOP('',(#940,#947,#948,#949));
#940 = ORIENTED_EDGE('',*,*,#941,.T.);
#941 = EDGE_CURVE('',#942,#918,#944,.T.);
#942 = VERTEX_POINT('',#943);
#943 = CARTESIAN_POINT('',(3.5,-4.71,3.21));
#944 = B_SPLINE_CURVE_WITH_KNOTS('',1,(#945,#946),.UNSPECIFIED.,.F.,.F.,
  (2,2),(0.,321.),.PIECEWISE_BEZIER_KNOTS.);
#945 = CARTESIAN_POINT('',(3.5,-4.71,3.21));
#946 = CARTESIAN_POINT('',(3.5,-4.71,-3.39894778989E-15));
#947 = ORIENTED_EDGE('',*,*,#925,.F.);
#948 = ORIENTED_EDGE('',*,*,#346,.F.);
#949 = ORIENTED_EDGE('',*,*,#950,.F.);
#950 = EDGE_CURVE('',#942,#335,#951,.T.);
#951 = CIRCLE('',#952,0.29);
#952 = AXIS2_PLACEMENT_3D('',#953,#954,#955);
#953 = CARTESIAN_POINT('',(3.79,-4.71,3.21));
#954 = DIRECTION('',(-7.928783345838E-16,-8.44958884924E-15,1.));
#955 = DIRECTION('',(-1.,-3.828355257328E-15,-7.928783345839E-16));
#956 = CYLINDRICAL_SURFACE('',#957,0.29);
#957 = AXIS2_PLACEMENT_3D('',#958,#959,#960);
#958 = CARTESIAN_POINT('',(3.79,-4.71,-3.1959764351E-15));
#959 = DIRECTION('',(-3.363897882241E-15,4.644573750874E-16,-1.));
#960 = DIRECTION('',(-1.,0.,3.363897882241E-15));
#961 = ADVANCED_FACE('',(#962),#985,.T.);
#962 = FACE_BOUND('',#963,.T.);
#963 = EDGE_LOOP('',(#964,#976,#977,#978));
#964 = ORIENTED_EDGE('',*,*,#965,.T.);
#965 = EDGE_CURVE('',#966,#942,#968,.T.);
#966 = VERTEX_POINT('',#967);
#967 = CARTESIAN_POINT('',(3.21,-4.71,3.5));
#968 = ( BOUNDED_CURVE() B_SPLINE_CURVE(3,(#969,#970,#971,#972,#973,#974
,#975),.UNSPECIFIED.,.F.,.F.) B_SPLINE_CURVE_WITH_KNOTS((4,1,1,1,4),(0.,
    21.863496405469,45.552805753504,69.242115101538,91.105611507008),
.UNSPECIFIED.) CURVE() GEOMETRIC_REPRESENTATION_ITEM() 
RATIONAL_B_SPLINE_CURVE((1.,1.,1.,1.,1.,1.,1.)) REPRESENTATION_ITEM('') 
  );
#969 = CARTESIAN_POINT('',(3.21,-4.71,3.5));
#970 = CARTESIAN_POINT('',(3.246437010464,-4.71,3.50001318814));
#971 = CARTESIAN_POINT('',(3.322352986303,-4.71,3.485533932411));
#972 = CARTESIAN_POINT('',(3.420857502839,-4.71,3.420857502839));
#973 = CARTESIAN_POINT('',(3.485533932411,-4.71,3.322352986303));
#974 = CARTESIAN_POINT('',(3.50001318814,-4.71,3.246437010464));
#975 = CARTESIAN_POINT('',(3.5,-4.71,3.21));
#976 = ORIENTED_EDGE('',*,*,#950,.T.);
#977 = ORIENTED_EDGE('',*,*,#334,.F.);
#978 = ORIENTED_EDGE('',*,*,#979,.T.);
#979 = EDGE_CURVE('',#328,#966,#980,.T.);
#980 = CIRCLE('',#981,0.29);
#981 = AXIS2_PLACEMENT_3D('',#982,#983,#984);
#982 = CARTESIAN_POINT('',(3.21,-4.71,3.79));
#983 = DIRECTION('',(1.,5.181883238952E-15,-5.606496470401E-16));
#984 = DIRECTION('',(5.181883238952E-15,-1.,7.656710514656E-15));
#985 = ( BOUNDED_SURFACE() B_SPLINE_SURFACE(3,2,(
    (#986,#987,#988)
    ,(#989,#990,#991)
    ,(#992,#993,#994)
    ,(#995,#996,#997)
    ,(#998,#999,#1000)
    ,(#1001,#1002,#1003)
    ,(#1004,#1005,#1006
)),.UNSPECIFIED.,.F.,.F.,.F.) B_SPLINE_SURFACE_WITH_KNOTS((4,1,1,1,4),(3
    ,3),(0.,21.863496405469,45.552805753504,69.242115101538,
    91.105611507008),(0.,45.553093477052),.UNSPECIFIED.) 
GEOMETRIC_REPRESENTATION_ITEM() RATIONAL_B_SPLINE_SURFACE((
    (1.,0.707106781187,1.)
    ,(1.,0.707106781187,1.)
    ,(1.,0.707106781187,1.)
    ,(1.,0.707106781187,1.)
    ,(1.,0.707106781187,1.)
    ,(1.,0.707106781187,1.)
,(1.,0.707106781187,1.))) REPRESENTATION_ITEM('') SURFACE() );
#986 = CARTESIAN_POINT('',(3.21,-4.71,3.5));
#987 = CARTESIAN_POINT('',(3.21,-5.,3.5));
#988 = CARTESIAN_POINT('',(3.21,-5.,3.79));
#989 = CARTESIAN_POINT('',(3.246437010464,-4.71,3.50001318814));
#990 = CARTESIAN_POINT('',(3.246437010464,-5.,3.50001318814));
#991 = CARTESIAN_POINT('',(3.282874020927,-5.,3.79002637628));
#992 = CARTESIAN_POINT('',(3.322352986303,-4.71,3.485533932411));
#993 = CARTESIAN_POINT('',(3.322352986303,-5.,3.485533932411));
#994 = CARTESIAN_POINT('',(3.434705972607,-5.,3.761067864822));
#995 = CARTESIAN_POINT('',(3.420857502839,-4.71,3.420857502839));
#996 = CARTESIAN_POINT('',(3.420857502839,-5.,3.420857502839));
#997 = CARTESIAN_POINT('',(3.631715005679,-5.,3.631715005679));
#998 = CARTESIAN_POINT('',(3.485533932411,-4.71,3.322352986303));
#999 = CARTESIAN_POINT('',(3.485533932411,-5.,3.322352986303));
#1000 = CARTESIAN_POINT('',(3.761067864822,-5.,3.434705972607));
#1001 = CARTESIAN_POINT('',(3.50001318814,-4.71,3.246437010464));
#1002 = CARTESIAN_POINT('',(3.50001318814,-5.,3.246437010464));
#1003 = CARTESIAN_POINT('',(3.79002637628,-5.,3.282874020927));
#1004 = CARTESIAN_POINT('',(3.5,-4.71,3.21));
#1005 = CARTESIAN_POINT('',(3.5,-5.,3.21));
#1006 = CARTESIAN_POINT('',(3.79,-5.,3.21));
#1007 = ADVANCED_FACE('',(#1008),#1026,.T.);
#1008 = FACE_BOUND('',#1009,.T.);
#1009 = EDGE_LOOP('',(#1010,#1019,#1024,#1025));
#1010 = ORIENTED_EDGE('',*,*,#1011,.T.);
#1011 = EDGE_CURVE('',#321,#1012,#1014,.T.);
#1012 = VERTEX_POINT('',#1013);
#1013 = CARTESIAN_POINT('',(9.71445146547E-16,-4.71,3.5));
#1014 = CIRCLE('',#1015,0.29);
#1015 = AXIS2_PLACEMENT_3D('',#1016,#1017,#1018);
#1016 = CARTESIAN_POINT('',(7.380307299714E-16,-4.71,3.79));
#1017 = DIRECTION('',(1.,1.082433054693E-15,8.048772985364E-16));
#1018 = DIRECTION('',(1.082433054693E-15,-1.,-3.828355257328E-15));
#1019 = ORIENTED_EDGE('',*,*,#1020,.T.);
#1020 = EDGE_CURVE('',#1012,#966,#1021,.T.);
#1021 = B_SPLINE_CURVE_WITH_KNOTS('',1,(#1022,#1023),.UNSPECIFIED.,.F.,
  .F.,(2,2),(0.,321.),.PIECEWISE_BEZIER_KNOTS.);
#1022 = CARTESIAN_POINT('',(9.71445146547E-16,-4.71,3.5));
#1023 = CARTESIAN_POINT('',(3.21,-4.71,3.5));
#1024 = ORIENTED_EDGE('',*,*,#979,.F.);
#1025 = ORIENTED_EDGE('',*,*,#327,.F.);
#1026 = CYLINDRICAL_SURFACE('',#1027,0.29);
#1027 = AXIS2_PLACEMENT_3D('',#1028,#1029,#1030);
#1028 = CARTESIAN_POINT('',(2.708211242175E-15,-4.71,3.79));
#1029 = DIRECTION('',(1.,-3.596126569784E-15,-1.68194894112E-15));
#1030 = DIRECTION('',(3.596126569784E-15,1.,0.));
#1031 = ADVANCED_FACE('',(#1032),#1050,.T.);
#1032 = FACE_BOUND('',#1033,.T.);
#1033 = EDGE_LOOP('',(#1034,#1035,#1044,#1049));
#1034 = ORIENTED_EDGE('',*,*,#320,.T.);
#1035 = ORIENTED_EDGE('',*,*,#1036,.T.);
#1036 = EDGE_CURVE('',#309,#1037,#1039,.T.);
#1037 = VERTEX_POINT('',#1038);
#1038 = CARTESIAN_POINT('',(-3.21,-4.71,3.5));
#1039 = CIRCLE('',#1040,0.29);
#1040 = AXIS2_PLACEMENT_3D('',#1041,#1042,#1043);
#1041 = CARTESIAN_POINT('',(-3.21,-4.71,3.79));
#1042 = DIRECTION('',(1.,2.707055963248E-15,6.535411220576E-15));
#1043 = DIRECTION('',(2.707055963248E-15,-1.,5.742532885992E-15));
#1044 = ORIENTED_EDGE('',*,*,#1045,.F.);
#1045 = EDGE_CURVE('',#1012,#1037,#1046,.T.);
#1046 = B_SPLINE_CURVE_WITH_KNOTS('',1,(#1047,#1048),.UNSPECIFIED.,.F.,
  .F.,(2,2),(0.,321.),.PIECEWISE_BEZIER_KNOTS.);
#1047 = CARTESIAN_POINT('',(9.71445146547E-16,-4.71,3.5));
#1048 = CARTESIAN_POINT('',(-3.21,-4.71,3.5));
#1049 = ORIENTED_EDGE('',*,*,#1011,.F.);
#1050 = CYLINDRICAL_SURFACE('',#1051,0.29);
#1051 = AXIS2_PLACEMENT_3D('',#1052,#1053,#1054);
#1052 = CARTESIAN_POINT('',(4.762103912698E-17,-4.71,3.79));
#1053 = DIRECTION('',(1.,3.66414477758E-15,-1.12129929408E-15));
#1054 = DIRECTION('',(-3.66414477758E-15,1.,0.));
#1055 = ADVANCED_FACE('',(#1056),#1079,.T.);
#1056 = FACE_BOUND('',#1057,.T.);
#1057 = EDGE_LOOP('',(#1058,#1059,#1060,#1069));
#1058 = ORIENTED_EDGE('',*,*,#1036,.F.);
#1059 = ORIENTED_EDGE('',*,*,#308,.T.);
#1060 = ORIENTED_EDGE('',*,*,#1061,.F.);
#1061 = EDGE_CURVE('',#1062,#302,#1064,.T.);
#1062 = VERTEX_POINT('',#1063);
#1063 = CARTESIAN_POINT('',(-3.5,-4.71,3.21));
#1064 = CIRCLE('',#1065,0.29);
#1065 = AXIS2_PLACEMENT_3D('',#1066,#1067,#1068);
#1066 = CARTESIAN_POINT('',(-3.79,-4.71,3.21));
#1067 = DIRECTION('',(5.606496470401E-16,5.181883238952E-15,-1.));
#1068 = DIRECTION('',(1.,-2.905221008922E-30,5.606496470401E-16));
#1069 = ORIENTED_EDGE('',*,*,#1070,.F.);
#1070 = EDGE_CURVE('',#1037,#1062,#1071,.T.);
#1071 = ( BOUNDED_CURVE() B_SPLINE_CURVE(3,(#1072,#1073,#1074,#1075,
#1076,#1077,#1078),.UNSPECIFIED.,.F.,.F.) B_SPLINE_CURVE_WITH_KNOTS((4,1
    ,1,1,4),(0.,21.863496405469,45.552805753504,69.242115101538,
91.105611507008),.UNSPECIFIED.) CURVE() GEOMETRIC_REPRESENTATION_ITEM() 
RATIONAL_B_SPLINE_CURVE((1.,1.,1.,1.,1.,1.,1.)) REPRESENTATION_ITEM('') 
  );
#1072 = CARTESIAN_POINT('',(-3.21,-4.71,3.5));
#1073 = CARTESIAN_POINT('',(-3.246437010464,-4.71,3.50001318814));
#1074 = CARTESIAN_POINT('',(-3.322352986303,-4.71,3.485533932411));
#1075 = CARTESIAN_POINT('',(-3.420857502839,-4.71,3.420857502839));
#1076 = CARTESIAN_POINT('',(-3.485533932411,-4.71,3.322352986303));
#1077 = CARTESIAN_POINT('',(-3.50001318814,-4.71,3.246437010464));
#1078 = CARTESIAN_POINT('',(-3.5,-4.71,3.21));
#1079 = ( BOUNDED_SURFACE() B_SPLINE_SURFACE(2,3,(
    (#1080,#1081,#1082,#1083,#1084,#1085,#1086)
    ,(#1087,#1088,#1089,#1090,#1091,#1092,#1093)
    ,(#1094,#1095,#1096,#1097,#1098,#1099,#1100
)),.UNSPECIFIED.,.F.,.F.,.F.) B_SPLINE_SURFACE_WITH_KNOTS((3,3),(4,1,1,1
    ,4),(0.,45.553093477052),(0.,21.863496405469,45.552805753504,
    69.242115101538,91.105611507008),.UNSPECIFIED.) 
GEOMETRIC_REPRESENTATION_ITEM() RATIONAL_B_SPLINE_SURFACE((
    (1.,1.,1.,1.,1.,1.,1.)
    ,(0.707106781187,0.707106781187,0.707106781187,0.707106781187
      ,0.707106781187,0.707106781187,0.707106781187)
,(1.,1.,1.,1.,1.,1.,1.))) REPRESENTATION_ITEM('') SURFACE() );
#1080 = CARTESIAN_POINT('',(-3.21,-4.71,3.5));
#1081 = CARTESIAN_POINT('',(-3.246437010464,-4.71,3.50001318814));
#1082 = CARTESIAN_POINT('',(-3.322352986303,-4.71,3.485533932411));
#1083 = CARTESIAN_POINT('',(-3.420857502839,-4.71,3.420857502839));
#1084 = CARTESIAN_POINT('',(-3.485533932411,-4.71,3.322352986303));
#1085 = CARTESIAN_POINT('',(-3.50001318814,-4.71,3.246437010464));
#1086 = CARTESIAN_POINT('',(-3.5,-4.71,3.21));
#1087 = CARTESIAN_POINT('',(-3.21,-5.,3.5));
#1088 = CARTESIAN_POINT('',(-3.246437010464,-5.,3.50001318814));
#1089 = CARTESIAN_POINT('',(-3.322352986303,-5.,3.485533932411));
#1090 = CARTESIAN_POINT('',(-3.420857502839,-5.,3.420857502839));
#1091 = CARTESIAN_POINT('',(-3.485533932411,-5.,3.322352986303));
#1092 = CARTESIAN_POINT('',(-3.50001318814,-5.,3.246437010464));
#1093 = CARTESIAN_POINT('',(-3.5,-5.,3.21));
#1094 = CARTESIAN_POINT('',(-3.21,-5.,3.79));
#1095 = CARTESIAN_POINT('',(-3.282874020927,-5.,3.79002637628));
#1096 = CARTESIAN_POINT('',(-3.434705972607,-5.,3.761067864822));
#1097 = CARTESIAN_POINT('',(-3.631715005679,-5.,3.631715005679));
#1098 = CARTESIAN_POINT('',(-3.761067864822,-5.,3.434705972607));
#1099 = CARTESIAN_POINT('',(-3.79002637628,-5.,3.282874020927));
#1100 = CARTESIAN_POINT('',(-3.79,-5.,3.21));
#1101 = ADVANCED_FACE('',(#1102),#1112,.T.);
#1102 = FACE_BOUND('',#1103,.T.);
#1103 = EDGE_LOOP('',(#1104,#1109,#1110,#1111));
#1104 = ORIENTED_EDGE('',*,*,#1105,.F.);
#1105 = EDGE_CURVE('',#1062,#363,#1106,.T.);
#1106 = B_SPLINE_CURVE_WITH_KNOTS('',1,(#1107,#1108),.UNSPECIFIED.,.F.,
  .F.,(2,2),(0.,321.),.PIECEWISE_BEZIER_KNOTS.);
#1107 = CARTESIAN_POINT('',(-3.5,-4.71,3.21));
#1108 = CARTESIAN_POINT('',(-3.5,-4.71,-1.456057496796E-15));
#1109 = ORIENTED_EDGE('',*,*,#1061,.T.);
#1110 = ORIENTED_EDGE('',*,*,#301,.T.);
#1111 = ORIENTED_EDGE('',*,*,#362,.T.);
#1112 = CYLINDRICAL_SURFACE('',#1113,0.29);
#1113 = AXIS2_PLACEMENT_3D('',#1114,#1115,#1116);
#1114 = CARTESIAN_POINT('',(-3.79,-4.71,-7.176999099542E-16));
#1115 = DIRECTION('',(-1.517738461372E-15,-3.964391672919E-16,1.));
#1116 = DIRECTION('',(1.,0.,1.517738461372E-15));
#1117 = ADVANCED_FACE('',(#1118),#1136,.T.);
#1118 = FACE_BOUND('',#1119,.T.);
#1119 = EDGE_LOOP('',(#1120,#1121,#1128,#1135));
#1120 = ORIENTED_EDGE('',*,*,#874,.F.);
#1121 = ORIENTED_EDGE('',*,*,#1122,.T.);
#1122 = EDGE_CURVE('',#875,#1123,#1125,.T.);
#1123 = VERTEX_POINT('',#1124);
#1124 = CARTESIAN_POINT('',(5.,-4.71,4.71));
#1125 = B_SPLINE_CURVE_WITH_KNOTS('',1,(#1126,#1127),.UNSPECIFIED.,.F.,
  .F.,(2,2),(0.,471.),.PIECEWISE_BEZIER_KNOTS.);
#1126 = CARTESIAN_POINT('',(5.,-4.71,-3.39894778989E-15));
#1127 = CARTESIAN_POINT('',(5.,-4.71,4.71));
#1128 = ORIENTED_EDGE('',*,*,#1129,.F.);
#1129 = EDGE_CURVE('',#280,#1123,#1130,.T.);
#1130 = CIRCLE('',#1131,0.29);
#1131 = AXIS2_PLACEMENT_3D('',#1132,#1133,#1134);
#1132 = CARTESIAN_POINT('',(4.71,-4.71,4.71));
#1133 = DIRECTION('',(-1.247733069816E-13,1.247733069816E-13,1.));
#1134 = DIRECTION('',(-1.914177628664E-15,-1.,1.247733069816E-13));
#1135 = ORIENTED_EDGE('',*,*,#279,.F.);
#1136 = CYLINDRICAL_SURFACE('',#1137,0.29);
#1137 = AXIS2_PLACEMENT_3D('',#1138,#1139,#1140);
#1138 = CARTESIAN_POINT('',(4.71,-4.71,-4.484287715074E-14));
#1139 = DIRECTION('',(1.546306108646E-13,-1.488880779786E-13,-1.));
#1140 = DIRECTION('',(-1.,0.,-1.546306108646E-13));
#1141 = ADVANCED_FACE('',(#1142),#1158,.T.);
#1142 = FACE_BOUND('',#1143,.T.);
#1143 = EDGE_LOOP('',(#1144,#1151,#1152,#1153));
#1144 = ORIENTED_EDGE('',*,*,#1145,.F.);
#1145 = EDGE_CURVE('',#380,#1146,#1148,.T.);
#1146 = VERTEX_POINT('',#1147);
#1147 = CARTESIAN_POINT('',(-3.79,-3.5,3.21));
#1148 = B_SPLINE_CURVE_WITH_KNOTS('',1,(#1149,#1150),.UNSPECIFIED.,.F.,
  .F.,(2,2),(0.,321.),.PIECEWISE_BEZIER_KNOTS.);
#1149 = CARTESIAN_POINT('',(-3.79,-3.5,-4.218847493576E-16));
#1150 = CARTESIAN_POINT('',(-3.79,-3.5,3.21));
#1151 = ORIENTED_EDGE('',*,*,#388,.F.);
#1152 = ORIENTED_EDGE('',*,*,#635,.F.);
#1153 = ORIENTED_EDGE('',*,*,#1154,.F.);
#1154 = EDGE_CURVE('',#1146,#636,#1155,.T.);
#1155 = B_SPLINE_CURVE_WITH_KNOTS('',1,(#1156,#1157),.UNSPECIFIED.,.F.,
  .F.,(2,2),(0.,92.),.PIECEWISE_BEZIER_KNOTS.);
#1156 = CARTESIAN_POINT('',(-3.79,-3.5,3.21));
#1157 = CARTESIAN_POINT('',(-4.71,-3.5,3.21));
#1158 = PLANE('',#1159);
#1159 = AXIS2_PLACEMENT_3D('',#1160,#1161,#1162);
#1160 = CARTESIAN_POINT('',(-3.698,-3.5,-3.5));
#1161 = DIRECTION('',(0.,1.,0.));
#1162 = DIRECTION('',(0.,0.,1.));
#1163 = ADVANCED_FACE('',(#1164),#1182,.T.);
#1164 = FACE_BOUND('',#1165,.T.);
#1165 = EDGE_LOOP('',(#1166,#1167,#1168,#1177));
#1166 = ORIENTED_EDGE('',*,*,#379,.F.);
#1167 = ORIENTED_EDGE('',*,*,#1145,.T.);
#1168 = ORIENTED_EDGE('',*,*,#1169,.T.);
#1169 = EDGE_CURVE('',#1146,#1170,#1172,.T.);
#1170 = VERTEX_POINT('',#1171);
#1171 = CARTESIAN_POINT('',(-3.5,-3.79,3.21));
#1172 = CIRCLE('',#1173,0.29);
#1173 = AXIS2_PLACEMENT_3D('',#1174,#1175,#1176);
#1174 = CARTESIAN_POINT('',(-3.79,-3.79,3.21));
#1175 = DIRECTION('',(4.621233591912E-15,4.621233591912E-15,-1.));
#1176 = DIRECTION('',(-1.148506577198E-14,1.,4.621233591912E-15));
#1177 = ORIENTED_EDGE('',*,*,#1178,.F.);
#1178 = EDGE_CURVE('',#372,#1170,#1179,.T.);
#1179 = B_SPLINE_CURVE_WITH_KNOTS('',1,(#1180,#1181),.UNSPECIFIED.,.F.,
  .F.,(2,2),(0.,321.),.PIECEWISE_BEZIER_KNOTS.);
#1180 = CARTESIAN_POINT('',(-3.5,-3.79,-7.9214412807E-16));
#1181 = CARTESIAN_POINT('',(-3.5,-3.79,3.21));
#1182 = CYLINDRICAL_SURFACE('',#1183,0.29);
#1183 = AXIS2_PLACEMENT_3D('',#1184,#1185,#1186);
#1184 = CARTESIAN_POINT('',(-3.79,-3.79,-1.887098775361E-15));
#1185 = DIRECTION('',(1.320685885674E-14,1.224977004241E-14,-1.));
#1186 = DIRECTION('',(-1.,0.,-1.320685885674E-14));
#1187 = ADVANCED_FACE('',(#1188),#1198,.T.);
#1188 = FACE_BOUND('',#1189,.T.);
#1189 = EDGE_LOOP('',(#1190,#1191,#1192,#1193));
#1190 = ORIENTED_EDGE('',*,*,#1105,.T.);
#1191 = ORIENTED_EDGE('',*,*,#371,.F.);
#1192 = ORIENTED_EDGE('',*,*,#1178,.T.);
#1193 = ORIENTED_EDGE('',*,*,#1194,.F.);
#1194 = EDGE_CURVE('',#1062,#1170,#1195,.T.);
#1195 = B_SPLINE_CURVE_WITH_KNOTS('',1,(#1196,#1197),.UNSPECIFIED.,.F.,
  .F.,(2,2),(0.,92.),.PIECEWISE_BEZIER_KNOTS.);
#1196 = CARTESIAN_POINT('',(-3.5,-4.71,3.21));
#1197 = CARTESIAN_POINT('',(-3.5,-3.79,3.21));
#1198 = PLANE('',#1199);
#1199 = AXIS2_PLACEMENT_3D('',#1200,#1201,#1202);
#1200 = CARTESIAN_POINT('',(-3.5,-3.698,3.5));
#1201 = DIRECTION('',(1.,0.,0.));
#1202 = DIRECTION('',(0.,0.,1.));
#1203 = ADVANCED_FACE('',(#1204),#1215,.T.);
#1204 = FACE_BOUND('',#1205,.T.);
#1205 = EDGE_LOOP('',(#1206,#1213,#1214));
#1206 = ORIENTED_EDGE('',*,*,#1207,.T.);
#1207 = EDGE_CURVE('',#1123,#413,#1208,.T.);
#1208 = CIRCLE('',#1209,0.29);
#1209 = AXIS2_PLACEMENT_3D('',#1210,#1211,#1212);
#1210 = CARTESIAN_POINT('',(4.71,-4.71,4.71));
#1211 = DIRECTION('',(0.,-1.,0.));
#1212 = DIRECTION('',(1.,0.,1.914177628664E-15));
#1213 = ORIENTED_EDGE('',*,*,#412,.F.);
#1214 = ORIENTED_EDGE('',*,*,#1129,.T.);
#1215 = ( BOUNDED_SURFACE() B_SPLINE_SURFACE(2,2,(
    (#1216,#1217,#1218)
    ,(#1219,#1220,#1221)
    ,(#1222,#1223,#1224)
    ,(#1225,#1226,#1227)
    ,(#1228,#1229,#1230
)),.UNSPECIFIED.,.F.,.F.,.F.) B_SPLINE_SURFACE_WITH_KNOTS((3,2,3),(3,3),
  (73.257275402663,96.261587608574,119.26589981448),(22.776546738526,
68.329640215578),.UNSPECIFIED.) GEOMETRIC_REPRESENTATION_ITEM() 
RATIONAL_B_SPLINE_SURFACE((
    (1.,0.707106781187,1.)
    ,(0.922369618366,0.652213811907,0.922369618366)
    ,(1.,0.707106781187,1.)
    ,(0.922369618366,0.652213811907,0.922369618366)
,(1.,0.707106781187,1.))) REPRESENTATION_ITEM('') SURFACE() );
#1216 = CARTESIAN_POINT('',(4.71,-4.71,5.));
#1217 = CARTESIAN_POINT('',(5.,-4.71,5.));
#1218 = CARTESIAN_POINT('',(5.,-4.71,4.71));
#1219 = CARTESIAN_POINT('',(4.71,-4.795884010882,5.));
#1220 = CARTESIAN_POINT('',(5.,-4.881768021764,5.));
#1221 = CARTESIAN_POINT('',(5.,-4.795884010882,4.71));
#1222 = CARTESIAN_POINT('',(4.666722056737,-4.856134343487,
    4.956722056737));
#1223 = CARTESIAN_POINT('',(4.913444113474,-5.002268686975,
    4.913444113474));
#1224 = CARTESIAN_POINT('',(4.956722056737,-4.856134343487,
    4.666722056737));
#1225 = CARTESIAN_POINT('',(4.623444113474,-4.916384676092,
    4.913444113474));
#1226 = CARTESIAN_POINT('',(4.826888226947,-5.122769352185,
    4.826888226947));
#1227 = CARTESIAN_POINT('',(4.913444113474,-4.916384676093,
    4.623444113474));
#1228 = CARTESIAN_POINT('',(4.56272243899,-4.915035668682,4.85272243899)
  );
#1229 = CARTESIAN_POINT('',(4.70544487798,-5.120071337363,4.70544487798)
  );
#1230 = CARTESIAN_POINT('',(4.85272243899,-4.915035668682,4.56272243899)
  );
#1231 = ADVANCED_FACE('',(#1232),#1250,.T.);
#1232 = FACE_BOUND('',#1233,.T.);
#1233 = EDGE_LOOP('',(#1234,#1243,#1244,#1245));
#1234 = ORIENTED_EDGE('',*,*,#1235,.T.);
#1235 = EDGE_CURVE('',#1236,#437,#1238,.T.);
#1236 = VERTEX_POINT('',#1237);
#1237 = CARTESIAN_POINT('',(5.,0.,4.71));
#1238 = CIRCLE('',#1239,0.29);
#1239 = AXIS2_PLACEMENT_3D('',#1240,#1241,#1242);
#1240 = CARTESIAN_POINT('',(4.71,-1.134776734693E-15,4.71));
#1241 = DIRECTION('',(3.91302322308E-15,-1.,3.91302322308E-15));
#1242 = DIRECTION('',(1.,3.91302322308E-15,3.828355257328E-15));
#1243 = ORIENTED_EDGE('',*,*,#436,.T.);
#1244 = ORIENTED_EDGE('',*,*,#1207,.F.);
#1245 = ORIENTED_EDGE('',*,*,#1246,.F.);
#1246 = EDGE_CURVE('',#1236,#1123,#1247,.T.);
#1247 = B_SPLINE_CURVE_WITH_KNOTS('',1,(#1248,#1249),.UNSPECIFIED.,.F.,
  .F.,(2,2),(0.,471.),.PIECEWISE_BEZIER_KNOTS.);
#1248 = CARTESIAN_POINT('',(5.,0.,4.71));
#1249 = CARTESIAN_POINT('',(5.,-4.71,4.71));
#1250 = CYLINDRICAL_SURFACE('',#1251,0.29);
#1251 = AXIS2_PLACEMENT_3D('',#1252,#1253,#1254);
#1252 = CARTESIAN_POINT('',(4.71,7.176999099542E-16,4.71));
#1253 = DIRECTION('',(-5.606496470401E-16,-1.,-5.606496470401E-16));
#1254 = DIRECTION('',(0.,5.606496470401E-16,-1.));
#1255 = ADVANCED_FACE('',(#1256),#1274,.T.);
#1256 = FACE_BOUND('',#1257,.T.);
#1257 = EDGE_LOOP('',(#1258,#1265,#1272,#1273));
#1258 = ORIENTED_EDGE('',*,*,#1259,.T.);
#1259 = EDGE_CURVE('',#1236,#1260,#1262,.T.);
#1260 = VERTEX_POINT('',#1261);
#1261 = CARTESIAN_POINT('',(5.,4.71,4.71));
#1262 = B_SPLINE_CURVE_WITH_KNOTS('',1,(#1263,#1264),.UNSPECIFIED.,.F.,
  .F.,(2,2),(0.,471.),.PIECEWISE_BEZIER_KNOTS.);
#1263 = CARTESIAN_POINT('',(5.,0.,4.71));
#1264 = CARTESIAN_POINT('',(5.,4.71,4.71));
#1265 = ORIENTED_EDGE('',*,*,#1266,.T.);
#1266 = EDGE_CURVE('',#1260,#444,#1267,.T.);
#1267 = CIRCLE('',#1268,0.29);
#1268 = AXIS2_PLACEMENT_3D('',#1269,#1270,#1271);
#1269 = CARTESIAN_POINT('',(4.71,4.71,4.71));
#1270 = DIRECTION('',(0.,-1.,0.));
#1271 = DIRECTION('',(1.,0.,1.914177628664E-15));
#1272 = ORIENTED_EDGE('',*,*,#443,.F.);
#1273 = ORIENTED_EDGE('',*,*,#1235,.F.);
#1274 = CYLINDRICAL_SURFACE('',#1275,0.29);
#1275 = AXIS2_PLACEMENT_3D('',#1276,#1277,#1278);
#1276 = CARTESIAN_POINT('',(4.71,-7.176999099542E-16,4.71));
#1277 = DIRECTION('',(5.606496470401E-16,-1.,5.606496470401E-16));
#1278 = DIRECTION('',(0.,-5.606496470401E-16,-1.));
#1279 = ADVANCED_FACE('',(#1280),#1306,.T.);
#1280 = FACE_BOUND('',#1281,.T.);
#1281 = EDGE_LOOP('',(#1282,#1291,#1292,#1301));
#1282 = ORIENTED_EDGE('',*,*,#1283,.T.);
#1283 = EDGE_CURVE('',#1284,#451,#1286,.T.);
#1284 = VERTEX_POINT('',#1285);
#1285 = CARTESIAN_POINT('',(1.307287611496E-15,5.,4.71));
#1286 = CIRCLE('',#1287,0.29);
#1287 = AXIS2_PLACEMENT_3D('',#1288,#1289,#1290);
#1288 = CARTESIAN_POINT('',(1.282710656709E-14,4.71,4.71));
#1289 = DIRECTION('',(1.,3.972351363997E-14,3.944595788381E-14));
#1290 = DIRECTION('',(-3.972351363997E-14,1.,-9.57088814332E-15));
#1291 = ORIENTED_EDGE('',*,*,#450,.F.);
#1292 = ORIENTED_EDGE('',*,*,#1293,.F.);
#1293 = EDGE_CURVE('',#1294,#444,#1296,.T.);
#1294 = VERTEX_POINT('',#1295);
#1295 = CARTESIAN_POINT('',(4.71,5.,4.71));
#1296 = CIRCLE('',#1297,0.29);
#1297 = AXIS2_PLACEMENT_3D('',#1298,#1299,#1300);
#1298 = CARTESIAN_POINT('',(4.71,4.71,4.71));
#1299 = DIRECTION('',(1.,4.350527995587E-14,3.967692469854E-14));
#1300 = DIRECTION('',(-4.350527995587E-14,1.,3.828355257328E-15));
#1301 = ORIENTED_EDGE('',*,*,#1302,.T.);
#1302 = EDGE_CURVE('',#1294,#1284,#1303,.T.);
#1303 = B_SPLINE_CURVE_WITH_KNOTS('',1,(#1304,#1305),.UNSPECIFIED.,.F.,
  .F.,(2,2),(0.,471.),.PIECEWISE_BEZIER_KNOTS.);
#1304 = CARTESIAN_POINT('',(4.71,5.,4.71));
#1305 = CARTESIAN_POINT('',(1.307287611496E-15,5.,4.71));
#1306 = CYLINDRICAL_SURFACE('',#1307,0.29);
#1307 = AXIS2_PLACEMENT_3D('',#1308,#1309,#1310);
#1308 = CARTESIAN_POINT('',(9.460005312624E-15,4.71,4.71));
#1309 = DIRECTION('',(-1.,-3.740615204623E-14,-4.123450730355E-14));
#1310 = DIRECTION('',(4.123450730355E-14,0.,-1.));
#1311 = ADVANCED_FACE('',(#1312),#1328,.T.);
#1312 = FACE_BOUND('',#1313,.T.);
#1313 = EDGE_LOOP('',(#1314,#1319,#1326,#1327));
#1314 = ORIENTED_EDGE('',*,*,#1315,.F.);
#1315 = EDGE_CURVE('',#614,#1284,#1316,.T.);
#1316 = B_SPLINE_CURVE_WITH_KNOTS('',1,(#1317,#1318),.UNSPECIFIED.,.F.,
  .F.,(2,2),(0.,471.),.PIECEWISE_BEZIER_KNOTS.);
#1317 = CARTESIAN_POINT('',(-4.71,5.,4.71));
#1318 = CARTESIAN_POINT('',(1.307287611496E-15,5.,4.71));
#1319 = ORIENTED_EDGE('',*,*,#1320,.T.);
#1320 = EDGE_CURVE('',#614,#458,#1321,.T.);
#1321 = CIRCLE('',#1322,0.29);
#1322 = AXIS2_PLACEMENT_3D('',#1323,#1324,#1325);
#1323 = CARTESIAN_POINT('',(-4.71,4.71,4.71));
#1324 = DIRECTION('',(1.,-3.753051838234E-14,-3.178798549634E-14));
#1325 = DIRECTION('',(3.753051838234E-14,1.,9.57088814332E-15));
#1326 = ORIENTED_EDGE('',*,*,#457,.T.);
#1327 = ORIENTED_EDGE('',*,*,#1283,.F.);
#1328 = CYLINDRICAL_SURFACE('',#1329,0.29);
#1329 = AXIS2_PLACEMENT_3D('',#1330,#1331,#1332);
#1330 = CARTESIAN_POINT('',(-6.264028877524E-15,4.71,4.71));
#1331 = DIRECTION('',(-1.,3.691352060698E-14,3.882769823564E-14));
#1332 = DIRECTION('',(-3.882769823564E-14,0.,-1.));
#1333 = ADVANCED_FACE('',(#1334),#1360,.T.);
#1334 = FACE_BOUND('',#1335,.T.);
#1335 = EDGE_LOOP('',(#1336,#1345,#1352,#1359));
#1336 = ORIENTED_EDGE('',*,*,#1337,.T.);
#1337 = EDGE_CURVE('',#474,#1338,#1340,.T.);
#1338 = VERTEX_POINT('',#1339);
#1339 = CARTESIAN_POINT('',(1.307287611496E-15,3.5,4.71));
#1340 = CIRCLE('',#1341,0.29);
#1341 = AXIS2_PLACEMENT_3D('',#1342,#1343,#1344);
#1342 = CARTESIAN_POINT('',(-2.197550215353E-14,3.79,4.71));
#1343 = DIRECTION('',(1.,8.028548194837E-14,-8.056303770453E-14));
#1344 = DIRECTION('',(8.056303770453E-14,-2.29588740395E-41,1.));
#1345 = ORIENTED_EDGE('',*,*,#1346,.T.);
#1346 = EDGE_CURVE('',#1338,#1347,#1349,.T.);
#1347 = VERTEX_POINT('',#1348);
#1348 = CARTESIAN_POINT('',(3.21,3.5,4.71));
#1349 = B_SPLINE_CURVE_WITH_KNOTS('',1,(#1350,#1351),.UNSPECIFIED.,.F.,
  .F.,(2,2),(0.,321.),.PIECEWISE_BEZIER_KNOTS.);
#1350 = CARTESIAN_POINT('',(1.307287611496E-15,3.5,4.71));
#1351 = CARTESIAN_POINT('',(3.21,3.5,4.71));
#1352 = ORIENTED_EDGE('',*,*,#1353,.F.);
#1353 = EDGE_CURVE('',#476,#1347,#1354,.T.);
#1354 = CIRCLE('',#1355,0.29);
#1355 = AXIS2_PLACEMENT_3D('',#1356,#1357,#1358);
#1356 = CARTESIAN_POINT('',(3.21,3.79,4.71));
#1357 = DIRECTION('',(1.,-9.803116830864E-15,4.060583944872E-15));
#1358 = DIRECTION('',(-4.060583944872E-15,-7.656710514656E-15,1.));
#1359 = ORIENTED_EDGE('',*,*,#473,.F.);
#1360 = CYLINDRICAL_SURFACE('',#1361,0.29);
#1361 = AXIS2_PLACEMENT_3D('',#1362,#1363,#1364);
#1362 = CARTESIAN_POINT('',(-2.135066611127E-14,3.79,4.71));
#1363 = DIRECTION('',(1.,7.74513418479E-14,-8.415096354823E-14));
#1364 = DIRECTION('',(8.415096354823E-14,0.,1.));
#1365 = ADVANCED_FACE('',(#1366),#1389,.T.);
#1366 = FACE_BOUND('',#1367,.T.);
#1367 = EDGE_LOOP('',(#1368,#1380,#1387,#1388));
#1368 = ORIENTED_EDGE('',*,*,#1369,.T.);
#1369 = EDGE_CURVE('',#1347,#1370,#1372,.T.);
#1370 = VERTEX_POINT('',#1371);
#1371 = CARTESIAN_POINT('',(3.5,3.21,4.71));
#1372 = ( BOUNDED_CURVE() B_SPLINE_CURVE(3,(#1373,#1374,#1375,#1376,
#1377,#1378,#1379),.UNSPECIFIED.,.F.,.F.) B_SPLINE_CURVE_WITH_KNOTS((4,1
    ,1,1,4),(0.,21.863496405469,45.552805753504,69.242115101538,
91.105611507007),.UNSPECIFIED.) CURVE() GEOMETRIC_REPRESENTATION_ITEM() 
RATIONAL_B_SPLINE_CURVE((1.,1.,1.,1.,1.,1.,1.)) REPRESENTATION_ITEM('') 
  );
#1373 = CARTESIAN_POINT('',(3.21,3.5,4.71));
#1374 = CARTESIAN_POINT('',(3.246437010464,3.50001318814,4.71));
#1375 = CARTESIAN_POINT('',(3.322352986303,3.485533932411,4.71));
#1376 = CARTESIAN_POINT('',(3.420857502839,3.420857502839,4.71));
#1377 = CARTESIAN_POINT('',(3.485533932411,3.322352986303,4.71));
#1378 = CARTESIAN_POINT('',(3.50001318814,3.246437010464,4.71));
#1379 = CARTESIAN_POINT('',(3.5,3.21,4.71));
#1380 = ORIENTED_EDGE('',*,*,#1381,.T.);
#1381 = EDGE_CURVE('',#1370,#483,#1382,.T.);
#1382 = CIRCLE('',#1383,0.29);
#1383 = AXIS2_PLACEMENT_3D('',#1384,#1385,#1386);
#1384 = CARTESIAN_POINT('',(3.79,3.21,4.71));
#1385 = DIRECTION('',(-1.353527981624E-15,1.,3.267705610288E-15));
#1386 = DIRECTION('',(-1.,-1.353527981624E-15,-1.914177628664E-15));
#1387 = ORIENTED_EDGE('',*,*,#482,.F.);
#1388 = ORIENTED_EDGE('',*,*,#1353,.T.);
#1389 = ( BOUNDED_SURFACE() B_SPLINE_SURFACE(3,2,(
    (#1390,#1391,#1392)
    ,(#1393,#1394,#1395)
    ,(#1396,#1397,#1398)
    ,(#1399,#1400,#1401)
    ,(#1402,#1403,#1404)
    ,(#1405,#1406,#1407)
    ,(#1408,#1409,#1410
)),.UNSPECIFIED.,.F.,.F.,.F.) B_SPLINE_SURFACE_WITH_KNOTS((4,1,1,1,4),(3
    ,3),(0.,21.863496405469,45.552805753504,69.242115101538,
    91.105611507007),(0.,45.553093477052),.UNSPECIFIED.) 
GEOMETRIC_REPRESENTATION_ITEM() RATIONAL_B_SPLINE_SURFACE((
    (1.,0.707106781187,1.)
    ,(1.,0.707106781187,1.)
    ,(1.,0.707106781187,1.)
    ,(1.,0.707106781187,1.)
    ,(1.,0.707106781187,1.)
    ,(1.,0.707106781187,1.)
,(1.,0.707106781187,1.))) REPRESENTATION_ITEM('') SURFACE() );
#1390 = CARTESIAN_POINT('',(3.21,3.5,4.71));
#1391 = CARTESIAN_POINT('',(3.21,3.5,5.));
#1392 = CARTESIAN_POINT('',(3.21,3.79,5.));
#1393 = CARTESIAN_POINT('',(3.246437010464,3.50001318814,4.71));
#1394 = CARTESIAN_POINT('',(3.246437010464,3.50001318814,5.));
#1395 = CARTESIAN_POINT('',(3.282874020927,3.79002637628,5.));
#1396 = CARTESIAN_POINT('',(3.322352986303,3.485533932411,4.71));
#1397 = CARTESIAN_POINT('',(3.322352986303,3.485533932411,5.));
#1398 = CARTESIAN_POINT('',(3.434705972607,3.761067864822,5.));
#1399 = CARTESIAN_POINT('',(3.420857502839,3.420857502839,4.71));
#1400 = CARTESIAN_POINT('',(3.420857502839,3.420857502839,5.));
#1401 = CARTESIAN_POINT('',(3.631715005679,3.631715005679,5.));
#1402 = CARTESIAN_POINT('',(3.485533932411,3.322352986303,4.71));
#1403 = CARTESIAN_POINT('',(3.485533932411,3.322352986303,5.));
#1404 = CARTESIAN_POINT('',(3.761067864822,3.434705972607,5.));
#1405 = CARTESIAN_POINT('',(3.50001318814,3.246437010464,4.71));
#1406 = CARTESIAN_POINT('',(3.50001318814,3.246437010464,5.));
#1407 = CARTESIAN_POINT('',(3.79002637628,3.282874020927,5.));
#1408 = CARTESIAN_POINT('',(3.5,3.21,4.71));
#1409 = CARTESIAN_POINT('',(3.5,3.21,5.));
#1410 = CARTESIAN_POINT('',(3.79,3.21,5.));
#1411 = ADVANCED_FACE('',(#1412),#1430,.T.);
#1412 = FACE_BOUND('',#1413,.T.);
#1413 = EDGE_LOOP('',(#1414,#1423,#1424,#1425));
#1414 = ORIENTED_EDGE('',*,*,#1415,.T.);
#1415 = EDGE_CURVE('',#1416,#495,#1418,.T.);
#1416 = VERTEX_POINT('',#1417);
#1417 = CARTESIAN_POINT('',(3.5,0.,4.71));
#1418 = CIRCLE('',#1419,0.29);
#1419 = AXIS2_PLACEMENT_3D('',#1420,#1421,#1422);
#1420 = CARTESIAN_POINT('',(3.79,8.749416124221E-16,4.71));
#1421 = DIRECTION('',(-3.017040042835E-15,1.,3.017040042835E-15));
#1422 = DIRECTION('',(-1.,-3.017040042835E-15,5.742532885992E-15));
#1423 = ORIENTED_EDGE('',*,*,#494,.F.);
#1424 = ORIENTED_EDGE('',*,*,#1381,.F.);
#1425 = ORIENTED_EDGE('',*,*,#1426,.T.);
#1426 = EDGE_CURVE('',#1370,#1416,#1427,.T.);
#1427 = B_SPLINE_CURVE_WITH_KNOTS('',1,(#1428,#1429),.UNSPECIFIED.,.F.,
  .F.,(2,2),(0.,321.),.PIECEWISE_BEZIER_KNOTS.);
#1428 = CARTESIAN_POINT('',(3.5,3.21,4.71));
#1429 = CARTESIAN_POINT('',(3.5,0.,4.71));
#1430 = CYLINDRICAL_SURFACE('',#1431,0.29);
#1431 = AXIS2_PLACEMENT_3D('',#1432,#1433,#1434);
#1432 = CARTESIAN_POINT('',(3.79,1.861596094273E-15,4.71));
#1433 = DIRECTION('',(2.590941619476E-15,-1.,-4.50511924814E-15));
#1434 = DIRECTION('',(0.,4.50511924814E-15,-1.));
#1435 = ADVANCED_FACE('',(#1436),#1454,.T.);
#1436 = FACE_BOUND('',#1437,.T.);
#1437 = EDGE_LOOP('',(#1438,#1445,#1452,#1453));
#1438 = ORIENTED_EDGE('',*,*,#1439,.F.);
#1439 = EDGE_CURVE('',#1440,#1416,#1442,.T.);
#1440 = VERTEX_POINT('',#1441);
#1441 = CARTESIAN_POINT('',(3.5,-3.21,4.71));
#1442 = B_SPLINE_CURVE_WITH_KNOTS('',1,(#1443,#1444),.UNSPECIFIED.,.F.,
  .F.,(2,2),(0.,321.),.PIECEWISE_BEZIER_KNOTS.);
#1443 = CARTESIAN_POINT('',(3.5,-3.21,4.71));
#1444 = CARTESIAN_POINT('',(3.5,0.,4.71));
#1445 = ORIENTED_EDGE('',*,*,#1446,.T.);
#1446 = EDGE_CURVE('',#1440,#502,#1447,.T.);
#1447 = CIRCLE('',#1448,0.29);
#1448 = AXIS2_PLACEMENT_3D('',#1449,#1450,#1451);
#1449 = CARTESIAN_POINT('',(3.79,-3.21,4.71));
#1450 = DIRECTION('',(1.353527981624E-15,1.,-3.267705610288E-15));
#1451 = DIRECTION('',(-1.,1.353527981624E-15,-1.914177628664E-15));
#1452 = ORIENTED_EDGE('',*,*,#501,.T.);
#1453 = ORIENTED_EDGE('',*,*,#1415,.F.);
#1454 = CYLINDRICAL_SURFACE('',#1455,0.29);
#1455 = AXIS2_PLACEMENT_3D('',#1456,#1457,#1458);
#1456 = CARTESIAN_POINT('',(3.79,-1.861596094273E-15,4.71));
#1457 = DIRECTION('',(-2.590941619476E-15,-1.,4.50511924814E-15));
#1458 = DIRECTION('',(0.,-4.50511924814E-15,-1.));
#1459 = ADVANCED_FACE('',(#1460),#1483,.T.);
#1460 = FACE_BOUND('',#1461,.T.);
#1461 = EDGE_LOOP('',(#1462,#1471,#1472,#1473));
#1462 = ORIENTED_EDGE('',*,*,#1463,.F.);
#1463 = EDGE_CURVE('',#509,#1464,#1466,.T.);
#1464 = VERTEX_POINT('',#1465);
#1465 = CARTESIAN_POINT('',(3.21,-3.5,4.71));
#1466 = CIRCLE('',#1467,0.29);
#1467 = AXIS2_PLACEMENT_3D('',#1468,#1469,#1470);
#1468 = CARTESIAN_POINT('',(3.21,-3.79,4.71));
#1469 = DIRECTION('',(-1.,-9.803116830864E-15,-4.060583944872E-15));
#1470 = DIRECTION('',(-4.060583944872E-15,7.656710514656E-15,1.));
#1471 = ORIENTED_EDGE('',*,*,#508,.T.);
#1472 = ORIENTED_EDGE('',*,*,#1446,.F.);
#1473 = ORIENTED_EDGE('',*,*,#1474,.F.);
#1474 = EDGE_CURVE('',#1464,#1440,#1475,.T.);
#1475 = ( BOUNDED_CURVE() B_SPLINE_CURVE(3,(#1476,#1477,#1478,#1479,
#1480,#1481,#1482),.UNSPECIFIED.,.F.,.F.) B_SPLINE_CURVE_WITH_KNOTS((4,1
    ,1,1,4),(0.,21.863496405469,45.552805753504,69.242115101538,
91.105611507007),.UNSPECIFIED.) CURVE() GEOMETRIC_REPRESENTATION_ITEM() 
RATIONAL_B_SPLINE_CURVE((1.,1.,1.,1.,1.,1.,1.)) REPRESENTATION_ITEM('') 
  );
#1476 = CARTESIAN_POINT('',(3.21,-3.5,4.71));
#1477 = CARTESIAN_POINT('',(3.246437010464,-3.50001318814,4.71));
#1478 = CARTESIAN_POINT('',(3.322352986303,-3.485533932411,4.71));
#1479 = CARTESIAN_POINT('',(3.420857502839,-3.420857502839,4.71));
#1480 = CARTESIAN_POINT('',(3.485533932411,-3.322352986303,4.71));
#1481 = CARTESIAN_POINT('',(3.50001318814,-3.246437010464,4.71));
#1482 = CARTESIAN_POINT('',(3.5,-3.21,4.71));
#1483 = ( BOUNDED_SURFACE() B_SPLINE_SURFACE(2,3,(
    (#1484,#1485,#1486,#1487,#1488,#1489,#1490)
    ,(#1491,#1492,#1493,#1494,#1495,#1496,#1497)
    ,(#1498,#1499,#1500,#1501,#1502,#1503,#1504
)),.UNSPECIFIED.,.F.,.F.,.F.) B_SPLINE_SURFACE_WITH_KNOTS((3,3),(4,1,1,1
    ,4),(0.,45.553093477052),(0.,21.863496405469,45.552805753504,
    69.242115101538,91.105611507007),.UNSPECIFIED.) 
GEOMETRIC_REPRESENTATION_ITEM() RATIONAL_B_SPLINE_SURFACE((
    (1.,1.,1.,1.,1.,1.,1.)
    ,(0.707106781187,0.707106781187,0.707106781187,0.707106781187
      ,0.707106781187,0.707106781187,0.707106781187)
,(1.,1.,1.,1.,1.,1.,1.))) REPRESENTATION_ITEM('') SURFACE() );
#1484 = CARTESIAN_POINT('',(3.21,-3.5,4.71));
#1485 = CARTESIAN_POINT('',(3.246437010464,-3.50001318814,4.71));
#1486 = CARTESIAN_POINT('',(3.322352986303,-3.485533932411,4.71));
#1487 = CARTESIAN_POINT('',(3.420857502839,-3.420857502839,4.71));
#1488 = CARTESIAN_POINT('',(3.485533932411,-3.322352986303,4.71));
#1489 = CARTESIAN_POINT('',(3.50001318814,-3.246437010464,4.71));
#1490 = CARTESIAN_POINT('',(3.5,-3.21,4.71));
#1491 = CARTESIAN_POINT('',(3.21,-3.5,5.));
#1492 = CARTESIAN_POINT('',(3.246437010464,-3.50001318814,5.));
#1493 = CARTESIAN_POINT('',(3.322352986303,-3.485533932411,5.));
#1494 = CARTESIAN_POINT('',(3.420857502839,-3.420857502839,5.));
#1495 = CARTESIAN_POINT('',(3.485533932411,-3.322352986303,5.));
#1496 = CARTESIAN_POINT('',(3.50001318814,-3.246437010464,5.));
#1497 = CARTESIAN_POINT('',(3.5,-3.21,5.));
#1498 = CARTESIAN_POINT('',(3.21,-3.79,5.));
#1499 = CARTESIAN_POINT('',(3.282874020927,-3.79002637628,5.));
#1500 = CARTESIAN_POINT('',(3.434705972607,-3.761067864822,5.));
#1501 = CARTESIAN_POINT('',(3.631715005679,-3.631715005679,5.));
#1502 = CARTESIAN_POINT('',(3.761067864822,-3.434705972607,5.));
#1503 = CARTESIAN_POINT('',(3.79002637628,-3.282874020927,5.));
#1504 = CARTESIAN_POINT('',(3.79,-3.21,5.));
#1505 = ADVANCED_FACE('',(#1506),#1524,.T.);
#1506 = FACE_BOUND('',#1507,.T.);
#1507 = EDGE_LOOP('',(#1508,#1509,#1510,#1517));
#1508 = ORIENTED_EDGE('',*,*,#520,.T.);
#1509 = ORIENTED_EDGE('',*,*,#1463,.T.);
#1510 = ORIENTED_EDGE('',*,*,#1511,.F.);
#1511 = EDGE_CURVE('',#1512,#1464,#1514,.T.);
#1512 = VERTEX_POINT('',#1513);
#1513 = CARTESIAN_POINT('',(1.307287611496E-15,-3.5,4.71));
#1514 = B_SPLINE_CURVE_WITH_KNOTS('',1,(#1515,#1516),.UNSPECIFIED.,.F.,
  .F.,(2,2),(0.,321.),.PIECEWISE_BEZIER_KNOTS.);
#1515 = CARTESIAN_POINT('',(1.307287611496E-15,-3.5,4.71));
#1516 = CARTESIAN_POINT('',(3.21,-3.5,4.71));
#1517 = ORIENTED_EDGE('',*,*,#1518,.F.);
#1518 = EDGE_CURVE('',#521,#1512,#1519,.T.);
#1519 = CIRCLE('',#1520,0.29);
#1520 = AXIS2_PLACEMENT_3D('',#1521,#1522,#1523);
#1521 = CARTESIAN_POINT('',(-2.197550215353E-14,-3.79,4.71));
#1522 = DIRECTION('',(-1.,8.028548194837E-14,8.056303770453E-14));
#1523 = DIRECTION('',(8.056303770453E-14,3.828355257328E-15,1.));
#1524 = CYLINDRICAL_SURFACE('',#1525,0.29);
#1525 = AXIS2_PLACEMENT_3D('',#1526,#1527,#1528);
#1526 = CARTESIAN_POINT('',(-2.135066611127E-14,-3.79,4.71));
#1527 = DIRECTION('',(-1.,7.74513418479E-14,8.415096354823E-14));
#1528 = DIRECTION('',(-8.415096354823E-14,0.,-1.));
#1529 = ADVANCED_FACE('',(#1530),#1548,.T.);
#1530 = FACE_BOUND('',#1531,.T.);
#1531 = EDGE_LOOP('',(#1532,#1533,#1540,#1547));
#1532 = ORIENTED_EDGE('',*,*,#1518,.T.);
#1533 = ORIENTED_EDGE('',*,*,#1534,.T.);
#1534 = EDGE_CURVE('',#1512,#1535,#1537,.T.);
#1535 = VERTEX_POINT('',#1536);
#1536 = CARTESIAN_POINT('',(-3.21,-3.5,4.71));
#1537 = B_SPLINE_CURVE_WITH_KNOTS('',1,(#1538,#1539),.UNSPECIFIED.,.F.,
  .F.,(2,2),(0.,321.),.PIECEWISE_BEZIER_KNOTS.);
#1538 = CARTESIAN_POINT('',(1.307287611496E-15,-3.5,4.71));
#1539 = CARTESIAN_POINT('',(-3.21,-3.5,4.71));
#1540 = ORIENTED_EDGE('',*,*,#1541,.F.);
#1541 = EDGE_CURVE('',#528,#1535,#1542,.T.);
#1542 = CIRCLE('',#1543,0.29);
#1543 = AXIS2_PLACEMENT_3D('',#1544,#1545,#1546);
#1544 = CARTESIAN_POINT('',(-3.21,-3.79,4.71));
#1545 = DIRECTION('',(-1.,5.181883238952E-15,-5.606496470402E-16));
#1546 = DIRECTION('',(-5.606496470401E-16,9.57088814332E-15,1.));
#1547 = ORIENTED_EDGE('',*,*,#527,.F.);
#1548 = CYLINDRICAL_SURFACE('',#1549,0.29);
#1549 = AXIS2_PLACEMENT_3D('',#1550,#1551,#1552);
#1550 = CARTESIAN_POINT('',(2.443167518785E-14,-3.79,4.71));
#1551 = DIRECTION('',(-1.,-7.850462293419E-14,-8.424715582018E-14));
#1552 = DIRECTION('',(8.424715582018E-14,0.,-1.));
#1553 = ADVANCED_FACE('',(#1554),#1577,.T.);
#1554 = FACE_BOUND('',#1555,.T.);
#1555 = EDGE_LOOP('',(#1556,#1568,#1575,#1576));
#1556 = ORIENTED_EDGE('',*,*,#1557,.T.);
#1557 = EDGE_CURVE('',#1535,#1558,#1560,.T.);
#1558 = VERTEX_POINT('',#1559);
#1559 = CARTESIAN_POINT('',(-3.5,-3.21,4.71));
#1560 = ( BOUNDED_CURVE() B_SPLINE_CURVE(3,(#1561,#1562,#1563,#1564,
#1565,#1566,#1567),.UNSPECIFIED.,.F.,.F.) B_SPLINE_CURVE_WITH_KNOTS((4,1
    ,1,1,4),(0.,21.863496405469,45.552805753504,69.242115101538,
91.105611507007),.UNSPECIFIED.) CURVE() GEOMETRIC_REPRESENTATION_ITEM() 
RATIONAL_B_SPLINE_CURVE((1.,1.,1.,1.,1.,1.,1.)) REPRESENTATION_ITEM('') 
  );
#1561 = CARTESIAN_POINT('',(-3.21,-3.5,4.71));
#1562 = CARTESIAN_POINT('',(-3.246437010464,-3.50001318814,4.71));
#1563 = CARTESIAN_POINT('',(-3.322352986303,-3.485533932411,4.71));
#1564 = CARTESIAN_POINT('',(-3.420857502839,-3.420857502839,4.71));
#1565 = CARTESIAN_POINT('',(-3.485533932411,-3.322352986303,4.71));
#1566 = CARTESIAN_POINT('',(-3.50001318814,-3.246437010464,4.71));
#1567 = CARTESIAN_POINT('',(-3.5,-3.21,4.71));
#1568 = ORIENTED_EDGE('',*,*,#1569,.T.);
#1569 = EDGE_CURVE('',#1558,#535,#1570,.T.);
#1570 = CIRCLE('',#1571,0.29);
#1571 = AXIS2_PLACEMENT_3D('',#1572,#1573,#1574);
#1572 = CARTESIAN_POINT('',(-3.79,-3.21,4.71));
#1573 = DIRECTION('',(1.353527981624E-15,-1.,3.267705610288E-15));
#1574 = DIRECTION('',(1.,1.353527981624E-15,1.148506577198E-14));
#1575 = ORIENTED_EDGE('',*,*,#534,.F.);
#1576 = ORIENTED_EDGE('',*,*,#1541,.T.);
#1577 = ( BOUNDED_SURFACE() B_SPLINE_SURFACE(3,2,(
    (#1578,#1579,#1580)
    ,(#1581,#1582,#1583)
    ,(#1584,#1585,#1586)
    ,(#1587,#1588,#1589)
    ,(#1590,#1591,#1592)
    ,(#1593,#1594,#1595)
    ,(#1596,#1597,#1598
)),.UNSPECIFIED.,.F.,.F.,.F.) B_SPLINE_SURFACE_WITH_KNOTS((4,1,1,1,4),(3
    ,3),(0.,21.863496405469,45.552805753504,69.242115101538,
    91.105611507007),(0.,45.553093477052),.UNSPECIFIED.) 
GEOMETRIC_REPRESENTATION_ITEM() RATIONAL_B_SPLINE_SURFACE((
    (1.,0.707106781187,1.)
    ,(1.,0.707106781187,1.)
    ,(1.,0.707106781187,1.)
    ,(1.,0.707106781187,1.)
    ,(1.,0.707106781187,1.)
    ,(1.,0.707106781187,1.)
,(1.,0.707106781187,1.))) REPRESENTATION_ITEM('') SURFACE() );
#1578 = CARTESIAN_POINT('',(-3.21,-3.5,4.71));
#1579 = CARTESIAN_POINT('',(-3.21,-3.5,5.));
#1580 = CARTESIAN_POINT('',(-3.21,-3.79,5.));
#1581 = CARTESIAN_POINT('',(-3.246437010464,-3.50001318814,4.71));
#1582 = CARTESIAN_POINT('',(-3.246437010464,-3.50001318814,5.));
#1583 = CARTESIAN_POINT('',(-3.282874020927,-3.79002637628,5.));
#1584 = CARTESIAN_POINT('',(-3.322352986303,-3.485533932411,4.71));
#1585 = CARTESIAN_POINT('',(-3.322352986303,-3.485533932411,5.));
#1586 = CARTESIAN_POINT('',(-3.434705972607,-3.761067864822,5.));
#1587 = CARTESIAN_POINT('',(-3.420857502839,-3.420857502839,4.71));
#1588 = CARTESIAN_POINT('',(-3.420857502839,-3.420857502839,5.));
#1589 = CARTESIAN_POINT('',(-3.631715005679,-3.631715005679,5.));
#1590 = CARTESIAN_POINT('',(-3.485533932411,-3.322352986303,4.71));
#1591 = CARTESIAN_POINT('',(-3.485533932411,-3.322352986303,5.));
#1592 = CARTESIAN_POINT('',(-3.761067864822,-3.434705972607,5.));
#1593 = CARTESIAN_POINT('',(-3.50001318814,-3.246437010464,4.71));
#1594 = CARTESIAN_POINT('',(-3.50001318814,-3.246437010464,5.));
#1595 = CARTESIAN_POINT('',(-3.79002637628,-3.282874020927,5.));
#1596 = CARTESIAN_POINT('',(-3.5,-3.21,4.71));
#1597 = CARTESIAN_POINT('',(-3.5,-3.21,5.));
#1598 = CARTESIAN_POINT('',(-3.79,-3.21,5.));
#1599 = ADVANCED_FACE('',(#1600),#1618,.T.);
#1600 = FACE_BOUND('',#1601,.T.);
#1601 = EDGE_LOOP('',(#1602,#1611,#1612,#1613));
#1602 = ORIENTED_EDGE('',*,*,#1603,.T.);
#1603 = EDGE_CURVE('',#1604,#547,#1606,.T.);
#1604 = VERTEX_POINT('',#1605);
#1605 = CARTESIAN_POINT('',(-3.5,-1.402076999514E-30,4.71));
#1606 = CIRCLE('',#1607,0.29);
#1607 = AXIS2_PLACEMENT_3D('',#1608,#1609,#1610);
#1608 = CARTESIAN_POINT('',(-3.79,8.749416124221E-16,4.71));
#1609 = DIRECTION('',(-3.017040042835E-15,-1.,-3.017040042835E-15));
#1610 = DIRECTION('',(1.,-3.017040042835E-15,5.742532885992E-15));
#1611 = ORIENTED_EDGE('',*,*,#546,.F.);
#1612 = ORIENTED_EDGE('',*,*,#1569,.F.);
#1613 = ORIENTED_EDGE('',*,*,#1614,.T.);
#1614 = EDGE_CURVE('',#1558,#1604,#1615,.T.);
#1615 = B_SPLINE_CURVE_WITH_KNOTS('',1,(#1616,#1617),.UNSPECIFIED.,.F.,
  .F.,(2,2),(0.,321.),.PIECEWISE_BEZIER_KNOTS.);
#1616 = CARTESIAN_POINT('',(-3.5,-3.21,4.71));
#1617 = CARTESIAN_POINT('',(-3.5,-1.402076999514E-30,4.71));
#1618 = CYLINDRICAL_SURFACE('',#1619,0.29);
#1619 = AXIS2_PLACEMENT_3D('',#1620,#1621,#1622);
#1620 = CARTESIAN_POINT('',(-3.79,-1.861596094273E-15,4.71));
#1621 = DIRECTION('',(-2.590941619476E-15,1.,-4.50511924814E-15));
#1622 = DIRECTION('',(0.,4.50511924814E-15,1.));
#1623 = ADVANCED_FACE('',(#1624),#1642,.T.);
#1624 = FACE_BOUND('',#1625,.T.);
#1625 = EDGE_LOOP('',(#1626,#1633,#1640,#1641));
#1626 = ORIENTED_EDGE('',*,*,#1627,.F.);
#1627 = EDGE_CURVE('',#1628,#1604,#1630,.T.);
#1628 = VERTEX_POINT('',#1629);
#1629 = CARTESIAN_POINT('',(-3.5,3.21,4.71));
#1630 = B_SPLINE_CURVE_WITH_KNOTS('',1,(#1631,#1632),.UNSPECIFIED.,.F.,
  .F.,(2,2),(0.,321.),.PIECEWISE_BEZIER_KNOTS.);
#1631 = CARTESIAN_POINT('',(-3.5,3.21,4.71));
#1632 = CARTESIAN_POINT('',(-3.5,-1.402076999514E-30,4.71));
#1633 = ORIENTED_EDGE('',*,*,#1634,.T.);
#1634 = EDGE_CURVE('',#1628,#554,#1635,.T.);
#1635 = CIRCLE('',#1636,0.29);
#1636 = AXIS2_PLACEMENT_3D('',#1637,#1638,#1639);
#1637 = CARTESIAN_POINT('',(-3.79,3.21,4.71));
#1638 = DIRECTION('',(-1.353527981624E-15,-1.,-3.267705610288E-15));
#1639 = DIRECTION('',(1.,-1.353527981624E-15,1.148506577198E-14));
#1640 = ORIENTED_EDGE('',*,*,#553,.T.);
#1641 = ORIENTED_EDGE('',*,*,#1603,.F.);
#1642 = CYLINDRICAL_SURFACE('',#1643,0.29);
#1643 = AXIS2_PLACEMENT_3D('',#1644,#1645,#1646);
#1644 = CARTESIAN_POINT('',(-3.79,1.861596094273E-15,4.71));
#1645 = DIRECTION('',(2.590941619476E-15,1.,4.50511924814E-15));
#1646 = DIRECTION('',(0.,-4.50511924814E-15,1.));
#1647 = ADVANCED_FACE('',(#1648),#1671,.T.);
#1648 = FACE_BOUND('',#1649,.T.);
#1649 = EDGE_LOOP('',(#1650,#1659,#1660,#1661));
#1650 = ORIENTED_EDGE('',*,*,#1651,.F.);
#1651 = EDGE_CURVE('',#561,#1652,#1654,.T.);
#1652 = VERTEX_POINT('',#1653);
#1653 = CARTESIAN_POINT('',(-3.21,3.5,4.71));
#1654 = CIRCLE('',#1655,0.29);
#1655 = AXIS2_PLACEMENT_3D('',#1656,#1657,#1658);
#1656 = CARTESIAN_POINT('',(-3.21,3.79,4.71));
#1657 = DIRECTION('',(1.,5.181883238952E-15,5.606496470402E-16));
#1658 = DIRECTION('',(-5.606496470401E-16,-9.57088814332E-15,1.));
#1659 = ORIENTED_EDGE('',*,*,#560,.T.);
#1660 = ORIENTED_EDGE('',*,*,#1634,.F.);
#1661 = ORIENTED_EDGE('',*,*,#1662,.F.);
#1662 = EDGE_CURVE('',#1652,#1628,#1663,.T.);
#1663 = ( BOUNDED_CURVE() B_SPLINE_CURVE(3,(#1664,#1665,#1666,#1667,
#1668,#1669,#1670),.UNSPECIFIED.,.F.,.F.) B_SPLINE_CURVE_WITH_KNOTS((4,1
    ,1,1,4),(0.,21.863496405469,45.552805753504,69.242115101538,
91.105611507007),.UNSPECIFIED.) CURVE() GEOMETRIC_REPRESENTATION_ITEM() 
RATIONAL_B_SPLINE_CURVE((1.,1.,1.,1.,1.,1.,1.)) REPRESENTATION_ITEM('') 
  );
#1664 = CARTESIAN_POINT('',(-3.21,3.5,4.71));
#1665 = CARTESIAN_POINT('',(-3.246437010464,3.50001318814,4.71));
#1666 = CARTESIAN_POINT('',(-3.322352986303,3.485533932411,4.71));
#1667 = CARTESIAN_POINT('',(-3.420857502839,3.420857502839,4.71));
#1668 = CARTESIAN_POINT('',(-3.485533932411,3.322352986303,4.71));
#1669 = CARTESIAN_POINT('',(-3.50001318814,3.246437010464,4.71));
#1670 = CARTESIAN_POINT('',(-3.5,3.21,4.71));
#1671 = ( BOUNDED_SURFACE() B_SPLINE_SURFACE(2,3,(
    (#1672,#1673,#1674,#1675,#1676,#1677,#1678)
    ,(#1679,#1680,#1681,#1682,#1683,#1684,#1685)
    ,(#1686,#1687,#1688,#1689,#1690,#1691,#1692
)),.UNSPECIFIED.,.F.,.F.,.F.) B_SPLINE_SURFACE_WITH_KNOTS((3,3),(4,1,1,1
    ,4),(0.,45.553093477052),(0.,21.863496405469,45.552805753504,
    69.242115101538,91.105611507007),.UNSPECIFIED.) 
GEOMETRIC_REPRESENTATION_ITEM() RATIONAL_B_SPLINE_SURFACE((
    (1.,1.,1.,1.,1.,1.,1.)
    ,(0.707106781187,0.707106781187,0.707106781187,0.707106781187
      ,0.707106781187,0.707106781187,0.707106781187)
,(1.,1.,1.,1.,1.,1.,1.))) REPRESENTATION_ITEM('') SURFACE() );
#1672 = CARTESIAN_POINT('',(-3.21,3.5,4.71));
#1673 = CARTESIAN_POINT('',(-3.246437010464,3.50001318814,4.71));
#1674 = CARTESIAN_POINT('',(-3.322352986303,3.485533932411,4.71));
#1675 = CARTESIAN_POINT('',(-3.420857502839,3.420857502839,4.71));
#1676 = CARTESIAN_POINT('',(-3.485533932411,3.322352986303,4.71));
#1677 = CARTESIAN_POINT('',(-3.50001318814,3.246437010464,4.71));
#1678 = CARTESIAN_POINT('',(-3.5,3.21,4.71));
#1679 = CARTESIAN_POINT('',(-3.21,3.5,5.));
#1680 = CARTESIAN_POINT('',(-3.246437010464,3.50001318814,5.));
#1681 = CARTESIAN_POINT('',(-3.322352986303,3.485533932411,5.));
#1682 = CARTESIAN_POINT('',(-3.420857502839,3.420857502839,5.));
#1683 = CARTESIAN_POINT('',(-3.485533932411,3.322352986303,5.));
#1684 = CARTESIAN_POINT('',(-3.50001318814,3.246437010464,5.));
#1685 = CARTESIAN_POINT('',(-3.5,3.21,5.));
#1686 = CARTESIAN_POINT('',(-3.21,3.79,5.));
#1687 = CARTESIAN_POINT('',(-3.282874020927,3.79002637628,5.));
#1688 = CARTESIAN_POINT('',(-3.434705972607,3.761067864822,5.));
#1689 = CARTESIAN_POINT('',(-3.631715005679,3.631715005679,5.));
#1690 = CARTESIAN_POINT('',(-3.761067864822,3.434705972607,5.));
#1691 = CARTESIAN_POINT('',(-3.79002637628,3.282874020927,5.));
#1692 = CARTESIAN_POINT('',(-3.79,3.21,5.));
#1693 = ADVANCED_FACE('',(#1694),#1704,.T.);
#1694 = FACE_BOUND('',#1695,.T.);
#1695 = EDGE_LOOP('',(#1696,#1697,#1698,#1703));
#1696 = ORIENTED_EDGE('',*,*,#572,.T.);
#1697 = ORIENTED_EDGE('',*,*,#1651,.T.);
#1698 = ORIENTED_EDGE('',*,*,#1699,.F.);
#1699 = EDGE_CURVE('',#1338,#1652,#1700,.T.);
#1700 = B_SPLINE_CURVE_WITH_KNOTS('',1,(#1701,#1702),.UNSPECIFIED.,.F.,
  .F.,(2,2),(0.,321.),.PIECEWISE_BEZIER_KNOTS.);
#1701 = CARTESIAN_POINT('',(1.307287611496E-15,3.5,4.71));
#1702 = CARTESIAN_POINT('',(-3.21,3.5,4.71));
#1703 = ORIENTED_EDGE('',*,*,#1337,.F.);
#1704 = CYLINDRICAL_SURFACE('',#1705,0.29);
#1705 = AXIS2_PLACEMENT_3D('',#1706,#1707,#1708);
#1706 = CARTESIAN_POINT('',(2.443167518785E-14,3.79,4.71));
#1707 = DIRECTION('',(1.,-7.850462293419E-14,8.424715582018E-14));
#1708 = DIRECTION('',(-8.424715582018E-14,0.,1.));
#1709 = ADVANCED_FACE('',(#1710),#1715,.T.);
#1710 = FACE_BOUND('',#1711,.T.);
#1711 = EDGE_LOOP('',(#1712,#1713,#1714));
#1712 = ORIENTED_EDGE('',*,*,#587,.T.);
#1713 = ORIENTED_EDGE('',*,*,#1320,.F.);
#1714 = ORIENTED_EDGE('',*,*,#613,.T.);
#1715 = ( BOUNDED_SURFACE() B_SPLINE_SURFACE(2,2,(
    (#1716,#1717,#1718)
    ,(#1719,#1720,#1721)
    ,(#1722,#1723,#1724)
    ,(#1725,#1726,#1727)
    ,(#1728,#1729,#1730
)),.UNSPECIFIED.,.F.,.F.,.F.) B_SPLINE_SURFACE_WITH_KNOTS((3,2,3),(3,3),
  (73.257275402663,96.261587608574,119.26589981448),(22.776546738526,
68.329640215578),.UNSPECIFIED.) GEOMETRIC_REPRESENTATION_ITEM() 
RATIONAL_B_SPLINE_SURFACE((
    (1.,0.707106781187,1.)
    ,(0.922369618366,0.652213811907,0.922369618366)
    ,(1.,0.707106781187,1.)
    ,(0.922369618366,0.652213811907,0.922369618366)
,(1.,0.707106781187,1.))) REPRESENTATION_ITEM('') SURFACE() );
#1716 = CARTESIAN_POINT('',(-4.71,4.71,5.));
#1717 = CARTESIAN_POINT('',(-5.,4.71,5.));
#1718 = CARTESIAN_POINT('',(-5.,4.71,4.71));
#1719 = CARTESIAN_POINT('',(-4.71,4.795884010882,5.));
#1720 = CARTESIAN_POINT('',(-5.,4.881768021764,5.));
#1721 = CARTESIAN_POINT('',(-5.,4.795884010882,4.71));
#1722 = CARTESIAN_POINT('',(-4.666722056737,4.856134343487,
    4.956722056737));
#1723 = CARTESIAN_POINT('',(-4.913444113474,5.002268686975,
    4.913444113474));
#1724 = CARTESIAN_POINT('',(-4.956722056737,4.856134343487,
    4.666722056737));
#1725 = CARTESIAN_POINT('',(-4.623444113474,4.916384676092,
    4.913444113474));
#1726 = CARTESIAN_POINT('',(-4.826888226947,5.122769352185,
    4.826888226947));
#1727 = CARTESIAN_POINT('',(-4.913444113474,4.916384676092,
    4.623444113474));
#1728 = CARTESIAN_POINT('',(-4.56272243899,4.915035668682,4.85272243899)
  );
#1729 = CARTESIAN_POINT('',(-4.70544487798,5.120071337363,4.70544487798)
  );
#1730 = CARTESIAN_POINT('',(-4.85272243899,4.915035668682,4.56272243899)
  );
#1731 = ADVANCED_FACE('',(#1732),#1803,.T.);
#1732 = FACE_BOUND('',#1733,.T.);
#1733 = EDGE_LOOP('',(#1734,#1735,#1736,#1737,#1738,#1745,#1753,#1760,
    #1772,#1779,#1786,#1798));
#1734 = ORIENTED_EDGE('',*,*,#860,.F.);
#1735 = ORIENTED_EDGE('',*,*,#622,.T.);
#1736 = ORIENTED_EDGE('',*,*,#1315,.T.);
#1737 = ORIENTED_EDGE('',*,*,#1302,.F.);
#1738 = ORIENTED_EDGE('',*,*,#1739,.F.);
#1739 = EDGE_CURVE('',#1740,#1294,#1742,.T.);
#1740 = VERTEX_POINT('',#1741);
#1741 = CARTESIAN_POINT('',(4.71,5.,1.E-02));
#1742 = B_SPLINE_CURVE_WITH_KNOTS('',1,(#1743,#1744),.UNSPECIFIED.,.F.,
  .F.,(2,2),(0.,471.),.PIECEWISE_BEZIER_KNOTS.);
#1743 = CARTESIAN_POINT('',(4.71,5.,3.608224830032E-15));
#1744 = CARTESIAN_POINT('',(4.71,5.,4.71));
#1745 = ORIENTED_EDGE('',*,*,#1746,.F.);
#1746 = EDGE_CURVE('',#1747,#1740,#1749,.T.);
#1747 = VERTEX_POINT('',#1748);
#1748 = CARTESIAN_POINT('',(3.79,5.,1.E-02));
#1749 = LINE('',#1750,#1751);
#1750 = CARTESIAN_POINT('',(-7.5,5.,1.E-02));
#1751 = VECTOR('',#1752,1.);
#1752 = DIRECTION('',(1.,0.,0.));
#1753 = ORIENTED_EDGE('',*,*,#1754,.F.);
#1754 = EDGE_CURVE('',#1755,#1747,#1757,.T.);
#1755 = VERTEX_POINT('',#1756);
#1756 = CARTESIAN_POINT('',(3.79,5.,3.21));
#1757 = B_SPLINE_CURVE_WITH_KNOTS('',1,(#1758,#1759),.UNSPECIFIED.,.F.,
  .F.,(2,2),(0.,321.),.PIECEWISE_BEZIER_KNOTS.);
#1758 = CARTESIAN_POINT('',(3.79,5.,3.21));
#1759 = CARTESIAN_POINT('',(3.79,5.,3.608224830032E-15));
#1760 = ORIENTED_EDGE('',*,*,#1761,.F.);
#1761 = EDGE_CURVE('',#1762,#1755,#1764,.T.);
#1762 = VERTEX_POINT('',#1763);
#1763 = CARTESIAN_POINT('',(3.21,5.,3.79));
#1764 = ( BOUNDED_CURVE() B_SPLINE_CURVE(3,(#1765,#1766,#1767,#1768,
#1769,#1770,#1771),.UNSPECIFIED.,.F.,.F.) B_SPLINE_CURVE_WITH_KNOTS((4,1
    ,1,1,4),(0.,21.863496405469,45.552805753504,69.242115101538,
91.105611507008),.UNSPECIFIED.) CURVE() GEOMETRIC_REPRESENTATION_ITEM() 
RATIONAL_B_SPLINE_CURVE((1.,1.,1.,1.,1.,1.,1.)) REPRESENTATION_ITEM('') 
  );
#1765 = CARTESIAN_POINT('',(3.21,5.,3.79));
#1766 = CARTESIAN_POINT('',(3.282874020927,5.,3.79002637628));
#1767 = CARTESIAN_POINT('',(3.434705972607,5.,3.761067864822));
#1768 = CARTESIAN_POINT('',(3.631715005679,5.,3.631715005679));
#1769 = CARTESIAN_POINT('',(3.761067864822,5.,3.434705972607));
#1770 = CARTESIAN_POINT('',(3.79002637628,5.,3.282874020927));
#1771 = CARTESIAN_POINT('',(3.79,5.,3.21));
#1772 = ORIENTED_EDGE('',*,*,#1773,.F.);
#1773 = EDGE_CURVE('',#1774,#1762,#1776,.T.);
#1774 = VERTEX_POINT('',#1775);
#1775 = CARTESIAN_POINT('',(1.051936315832E-15,5.,3.79));
#1776 = B_SPLINE_CURVE_WITH_KNOTS('',1,(#1777,#1778),.UNSPECIFIED.,.F.,
  .F.,(2,2),(0.,321.),.PIECEWISE_BEZIER_KNOTS.);
#1777 = CARTESIAN_POINT('',(1.051936315832E-15,5.,3.79));
#1778 = CARTESIAN_POINT('',(3.21,5.,3.79));
#1779 = ORIENTED_EDGE('',*,*,#1780,.T.);
#1780 = EDGE_CURVE('',#1774,#1781,#1783,.T.);
#1781 = VERTEX_POINT('',#1782);
#1782 = CARTESIAN_POINT('',(-3.21,5.,3.79));
#1783 = B_SPLINE_CURVE_WITH_KNOTS('',1,(#1784,#1785),.UNSPECIFIED.,.F.,
  .F.,(2,2),(0.,321.),.PIECEWISE_BEZIER_KNOTS.);
#1784 = CARTESIAN_POINT('',(1.051936315832E-15,5.,3.79));
#1785 = CARTESIAN_POINT('',(-3.21,5.,3.79));
#1786 = ORIENTED_EDGE('',*,*,#1787,.T.);
#1787 = EDGE_CURVE('',#1781,#1788,#1790,.T.);
#1788 = VERTEX_POINT('',#1789);
#1789 = CARTESIAN_POINT('',(-3.79,5.,3.21));
#1790 = ( BOUNDED_CURVE() B_SPLINE_CURVE(3,(#1791,#1792,#1793,#1794,
#1795,#1796,#1797),.UNSPECIFIED.,.F.,.F.) B_SPLINE_CURVE_WITH_KNOTS((4,1
    ,1,1,4),(0.,21.863496405469,45.552805753504,69.242115101538,
91.105611507008),.UNSPECIFIED.) CURVE() GEOMETRIC_REPRESENTATION_ITEM() 
RATIONAL_B_SPLINE_CURVE((1.,1.,1.,1.,1.,1.,1.)) REPRESENTATION_ITEM('') 
  );
#1791 = CARTESIAN_POINT('',(-3.21,5.,3.79));
#1792 = CARTESIAN_POINT('',(-3.282874020927,5.,3.79002637628));
#1793 = CARTESIAN_POINT('',(-3.434705972607,5.,3.761067864822));
#1794 = CARTESIAN_POINT('',(-3.631715005679,5.,3.631715005679));
#1795 = CARTESIAN_POINT('',(-3.761067864822,5.,3.434705972607));
#1796 = CARTESIAN_POINT('',(-3.79002637628,5.,3.282874020927));
#1797 = CARTESIAN_POINT('',(-3.79,5.,3.21));
#1798 = ORIENTED_EDGE('',*,*,#1799,.T.);
#1799 = EDGE_CURVE('',#1788,#852,#1800,.T.);
#1800 = B_SPLINE_CURVE_WITH_KNOTS('',1,(#1801,#1802),.UNSPECIFIED.,.F.,
  .F.,(2,2),(0.,321.),.PIECEWISE_BEZIER_KNOTS.);
#1801 = CARTESIAN_POINT('',(-3.79,5.,3.21));
#1802 = CARTESIAN_POINT('',(-3.79,5.,5.712097461696E-15));
#1803 = PLANE('',#1804);
#1804 = AXIS2_PLACEMENT_3D('',#1805,#1806,#1807);
#1805 = CARTESIAN_POINT('',(-5.,5.,-5.));
#1806 = DIRECTION('',(0.,1.,0.));
#1807 = DIRECTION('',(0.,0.,1.));
#1808 = ADVANCED_FACE('',(#1809),#1850,.F.);
#1809 = FACE_BOUND('',#1810,.F.);
#1810 = EDGE_LOOP('',(#1811,#1818,#1819,#1820,#1836));
#1811 = ORIENTED_EDGE('',*,*,#1812,.T.);
#1812 = EDGE_CURVE('',#1813,#660,#1815,.T.);
#1813 = VERTEX_POINT('',#1814);
#1814 = CARTESIAN_POINT('',(-3.79,-3.21,3.5));
#1815 = B_SPLINE_CURVE_WITH_KNOTS('',1,(#1816,#1817),.UNSPECIFIED.,.F.,
  .F.,(2,2),(0.,92.000000000001),.PIECEWISE_BEZIER_KNOTS.);
#1816 = CARTESIAN_POINT('',(-3.79,-3.21,3.5));
#1817 = CARTESIAN_POINT('',(-4.71,-3.21,3.5));
#1818 = ORIENTED_EDGE('',*,*,#659,.T.);
#1819 = ORIENTED_EDGE('',*,*,#1154,.F.);
#1820 = ORIENTED_EDGE('',*,*,#1821,.T.);
#1821 = EDGE_CURVE('',#1146,#1822,#1824,.T.);
#1822 = VERTEX_POINT('',#1823);
#1823 = CARTESIAN_POINT('',(-3.620121933088,-3.415060966544,
    3.415060966544));
#1824 = ( BOUNDED_CURVE() B_SPLINE_CURVE(3,(#1825,#1826,#1827,#1828,
    #1829,#1830,#1831,#1832,#1833,#1834,#1835),.UNSPECIFIED.,.F.,.F.) 
B_SPLINE_CURVE_WITH_KNOTS((4,1,1,1,1,1,1,1,4),(0.,5.225562490263,
    10.67140946022,16.371434799463,22.35682146474,28.651028806887,
    35.265103795654,42.194177461723,49.415742474403),.UNSPECIFIED.) 
CURVE() GEOMETRIC_REPRESENTATION_ITEM() RATIONAL_B_SPLINE_CURVE((1.,1.,
1.,1.,1.,1.,1.,1.,1.,1.,1.)) REPRESENTATION_ITEM('') );
#1825 = CARTESIAN_POINT('',(-3.79,-3.5,3.21));
#1826 = CARTESIAN_POINT('',(-3.790000552564,-3.500000276282,
    3.218709312254));
#1827 = CARTESIAN_POINT('',(-3.788392284665,-3.499196142331,
    3.236495023547));
#1828 = CARTESIAN_POINT('',(-3.780989697186,-3.495494848594,
    3.263332746232));
#1829 = CARTESIAN_POINT('',(-3.768174830758,-3.489087415378,
    3.29047194823));
#1830 = CARTESIAN_POINT('',(-3.749702248682,-3.479851124341,
    3.317507878735));
#1831 = CARTESIAN_POINT('',(-3.725483109098,-3.467741554549,3.3440024342
    ));
#1832 = CARTESIAN_POINT('',(-3.695603956161,-3.45280197808,3.36950460751
    ));
#1833 = CARTESIAN_POINT('',(-3.660334437641,-3.43516721882,
    3.393571714324));
#1834 = CARTESIAN_POINT('',(-3.63401944295,-3.422009721475,
    3.408112021826));
#1835 = CARTESIAN_POINT('',(-3.620121933088,-3.415060966544,
    3.415060966544));
#1836 = ORIENTED_EDGE('',*,*,#1837,.F.);
#1837 = EDGE_CURVE('',#1813,#1822,#1838,.T.);
#1838 = ( BOUNDED_CURVE() B_SPLINE_CURVE(3,(#1839,#1840,#1841,#1842,
    #1843,#1844,#1845,#1846,#1847,#1848,#1849),.UNSPECIFIED.,.F.,.F.) 
B_SPLINE_CURVE_WITH_KNOTS((4,1,1,1,1,1,1,1,4),(0.,5.225562490263,
    10.671409460221,16.371434799463,22.35682146474,28.651028806887,
    35.265103795654,42.194177461723,49.415742474403),.UNSPECIFIED.) 
CURVE() GEOMETRIC_REPRESENTATION_ITEM() RATIONAL_B_SPLINE_CURVE((1.,1.,
1.,1.,1.,1.,1.,1.,1.,1.,1.)) REPRESENTATION_ITEM('') );
#1839 = CARTESIAN_POINT('',(-3.79,-3.21,3.5));
#1840 = CARTESIAN_POINT('',(-3.790000552565,-3.218709312256,
    3.500000276282));
#1841 = CARTESIAN_POINT('',(-3.788392284663,-3.236495023545,
    3.499196142332));
#1842 = CARTESIAN_POINT('',(-3.780989697188,-3.263332746235,
    3.495494848593));
#1843 = CARTESIAN_POINT('',(-3.768174830755,-3.290471948228,
    3.489087415379));
#1844 = CARTESIAN_POINT('',(-3.749702248682,-3.317507878735,
    3.479851124341));
#1845 = CARTESIAN_POINT('',(-3.725483109098,-3.3440024342,3.467741554549
    ));
#1846 = CARTESIAN_POINT('',(-3.695603956161,-3.36950460751,3.45280197808
    ));
#1847 = CARTESIAN_POINT('',(-3.660334437641,-3.393571714324,
    3.43516721882));
#1848 = CARTESIAN_POINT('',(-3.63401944295,-3.408112021826,
    3.422009721475));
#1849 = CARTESIAN_POINT('',(-3.620121933088,-3.415060966544,
    3.415060966544));
#1850 = CYLINDRICAL_SURFACE('',#1851,0.29);
#1851 = AXIS2_PLACEMENT_3D('',#1852,#1853,#1854);
#1852 = CARTESIAN_POINT('',(-4.25,-3.21,3.21));
#1853 = DIRECTION('',(1.,0.,0.));
#1854 = DIRECTION('',(0.,0.,1.));
#1855 = ADVANCED_FACE('',(#1856),#1880,.T.);
#1856 = FACE_BOUND('',#1857,.T.);
#1857 = EDGE_LOOP('',(#1858,#1859,#1866,#1873,#1878,#1879));
#1858 = ORIENTED_EDGE('',*,*,#739,.T.);
#1859 = ORIENTED_EDGE('',*,*,#1860,.F.);
#1860 = EDGE_CURVE('',#1861,#731,#1863,.T.);
#1861 = VERTEX_POINT('',#1862);
#1862 = CARTESIAN_POINT('',(-3.79,3.21,3.5));
#1863 = B_SPLINE_CURVE_WITH_KNOTS('',1,(#1864,#1865),.UNSPECIFIED.,.F.,
  .F.,(2,2),(0.,92.000000000001),.PIECEWISE_BEZIER_KNOTS.);
#1864 = CARTESIAN_POINT('',(-3.79,3.21,3.5));
#1865 = CARTESIAN_POINT('',(-4.71,3.21,3.5));
#1866 = ORIENTED_EDGE('',*,*,#1867,.F.);
#1867 = EDGE_CURVE('',#1868,#1861,#1870,.T.);
#1868 = VERTEX_POINT('',#1869);
#1869 = CARTESIAN_POINT('',(-3.79,-1.518249093759E-30,3.5));
#1870 = B_SPLINE_CURVE_WITH_KNOTS('',1,(#1871,#1872),.UNSPECIFIED.,.F.,
  .F.,(2,2),(0.,321.),.PIECEWISE_BEZIER_KNOTS.);
#1871 = CARTESIAN_POINT('',(-3.79,-1.518249093759E-30,3.5));
#1872 = CARTESIAN_POINT('',(-3.79,3.21,3.5));
#1873 = ORIENTED_EDGE('',*,*,#1874,.T.);
#1874 = EDGE_CURVE('',#1868,#1813,#1875,.T.);
#1875 = B_SPLINE_CURVE_WITH_KNOTS('',1,(#1876,#1877),.UNSPECIFIED.,.F.,
  .F.,(2,2),(0.,321.),.PIECEWISE_BEZIER_KNOTS.);
#1876 = CARTESIAN_POINT('',(-3.79,-1.518249093759E-30,3.5));
#1877 = CARTESIAN_POINT('',(-3.79,-3.21,3.5));
#1878 = ORIENTED_EDGE('',*,*,#1812,.T.);
#1879 = ORIENTED_EDGE('',*,*,#714,.F.);
#1880 = PLANE('',#1881);
#1881 = AXIS2_PLACEMENT_3D('',#1882,#1883,#1884);
#1882 = CARTESIAN_POINT('',(-3.698,3.5,3.5));
#1883 = DIRECTION('',(0.,0.,-1.));
#1884 = DIRECTION('',(-1.,0.,0.));
#1885 = ADVANCED_FACE('',(#1886),#1927,.F.);
#1886 = FACE_BOUND('',#1887,.F.);
#1887 = EDGE_LOOP('',(#1888,#1904,#1920,#1925,#1926));
#1888 = ORIENTED_EDGE('',*,*,#1889,.T.);
#1889 = EDGE_CURVE('',#1861,#1890,#1892,.T.);
#1890 = VERTEX_POINT('',#1891);
#1891 = CARTESIAN_POINT('',(-3.620121933088,3.415060966544,
    3.415060966544));
#1892 = ( BOUNDED_CURVE() B_SPLINE_CURVE(3,(#1893,#1894,#1895,#1896,
    #1897,#1898,#1899,#1900,#1901,#1902,#1903),.UNSPECIFIED.,.F.,.F.) 
B_SPLINE_CURVE_WITH_KNOTS((4,1,1,1,1,1,1,1,4),(0.,5.225562490263,
    10.671409460221,16.371434799463,22.35682146474,28.651028806887,
    35.265103795654,42.194177461723,49.415742474403),.UNSPECIFIED.) 
CURVE() GEOMETRIC_REPRESENTATION_ITEM() RATIONAL_B_SPLINE_CURVE((1.,1.,
1.,1.,1.,1.,1.,1.,1.,1.,1.)) REPRESENTATION_ITEM('') );
#1893 = CARTESIAN_POINT('',(-3.79,3.21,3.5));
#1894 = CARTESIAN_POINT('',(-3.790000552565,3.218709312256,
    3.500000276282));
#1895 = CARTESIAN_POINT('',(-3.788392284663,3.236495023545,
    3.499196142332));
#1896 = CARTESIAN_POINT('',(-3.780989697188,3.263332746235,
    3.495494848593));
#1897 = CARTESIAN_POINT('',(-3.768174830755,3.290471948228,
    3.489087415379));
#1898 = CARTESIAN_POINT('',(-3.749702248682,3.317507878735,
    3.479851124341));
#1899 = CARTESIAN_POINT('',(-3.725483109098,3.3440024342,3.467741554549)
  );
#1900 = CARTESIAN_POINT('',(-3.695603956161,3.36950460751,3.45280197808)
  );
#1901 = CARTESIAN_POINT('',(-3.660334437641,3.393571714324,3.43516721882
    ));
#1902 = CARTESIAN_POINT('',(-3.63401944295,3.408112021826,3.422009721475
    ));
#1903 = CARTESIAN_POINT('',(-3.620121933088,3.415060966544,
    3.415060966544));
#1904 = ORIENTED_EDGE('',*,*,#1905,.F.);
#1905 = EDGE_CURVE('',#1906,#1890,#1908,.T.);
#1906 = VERTEX_POINT('',#1907);
#1907 = CARTESIAN_POINT('',(-3.79,3.5,3.21));
#1908 = ( BOUNDED_CURVE() B_SPLINE_CURVE(3,(#1909,#1910,#1911,#1912,
    #1913,#1914,#1915,#1916,#1917,#1918,#1919),.UNSPECIFIED.,.F.,.F.) 
B_SPLINE_CURVE_WITH_KNOTS((4,1,1,1,1,1,1,1,4),(0.,5.225562490263,
    10.67140946022,16.371434799463,22.35682146474,28.651028806887,
    35.265103795654,42.194177461723,49.415742474403),.UNSPECIFIED.) 
CURVE() GEOMETRIC_REPRESENTATION_ITEM() RATIONAL_B_SPLINE_CURVE((1.,1.,
1.,1.,1.,1.,1.,1.,1.,1.,1.)) REPRESENTATION_ITEM('') );
#1909 = CARTESIAN_POINT('',(-3.79,3.5,3.21));
#1910 = CARTESIAN_POINT('',(-3.790000552564,3.500000276282,
    3.218709312254));
#1911 = CARTESIAN_POINT('',(-3.788392284665,3.499196142331,
    3.236495023547));
#1912 = CARTESIAN_POINT('',(-3.780989697186,3.495494848594,
    3.263332746232));
#1913 = CARTESIAN_POINT('',(-3.768174830758,3.489087415378,3.29047194823
    ));
#1914 = CARTESIAN_POINT('',(-3.749702248682,3.479851124341,
    3.317507878735));
#1915 = CARTESIAN_POINT('',(-3.725483109098,3.467741554549,3.3440024342)
  );
#1916 = CARTESIAN_POINT('',(-3.695603956161,3.45280197808,3.36950460751)
  );
#1917 = CARTESIAN_POINT('',(-3.660334437641,3.43516721882,3.393571714324
    ));
#1918 = CARTESIAN_POINT('',(-3.63401944295,3.422009721475,3.408112021826
    ));
#1919 = CARTESIAN_POINT('',(-3.620121933088,3.415060966544,
    3.415060966544));
#1920 = ORIENTED_EDGE('',*,*,#1921,.T.);
#1921 = EDGE_CURVE('',#1906,#756,#1922,.T.);
#1922 = B_SPLINE_CURVE_WITH_KNOTS('',1,(#1923,#1924),.UNSPECIFIED.,.F.,
  .F.,(2,2),(0.,92.),.PIECEWISE_BEZIER_KNOTS.);
#1923 = CARTESIAN_POINT('',(-3.79,3.5,3.21));
#1924 = CARTESIAN_POINT('',(-4.71,3.5,3.21));
#1925 = ORIENTED_EDGE('',*,*,#764,.F.);
#1926 = ORIENTED_EDGE('',*,*,#1860,.F.);
#1927 = CYLINDRICAL_SURFACE('',#1928,0.29);
#1928 = AXIS2_PLACEMENT_3D('',#1929,#1930,#1931);
#1929 = CARTESIAN_POINT('',(-4.25,3.21,3.21));
#1930 = DIRECTION('',(-1.,0.,0.));
#1931 = DIRECTION('',(0.,0.,-1.));
#1932 = ADVANCED_FACE('',(#1933),#1943,.T.);
#1933 = FACE_BOUND('',#1934,.T.);
#1934 = EDGE_LOOP('',(#1935,#1936,#1941,#1942));
#1935 = ORIENTED_EDGE('',*,*,#826,.F.);
#1936 = ORIENTED_EDGE('',*,*,#1937,.T.);
#1937 = EDGE_CURVE('',#827,#1906,#1938,.T.);
#1938 = B_SPLINE_CURVE_WITH_KNOTS('',1,(#1939,#1940),.UNSPECIFIED.,.F.,
  .F.,(2,2),(0.,321.),.PIECEWISE_BEZIER_KNOTS.);
#1939 = CARTESIAN_POINT('',(-3.79,3.5,4.629630012687E-15));
#1940 = CARTESIAN_POINT('',(-3.79,3.5,3.21));
#1941 = ORIENTED_EDGE('',*,*,#1921,.T.);
#1942 = ORIENTED_EDGE('',*,*,#799,.T.);
#1943 = PLANE('',#1944);
#1944 = AXIS2_PLACEMENT_3D('',#1945,#1946,#1947);
#1945 = CARTESIAN_POINT('',(-3.698,3.5,-3.5));
#1946 = DIRECTION('',(0.,-1.,0.));
#1947 = DIRECTION('',(0.,0.,-1.));
#1948 = ADVANCED_FACE('',(#1949),#1967,.T.);
#1949 = FACE_BOUND('',#1950,.T.);
#1950 = EDGE_LOOP('',(#1951,#1958,#1959,#1960));
#1951 = ORIENTED_EDGE('',*,*,#1952,.T.);
#1952 = EDGE_CURVE('',#1953,#844,#1955,.T.);
#1953 = VERTEX_POINT('',#1954);
#1954 = CARTESIAN_POINT('',(-3.5,4.71,3.21));
#1955 = B_SPLINE_CURVE_WITH_KNOTS('',1,(#1956,#1957),.UNSPECIFIED.,.F.,
  .F.,(2,2),(0.,321.),.PIECEWISE_BEZIER_KNOTS.);
#1956 = CARTESIAN_POINT('',(-3.5,4.71,3.21));
#1957 = CARTESIAN_POINT('',(-3.5,4.71,5.341838082984E-15));
#1958 = ORIENTED_EDGE('',*,*,#851,.F.);
#1959 = ORIENTED_EDGE('',*,*,#1799,.F.);
#1960 = ORIENTED_EDGE('',*,*,#1961,.F.);
#1961 = EDGE_CURVE('',#1953,#1788,#1962,.T.);
#1962 = CIRCLE('',#1963,0.29);
#1963 = AXIS2_PLACEMENT_3D('',#1964,#1965,#1966);
#1964 = CARTESIAN_POINT('',(-3.79,4.71,3.21));
#1965 = DIRECTION('',(-5.606496470401E-16,5.181883238952E-15,1.));
#1966 = DIRECTION('',(1.,2.905221008922E-30,5.606496470401E-16));
#1967 = CYLINDRICAL_SURFACE('',#1968,0.29);
#1968 = AXIS2_PLACEMENT_3D('',#1969,#1970,#1971);
#1969 = CARTESIAN_POINT('',(-3.79,4.71,-7.176999099542E-16));
#1970 = DIRECTION('',(1.517738461372E-15,-3.964391672919E-16,-1.));
#1971 = DIRECTION('',(-1.,0.,-1.517738461372E-15));
#1972 = ADVANCED_FACE('',(#1973),#1989,.T.);
#1973 = FACE_BOUND('',#1974,.T.);
#1974 = EDGE_LOOP('',(#1975,#1976,#1983,#1988));
#1975 = ORIENTED_EDGE('',*,*,#1952,.F.);
#1976 = ORIENTED_EDGE('',*,*,#1977,.T.);
#1977 = EDGE_CURVE('',#1953,#1978,#1980,.T.);
#1978 = VERTEX_POINT('',#1979);
#1979 = CARTESIAN_POINT('',(-3.5,3.79,3.21));
#1980 = B_SPLINE_CURVE_WITH_KNOTS('',1,(#1981,#1982),.UNSPECIFIED.,.F.,
  .F.,(2,2),(0.,92.),.PIECEWISE_BEZIER_KNOTS.);
#1981 = CARTESIAN_POINT('',(-3.5,4.71,3.21));
#1982 = CARTESIAN_POINT('',(-3.5,3.79,3.21));
#1983 = ORIENTED_EDGE('',*,*,#1984,.F.);
#1984 = EDGE_CURVE('',#835,#1978,#1985,.T.);
#1985 = B_SPLINE_CURVE_WITH_KNOTS('',1,(#1986,#1987),.UNSPECIFIED.,.F.,
  .F.,(2,2),(0.,321.),.PIECEWISE_BEZIER_KNOTS.);
#1986 = CARTESIAN_POINT('',(-3.5,3.79,4.677924714258E-15));
#1987 = CARTESIAN_POINT('',(-3.5,3.79,3.21));
#1988 = ORIENTED_EDGE('',*,*,#843,.F.);
#1989 = PLANE('',#1990);
#1990 = AXIS2_PLACEMENT_3D('',#1991,#1992,#1993);
#1991 = CARTESIAN_POINT('',(-3.5,3.698,3.5));
#1992 = DIRECTION('',(1.,0.,0.));
#1993 = DIRECTION('',(0.,0.,1.));
#1994 = ADVANCED_FACE('',(#1995),#2007,.T.);
#1995 = FACE_BOUND('',#1996,.T.);
#1996 = EDGE_LOOP('',(#1997,#1998,#1999,#2000));
#1997 = ORIENTED_EDGE('',*,*,#1937,.F.);
#1998 = ORIENTED_EDGE('',*,*,#834,.T.);
#1999 = ORIENTED_EDGE('',*,*,#1984,.T.);
#2000 = ORIENTED_EDGE('',*,*,#2001,.F.);
#2001 = EDGE_CURVE('',#1906,#1978,#2002,.T.);
#2002 = CIRCLE('',#2003,0.29);
#2003 = AXIS2_PLACEMENT_3D('',#2004,#2005,#2006);
#2004 = CARTESIAN_POINT('',(-3.79,3.79,3.21));
#2005 = DIRECTION('',(-4.621233591912E-15,4.621233591912E-15,1.));
#2006 = DIRECTION('',(-1.148506577198E-14,-1.,4.621233591912E-15));
#2007 = CYLINDRICAL_SURFACE('',#2008,0.29);
#2008 = AXIS2_PLACEMENT_3D('',#2009,#2010,#2011);
#2009 = CARTESIAN_POINT('',(-3.79,3.79,-1.887098775361E-15));
#2010 = DIRECTION('',(-1.320685885674E-14,1.224977004241E-14,1.));
#2011 = DIRECTION('',(1.,0.,1.320685885674E-14));
#2012 = ADVANCED_FACE('',(#2013),#2029,.T.);
#2013 = FACE_BOUND('',#2014,.T.);
#2014 = EDGE_LOOP('',(#2015,#2016,#2023,#2028));
#2015 = ORIENTED_EDGE('',*,*,#941,.F.);
#2016 = ORIENTED_EDGE('',*,*,#2017,.T.);
#2017 = EDGE_CURVE('',#942,#2018,#2020,.T.);
#2018 = VERTEX_POINT('',#2019);
#2019 = CARTESIAN_POINT('',(3.5,-3.79,3.21));
#2020 = B_SPLINE_CURVE_WITH_KNOTS('',1,(#2021,#2022),.UNSPECIFIED.,.F.,
  .F.,(2,2),(0.,92.),.PIECEWISE_BEZIER_KNOTS.);
#2021 = CARTESIAN_POINT('',(3.5,-4.71,3.21));
#2022 = CARTESIAN_POINT('',(3.5,-3.79,3.21));
#2023 = ORIENTED_EDGE('',*,*,#2024,.F.);
#2024 = EDGE_CURVE('',#909,#2018,#2025,.T.);
#2025 = B_SPLINE_CURVE_WITH_KNOTS('',1,(#2026,#2027),.UNSPECIFIED.,.F.,
  .F.,(2,2),(0.,321.),.PIECEWISE_BEZIER_KNOTS.);
#2026 = CARTESIAN_POINT('',(3.5,-3.79,-2.735034421164E-15));
#2027 = CARTESIAN_POINT('',(3.5,-3.79,3.21));
#2028 = ORIENTED_EDGE('',*,*,#917,.F.);
#2029 = PLANE('',#2030);
#2030 = AXIS2_PLACEMENT_3D('',#2031,#2032,#2033);
#2031 = CARTESIAN_POINT('',(3.5,-3.698,3.5));
#2032 = DIRECTION('',(-1.,0.,0.));
#2033 = DIRECTION('',(0.,0.,-1.));
#2034 = ADVANCED_FACE('',(#2035),#2053,.T.);
#2035 = FACE_BOUND('',#2036,.T.);
#2036 = EDGE_LOOP('',(#2037,#2044,#2045,#2046));
#2037 = ORIENTED_EDGE('',*,*,#2038,.F.);
#2038 = EDGE_CURVE('',#901,#2039,#2041,.T.);
#2039 = VERTEX_POINT('',#2040);
#2040 = CARTESIAN_POINT('',(3.79,-3.5,3.21));
#2041 = B_SPLINE_CURVE_WITH_KNOTS('',1,(#2042,#2043),.UNSPECIFIED.,.F.,
  .F.,(2,2),(0.,321.),.PIECEWISE_BEZIER_KNOTS.);
#2042 = CARTESIAN_POINT('',(3.79,-3.5,-2.525757381022E-15));
#2043 = CARTESIAN_POINT('',(3.79,-3.5,3.21));
#2044 = ORIENTED_EDGE('',*,*,#908,.T.);
#2045 = ORIENTED_EDGE('',*,*,#2024,.T.);
#2046 = ORIENTED_EDGE('',*,*,#2047,.F.);
#2047 = EDGE_CURVE('',#2039,#2018,#2048,.T.);
#2048 = CIRCLE('',#2049,0.29);
#2049 = AXIS2_PLACEMENT_3D('',#2050,#2051,#2052);
#2050 = CARTESIAN_POINT('',(3.79,-3.79,3.21));
#2051 = DIRECTION('',(7.8889392022E-15,-5.974761573536E-15,1.));
#2052 = DIRECTION('',(7.656710514656E-15,1.,5.974761573536E-15));
#2053 = CYLINDRICAL_SURFACE('',#2054,0.29);
#2054 = AXIS2_PLACEMENT_3D('',#2055,#2056,#2057);
#2055 = CARTESIAN_POINT('',(3.79,-3.79,-4.642931056664E-15));
#2056 = DIRECTION('',(1.601010709194E-14,-1.218175183462E-14,1.));
#2057 = DIRECTION('',(1.,0.,-1.601010709194E-14));
#2058 = ADVANCED_FACE('',(#2059),#2075,.T.);
#2059 = FACE_BOUND('',#2060,.T.);
#2060 = EDGE_LOOP('',(#2061,#2062,#2063,#2070));
#2061 = ORIENTED_EDGE('',*,*,#900,.F.);
#2062 = ORIENTED_EDGE('',*,*,#2038,.T.);
#2063 = ORIENTED_EDGE('',*,*,#2064,.T.);
#2064 = EDGE_CURVE('',#2039,#2065,#2067,.T.);
#2065 = VERTEX_POINT('',#2066);
#2066 = CARTESIAN_POINT('',(4.71,-3.5,3.21));
#2067 = B_SPLINE_CURVE_WITH_KNOTS('',1,(#2068,#2069),.UNSPECIFIED.,.F.,
  .F.,(2,2),(0.,92.),.PIECEWISE_BEZIER_KNOTS.);
#2068 = CARTESIAN_POINT('',(3.79,-3.5,3.21));
#2069 = CARTESIAN_POINT('',(4.71,-3.5,3.21));
#2070 = ORIENTED_EDGE('',*,*,#2071,.T.);
#2071 = EDGE_CURVE('',#2065,#892,#2072,.T.);
#2072 = B_SPLINE_CURVE_WITH_KNOTS('',1,(#2073,#2074),.UNSPECIFIED.,.F.,
  .F.,(2,2),(0.,321.),.PIECEWISE_BEZIER_KNOTS.);
#2073 = CARTESIAN_POINT('',(4.71,-3.5,3.21));
#2074 = CARTESIAN_POINT('',(4.71,-3.5,-2.525757381022E-15));
#2075 = PLANE('',#2076);
#2076 = AXIS2_PLACEMENT_3D('',#2077,#2078,#2079);
#2077 = CARTESIAN_POINT('',(3.698,-3.5,-3.5));
#2078 = DIRECTION('',(0.,1.,0.));
#2079 = DIRECTION('',(0.,0.,1.));
#2080 = ADVANCED_FACE('',(#2081),#2099,.T.);
#2081 = FACE_BOUND('',#2082,.T.);
#2082 = EDGE_LOOP('',(#2083,#2084,#2093,#2098));
#2083 = ORIENTED_EDGE('',*,*,#2071,.F.);
#2084 = ORIENTED_EDGE('',*,*,#2085,.T.);
#2085 = EDGE_CURVE('',#2065,#2086,#2088,.T.);
#2086 = VERTEX_POINT('',#2087);
#2087 = CARTESIAN_POINT('',(5.,-3.79,3.21));
#2088 = CIRCLE('',#2089,0.29);
#2089 = AXIS2_PLACEMENT_3D('',#2090,#2091,#2092);
#2090 = CARTESIAN_POINT('',(4.71,-3.79,3.21));
#2091 = DIRECTION('',(8.318220465441E-14,8.318220465442E-14,-1.));
#2092 = DIRECTION('',(1.914177628664E-15,1.,8.318220465442E-14));
#2093 = ORIENTED_EDGE('',*,*,#2094,.T.);
#2094 = EDGE_CURVE('',#2086,#884,#2095,.T.);
#2095 = B_SPLINE_CURVE_WITH_KNOTS('',1,(#2096,#2097),.UNSPECIFIED.,.F.,
  .F.,(2,2),(0.,321.),.PIECEWISE_BEZIER_KNOTS.);
#2096 = CARTESIAN_POINT('',(5.,-3.79,3.21));
#2097 = CARTESIAN_POINT('',(5.,-3.79,-2.735034421164E-15));
#2098 = ORIENTED_EDGE('',*,*,#891,.T.);
#2099 = CYLINDRICAL_SURFACE('',#2100,0.29);
#2100 = AXIS2_PLACEMENT_3D('',#2101,#2102,#2103);
#2101 = CARTESIAN_POINT('',(4.71,-3.79,-3.031952190792E-14));
#2102 = DIRECTION('',(-1.007217202872E-13,-1.026358979159E-13,1.));
#2103 = DIRECTION('',(0.,1.,1.026358979159E-13));
#2104 = ADVANCED_FACE('',(#2105),#2170,.T.);
#2105 = FACE_BOUND('',#2106,.T.);
#2106 = EDGE_LOOP('',(#2107,#2117,#2122,#2123,#2124,#2125,#2126,#2127,
    #2139,#2146,#2153,#2165));
#2107 = ORIENTED_EDGE('',*,*,#2108,.F.);
#2108 = EDGE_CURVE('',#2109,#2111,#2113,.T.);
#2109 = VERTEX_POINT('',#2110);
#2110 = CARTESIAN_POINT('',(5.,4.71,1.E-02));
#2111 = VERTEX_POINT('',#2112);
#2112 = CARTESIAN_POINT('',(5.,3.79,1.E-02));
#2113 = LINE('',#2114,#2115);
#2114 = CARTESIAN_POINT('',(5.,-2.5,1.E-02));
#2115 = VECTOR('',#2116,1.);
#2116 = DIRECTION('',(0.,-1.,0.));
#2117 = ORIENTED_EDGE('',*,*,#2118,.T.);
#2118 = EDGE_CURVE('',#2109,#1260,#2119,.T.);
#2119 = B_SPLINE_CURVE_WITH_KNOTS('',1,(#2120,#2121),.UNSPECIFIED.,.F.,
  .F.,(2,2),(0.,471.),.PIECEWISE_BEZIER_KNOTS.);
#2120 = CARTESIAN_POINT('',(5.,4.71,3.39894778989E-15));
#2121 = CARTESIAN_POINT('',(5.,4.71,4.71));
#2122 = ORIENTED_EDGE('',*,*,#1259,.F.);
#2123 = ORIENTED_EDGE('',*,*,#1246,.T.);
#2124 = ORIENTED_EDGE('',*,*,#1122,.F.);
#2125 = ORIENTED_EDGE('',*,*,#883,.F.);
#2126 = ORIENTED_EDGE('',*,*,#2094,.F.);
#2127 = ORIENTED_EDGE('',*,*,#2128,.F.);
#2128 = EDGE_CURVE('',#2129,#2086,#2131,.T.);
#2129 = VERTEX_POINT('',#2130);
#2130 = CARTESIAN_POINT('',(5.,-3.21,3.79));
#2131 = ( BOUNDED_CURVE() B_SPLINE_CURVE(3,(#2132,#2133,#2134,#2135,
#2136,#2137,#2138),.UNSPECIFIED.,.F.,.F.) B_SPLINE_CURVE_WITH_KNOTS((4,1
    ,1,1,4),(0.,21.863496405469,45.552805753503,69.242115101538,
91.105611507007),.UNSPECIFIED.) CURVE() GEOMETRIC_REPRESENTATION_ITEM() 
RATIONAL_B_SPLINE_CURVE((1.,1.,1.,1.,1.,1.,1.)) REPRESENTATION_ITEM('') 
  );
#2132 = CARTESIAN_POINT('',(5.,-3.21,3.79));
#2133 = CARTESIAN_POINT('',(5.,-3.282874020927,3.79002637628));
#2134 = CARTESIAN_POINT('',(5.,-3.434705972607,3.761067864822));
#2135 = CARTESIAN_POINT('',(5.,-3.631715005679,3.631715005679));
#2136 = CARTESIAN_POINT('',(5.,-3.761067864822,3.434705972607));
#2137 = CARTESIAN_POINT('',(5.,-3.79002637628,3.282874020927));
#2138 = CARTESIAN_POINT('',(5.,-3.79,3.21));
#2139 = ORIENTED_EDGE('',*,*,#2140,.F.);
#2140 = EDGE_CURVE('',#2141,#2129,#2143,.T.);
#2141 = VERTEX_POINT('',#2142);
#2142 = CARTESIAN_POINT('',(5.,0.,3.79));
#2143 = B_SPLINE_CURVE_WITH_KNOTS('',1,(#2144,#2145),.UNSPECIFIED.,.F.,
  .F.,(2,2),(0.,321.),.PIECEWISE_BEZIER_KNOTS.);
#2144 = CARTESIAN_POINT('',(5.,0.,3.79));
#2145 = CARTESIAN_POINT('',(5.,-3.21,3.79));
#2146 = ORIENTED_EDGE('',*,*,#2147,.T.);
#2147 = EDGE_CURVE('',#2141,#2148,#2150,.T.);
#2148 = VERTEX_POINT('',#2149);
#2149 = CARTESIAN_POINT('',(5.,3.21,3.79));
#2150 = B_SPLINE_CURVE_WITH_KNOTS('',1,(#2151,#2152),.UNSPECIFIED.,.F.,
  .F.,(2,2),(0.,321.),.PIECEWISE_BEZIER_KNOTS.);
#2151 = CARTESIAN_POINT('',(5.,0.,3.79));
#2152 = CARTESIAN_POINT('',(5.,3.21,3.79));
#2153 = ORIENTED_EDGE('',*,*,#2154,.T.);
#2154 = EDGE_CURVE('',#2148,#2155,#2157,.T.);
#2155 = VERTEX_POINT('',#2156);
#2156 = CARTESIAN_POINT('',(5.,3.79,3.21));
#2157 = ( BOUNDED_CURVE() B_SPLINE_CURVE(3,(#2158,#2159,#2160,#2161,
#2162,#2163,#2164),.UNSPECIFIED.,.F.,.F.) B_SPLINE_CURVE_WITH_KNOTS((4,1
    ,1,1,4),(0.,21.863496405469,45.552805753503,69.242115101538,
91.105611507007),.UNSPECIFIED.) CURVE() GEOMETRIC_REPRESENTATION_ITEM() 
RATIONAL_B_SPLINE_CURVE((1.,1.,1.,1.,1.,1.,1.)) REPRESENTATION_ITEM('') 
  );
#2158 = CARTESIAN_POINT('',(5.,3.21,3.79));
#2159 = CARTESIAN_POINT('',(5.,3.282874020927,3.79002637628));
#2160 = CARTESIAN_POINT('',(5.,3.434705972607,3.761067864822));
#2161 = CARTESIAN_POINT('',(5.,3.631715005679,3.631715005679));
#2162 = CARTESIAN_POINT('',(5.,3.761067864822,3.434705972607));
#2163 = CARTESIAN_POINT('',(5.,3.79002637628,3.282874020927));
#2164 = CARTESIAN_POINT('',(5.,3.79,3.21));
#2165 = ORIENTED_EDGE('',*,*,#2166,.T.);
#2166 = EDGE_CURVE('',#2155,#2111,#2167,.T.);
#2167 = B_SPLINE_CURVE_WITH_KNOTS('',1,(#2168,#2169),.UNSPECIFIED.,.F.,
  .F.,(2,2),(0.,321.),.PIECEWISE_BEZIER_KNOTS.);
#2168 = CARTESIAN_POINT('',(5.,3.79,3.21));
#2169 = CARTESIAN_POINT('',(5.,3.79,2.735034421164E-15));
#2170 = PLANE('',#2171);
#2171 = AXIS2_PLACEMENT_3D('',#2172,#2173,#2174);
#2172 = CARTESIAN_POINT('',(5.,5.,-5.));
#2173 = DIRECTION('',(1.,0.,0.));
#2174 = DIRECTION('',(0.,0.,1.));
#2175 = ADVANCED_FACE('',(#2176),#2217,.F.);
#2176 = FACE_BOUND('',#2177,.F.);
#2177 = EDGE_LOOP('',(#2178,#2179,#2180,#2196,#2212));
#2178 = ORIENTED_EDGE('',*,*,#965,.T.);
#2179 = ORIENTED_EDGE('',*,*,#2017,.T.);
#2180 = ORIENTED_EDGE('',*,*,#2181,.T.);
#2181 = EDGE_CURVE('',#2018,#2182,#2184,.T.);
#2182 = VERTEX_POINT('',#2183);
#2183 = CARTESIAN_POINT('',(3.415060966544,-3.620121933088,
    3.415060966544));
#2184 = ( BOUNDED_CURVE() B_SPLINE_CURVE(3,(#2185,#2186,#2187,#2188,
    #2189,#2190,#2191,#2192,#2193,#2194,#2195),.UNSPECIFIED.,.F.,.F.) 
B_SPLINE_CURVE_WITH_KNOTS((4,1,1,1,1,1,1,1,4),(0.,5.225562490263,
    10.67140946022,16.371434799463,22.35682146474,28.651028806887,
    35.265103795654,42.194177461723,49.415742474403),.UNSPECIFIED.) 
CURVE() GEOMETRIC_REPRESENTATION_ITEM() RATIONAL_B_SPLINE_CURVE((1.,1.,
1.,1.,1.,1.,1.,1.,1.,1.,1.)) REPRESENTATION_ITEM('') );
#2185 = CARTESIAN_POINT('',(3.5,-3.79,3.21));
#2186 = CARTESIAN_POINT('',(3.500000276282,-3.790000552565,
    3.218709312256));
#2187 = CARTESIAN_POINT('',(3.499196142332,-3.788392284663,
    3.236495023545));
#2188 = CARTESIAN_POINT('',(3.495494848593,-3.780989697188,
    3.263332746235));
#2189 = CARTESIAN_POINT('',(3.489087415379,-3.768174830755,
    3.290471948228));
#2190 = CARTESIAN_POINT('',(3.479851124341,-3.749702248682,
    3.317507878735));
#2191 = CARTESIAN_POINT('',(3.467741554549,-3.725483109098,3.3440024342)
  );
#2192 = CARTESIAN_POINT('',(3.45280197808,-3.695603956161,3.36950460751)
  );
#2193 = CARTESIAN_POINT('',(3.43516721882,-3.660334437641,3.393571714324
    ));
#2194 = CARTESIAN_POINT('',(3.422009721475,-3.63401944295,3.408112021826
    ));
#2195 = CARTESIAN_POINT('',(3.415060966544,-3.620121933088,
    3.415060966544));
#2196 = ORIENTED_EDGE('',*,*,#2197,.F.);
#2197 = EDGE_CURVE('',#2198,#2182,#2200,.T.);
#2198 = VERTEX_POINT('',#2199);
#2199 = CARTESIAN_POINT('',(3.21,-3.79,3.5));
#2200 = ( BOUNDED_CURVE() B_SPLINE_CURVE(3,(#2201,#2202,#2203,#2204,
    #2205,#2206,#2207,#2208,#2209,#2210,#2211),.UNSPECIFIED.,.F.,.F.) 
B_SPLINE_CURVE_WITH_KNOTS((4,1,1,1,1,1,1,1,4),(0.,5.225562490263,
    10.67140946022,16.371434799463,22.35682146474,28.651028806886,
    35.265103795654,42.194177461723,49.415742474403),.UNSPECIFIED.) 
CURVE() GEOMETRIC_REPRESENTATION_ITEM() RATIONAL_B_SPLINE_CURVE((1.,1.,
1.,1.,1.,1.,1.,1.,1.,1.,1.)) REPRESENTATION_ITEM('') );
#2201 = CARTESIAN_POINT('',(3.21,-3.79,3.5));
#2202 = CARTESIAN_POINT('',(3.218709312256,-3.790000552565,
    3.500000276282));
#2203 = CARTESIAN_POINT('',(3.236495023545,-3.788392284663,
    3.499196142332));
#2204 = CARTESIAN_POINT('',(3.263332746235,-3.780989697188,
    3.495494848593));
#2205 = CARTESIAN_POINT('',(3.290471948228,-3.768174830755,
    3.489087415379));
#2206 = CARTESIAN_POINT('',(3.317507878735,-3.749702248682,
    3.479851124341));
#2207 = CARTESIAN_POINT('',(3.3440024342,-3.725483109098,3.467741554549)
  );
#2208 = CARTESIAN_POINT('',(3.36950460751,-3.695603956161,3.45280197808)
  );
#2209 = CARTESIAN_POINT('',(3.393571714324,-3.660334437641,3.43516721882
    ));
#2210 = CARTESIAN_POINT('',(3.408112021826,-3.63401944295,3.422009721475
    ));
#2211 = CARTESIAN_POINT('',(3.415060966544,-3.620121933088,
    3.415060966544));
#2212 = ORIENTED_EDGE('',*,*,#2213,.F.);
#2213 = EDGE_CURVE('',#966,#2198,#2214,.T.);
#2214 = B_SPLINE_CURVE_WITH_KNOTS('',1,(#2215,#2216),.UNSPECIFIED.,.F.,
  .F.,(2,2),(0.,92.000000000001),.PIECEWISE_BEZIER_KNOTS.);
#2215 = CARTESIAN_POINT('',(3.21,-4.71,3.5));
#2216 = CARTESIAN_POINT('',(3.21,-3.79,3.5));
#2217 = CYLINDRICAL_SURFACE('',#2218,0.29);
#2218 = AXIS2_PLACEMENT_3D('',#2219,#2220,#2221);
#2219 = CARTESIAN_POINT('',(3.21,-4.25,3.21));
#2220 = DIRECTION('',(0.,1.,0.));
#2221 = DIRECTION('',(0.,0.,1.));
#2222 = ADVANCED_FACE('',(#2223),#2247,.T.);
#2223 = FACE_BOUND('',#2224,.T.);
#2224 = EDGE_LOOP('',(#2225,#2232,#2233,#2234,#2235,#2242));
#2225 = ORIENTED_EDGE('',*,*,#2226,.F.);
#2226 = EDGE_CURVE('',#2198,#2227,#2229,.T.);
#2227 = VERTEX_POINT('',#2228);
#2228 = CARTESIAN_POINT('',(9.71445146547E-16,-3.79,3.5));
#2229 = B_SPLINE_CURVE_WITH_KNOTS('',1,(#2230,#2231),.UNSPECIFIED.,.F.,
  .F.,(2,2),(0.,321.),.PIECEWISE_BEZIER_KNOTS.);
#2230 = CARTESIAN_POINT('',(3.21,-3.79,3.5));
#2231 = CARTESIAN_POINT('',(9.71445146547E-16,-3.79,3.5));
#2232 = ORIENTED_EDGE('',*,*,#2213,.F.);
#2233 = ORIENTED_EDGE('',*,*,#1020,.F.);
#2234 = ORIENTED_EDGE('',*,*,#1045,.T.);
#2235 = ORIENTED_EDGE('',*,*,#2236,.T.);
#2236 = EDGE_CURVE('',#1037,#2237,#2239,.T.);
#2237 = VERTEX_POINT('',#2238);
#2238 = CARTESIAN_POINT('',(-3.21,-3.79,3.5));
#2239 = B_SPLINE_CURVE_WITH_KNOTS('',1,(#2240,#2241),.UNSPECIFIED.,.F.,
  .F.,(2,2),(0.,92.000000000001),.PIECEWISE_BEZIER_KNOTS.);
#2240 = CARTESIAN_POINT('',(-3.21,-4.71,3.5));
#2241 = CARTESIAN_POINT('',(-3.21,-3.79,3.5));
#2242 = ORIENTED_EDGE('',*,*,#2243,.T.);
#2243 = EDGE_CURVE('',#2237,#2227,#2244,.T.);
#2244 = B_SPLINE_CURVE_WITH_KNOTS('',1,(#2245,#2246),.UNSPECIFIED.,.F.,
  .F.,(2,2),(0.,321.),.PIECEWISE_BEZIER_KNOTS.);
#2245 = CARTESIAN_POINT('',(-3.21,-3.79,3.5));
#2246 = CARTESIAN_POINT('',(9.71445146547E-16,-3.79,3.5));
#2247 = PLANE('',#2248);
#2248 = AXIS2_PLACEMENT_3D('',#2249,#2250,#2251);
#2249 = CARTESIAN_POINT('',(-3.5,-3.698,3.5));
#2250 = DIRECTION('',(0.,0.,-1.));
#2251 = DIRECTION('',(-1.,0.,0.));
#2252 = ADVANCED_FACE('',(#2253),#2288,.F.);
#2253 = FACE_BOUND('',#2254,.F.);
#2254 = EDGE_LOOP('',(#2255,#2256,#2272,#2286,#2287));
#2255 = ORIENTED_EDGE('',*,*,#2236,.T.);
#2256 = ORIENTED_EDGE('',*,*,#2257,.T.);
#2257 = EDGE_CURVE('',#2237,#2258,#2260,.T.);
#2258 = VERTEX_POINT('',#2259);
#2259 = CARTESIAN_POINT('',(-3.415060966544,-3.620121933088,
    3.415060966544));
#2260 = ( BOUNDED_CURVE() B_SPLINE_CURVE(3,(#2261,#2262,#2263,#2264,
    #2265,#2266,#2267,#2268,#2269,#2270,#2271),.UNSPECIFIED.,.F.,.F.) 
B_SPLINE_CURVE_WITH_KNOTS((4,1,1,1,1,1,1,1,4),(0.,5.225562490263,
    10.67140946022,16.371434799463,22.35682146474,28.651028806886,
    35.265103795654,42.194177461723,49.415742474403),.UNSPECIFIED.) 
CURVE() GEOMETRIC_REPRESENTATION_ITEM() RATIONAL_B_SPLINE_CURVE((1.,1.,
1.,1.,1.,1.,1.,1.,1.,1.,1.)) REPRESENTATION_ITEM('') );
#2261 = CARTESIAN_POINT('',(-3.21,-3.79,3.5));
#2262 = CARTESIAN_POINT('',(-3.218709312256,-3.790000552565,
    3.500000276282));
#2263 = CARTESIAN_POINT('',(-3.236495023545,-3.788392284663,
    3.499196142332));
#2264 = CARTESIAN_POINT('',(-3.263332746235,-3.780989697188,
    3.495494848593));
#2265 = CARTESIAN_POINT('',(-3.290471948228,-3.768174830755,
    3.489087415379));
#2266 = CARTESIAN_POINT('',(-3.317507878735,-3.749702248682,
    3.479851124341));
#2267 = CARTESIAN_POINT('',(-3.3440024342,-3.725483109098,3.467741554549
    ));
#2268 = CARTESIAN_POINT('',(-3.36950460751,-3.695603956161,3.45280197808
    ));
#2269 = CARTESIAN_POINT('',(-3.393571714324,-3.660334437641,
    3.43516721882));
#2270 = CARTESIAN_POINT('',(-3.408112021826,-3.63401944295,
    3.422009721475));
#2271 = CARTESIAN_POINT('',(-3.415060966544,-3.620121933088,
    3.415060966544));
#2272 = ORIENTED_EDGE('',*,*,#2273,.F.);
#2273 = EDGE_CURVE('',#1170,#2258,#2274,.T.);
#2274 = ( BOUNDED_CURVE() B_SPLINE_CURVE(3,(#2275,#2276,#2277,#2278,
    #2279,#2280,#2281,#2282,#2283,#2284,#2285),.UNSPECIFIED.,.F.,.F.) 
B_SPLINE_CURVE_WITH_KNOTS((4,1,1,1,1,1,1,1,4),(0.,5.225562490263,
    10.67140946022,16.371434799463,22.35682146474,28.651028806887,
    35.265103795654,42.194177461723,49.415742474403),.UNSPECIFIED.) 
CURVE() GEOMETRIC_REPRESENTATION_ITEM() RATIONAL_B_SPLINE_CURVE((1.,1.,
1.,1.,1.,1.,1.,1.,1.,1.,1.)) REPRESENTATION_ITEM('') );
#2275 = CARTESIAN_POINT('',(-3.5,-3.79,3.21));
#2276 = CARTESIAN_POINT('',(-3.500000276282,-3.790000552565,
    3.218709312256));
#2277 = CARTESIAN_POINT('',(-3.499196142332,-3.788392284663,
    3.236495023545));
#2278 = CARTESIAN_POINT('',(-3.495494848593,-3.780989697188,
    3.263332746235));
#2279 = CARTESIAN_POINT('',(-3.489087415379,-3.768174830755,
    3.290471948228));
#2280 = CARTESIAN_POINT('',(-3.479851124341,-3.749702248682,
    3.317507878735));
#2281 = CARTESIAN_POINT('',(-3.467741554549,-3.725483109098,3.3440024342
    ));
#2282 = CARTESIAN_POINT('',(-3.45280197808,-3.695603956161,3.36950460751
    ));
#2283 = CARTESIAN_POINT('',(-3.43516721882,-3.660334437641,
    3.393571714324));
#2284 = CARTESIAN_POINT('',(-3.422009721475,-3.63401944295,
    3.408112021826));
#2285 = CARTESIAN_POINT('',(-3.415060966544,-3.620121933088,
    3.415060966544));
#2286 = ORIENTED_EDGE('',*,*,#1194,.F.);
#2287 = ORIENTED_EDGE('',*,*,#1070,.F.);
#2288 = CYLINDRICAL_SURFACE('',#2289,0.29);
#2289 = AXIS2_PLACEMENT_3D('',#2290,#2291,#2292);
#2290 = CARTESIAN_POINT('',(-3.21,-4.25,3.21));
#2291 = DIRECTION('',(0.,-1.,0.));
#2292 = DIRECTION('',(0.,0.,-1.));
#2293 = ADVANCED_FACE('',(#2294),#2349,.T.);
#2294 = FACE_BOUND('',#2295,.T.);
#2295 = EDGE_LOOP('',(#2296,#2297,#2298,#2307,#2323,#2339,#2346,#2347,
    #2348));
#2296 = ORIENTED_EDGE('',*,*,#1821,.T.);
#2297 = ORIENTED_EDGE('',*,*,#1837,.F.);
#2298 = ORIENTED_EDGE('',*,*,#2299,.F.);
#2299 = EDGE_CURVE('',#2300,#1813,#2302,.T.);
#2300 = VERTEX_POINT('',#2301);
#2301 = CARTESIAN_POINT('',(-3.5,-3.21,3.79));
#2302 = CIRCLE('',#2303,0.29);
#2303 = AXIS2_PLACEMENT_3D('',#2304,#2305,#2306);
#2304 = CARTESIAN_POINT('',(-3.79,-3.21,3.79));
#2305 = DIRECTION('',(-9.18640221912E-14,1.,9.760655507719E-14));
#2306 = DIRECTION('',(1.,9.18640221912E-14,-1.610897089436E-30));
#2307 = ORIENTED_EDGE('',*,*,#2308,.T.);
#2308 = EDGE_CURVE('',#2300,#2309,#2311,.T.);
#2309 = VERTEX_POINT('',#2310);
#2310 = CARTESIAN_POINT('',(-3.415060966544,-3.415060966544,
    3.620121933088));
#2311 = ( BOUNDED_CURVE() B_SPLINE_CURVE(3,(#2312,#2313,#2314,#2315,
    #2316,#2317,#2318,#2319,#2320,#2321,#2322),.UNSPECIFIED.,.F.,.F.) 
B_SPLINE_CURVE_WITH_KNOTS((4,1,1,1,1,1,1,1,4),(0.,5.225562490263,
    10.671409460221,16.371434799463,22.35682146474,28.651028806887,
    35.265103795654,42.194177461723,49.415742474403),.UNSPECIFIED.) 
CURVE() GEOMETRIC_REPRESENTATION_ITEM() RATIONAL_B_SPLINE_CURVE((1.,1.,
1.,1.,1.,1.,1.,1.,1.,1.,1.)) REPRESENTATION_ITEM('') );
#2312 = CARTESIAN_POINT('',(-3.5,-3.21,3.79));
#2313 = CARTESIAN_POINT('',(-3.500000276282,-3.218709312254,
    3.790000552564));
#2314 = CARTESIAN_POINT('',(-3.499196142331,-3.236495023547,
    3.788392284665));
#2315 = CARTESIAN_POINT('',(-3.495494848594,-3.263332746232,
    3.780989697186));
#2316 = CARTESIAN_POINT('',(-3.489087415378,-3.29047194823,
    3.768174830758));
#2317 = CARTESIAN_POINT('',(-3.479851124341,-3.317507878735,
    3.749702248682));
#2318 = CARTESIAN_POINT('',(-3.467741554549,-3.3440024342,3.725483109098
    ));
#2319 = CARTESIAN_POINT('',(-3.45280197808,-3.36950460751,3.695603956161
    ));
#2320 = CARTESIAN_POINT('',(-3.43516721882,-3.393571714324,
    3.660334437641));
#2321 = CARTESIAN_POINT('',(-3.422009721475,-3.408112021826,
    3.63401944295));
#2322 = CARTESIAN_POINT('',(-3.415060966544,-3.415060966544,
    3.620121933088));
#2323 = ORIENTED_EDGE('',*,*,#2324,.F.);
#2324 = EDGE_CURVE('',#2325,#2309,#2327,.T.);
#2325 = VERTEX_POINT('',#2326);
#2326 = CARTESIAN_POINT('',(-3.21,-3.5,3.79));
#2327 = ( BOUNDED_CURVE() B_SPLINE_CURVE(3,(#2328,#2329,#2330,#2331,
    #2332,#2333,#2334,#2335,#2336,#2337,#2338),.UNSPECIFIED.,.F.,.F.) 
B_SPLINE_CURVE_WITH_KNOTS((4,1,1,1,1,1,1,1,4),(0.,5.225562490263,
    10.67140946022,16.371434799463,22.35682146474,28.651028806886,
    35.265103795654,42.194177461723,49.415742474403),.UNSPECIFIED.) 
CURVE() GEOMETRIC_REPRESENTATION_ITEM() RATIONAL_B_SPLINE_CURVE((1.,1.,
1.,1.,1.,1.,1.,1.,1.,1.,1.)) REPRESENTATION_ITEM('') );
#2328 = CARTESIAN_POINT('',(-3.21,-3.5,3.79));
#2329 = CARTESIAN_POINT('',(-3.218709312254,-3.500000276282,
    3.790000552564));
#2330 = CARTESIAN_POINT('',(-3.236495023547,-3.499196142331,
    3.788392284665));
#2331 = CARTESIAN_POINT('',(-3.263332746232,-3.495494848594,
    3.780989697186));
#2332 = CARTESIAN_POINT('',(-3.29047194823,-3.489087415378,
    3.768174830758));
#2333 = CARTESIAN_POINT('',(-3.317507878735,-3.479851124341,
    3.749702248682));
#2334 = CARTESIAN_POINT('',(-3.3440024342,-3.467741554549,3.725483109098
    ));
#2335 = CARTESIAN_POINT('',(-3.36950460751,-3.45280197808,3.695603956161
    ));
#2336 = CARTESIAN_POINT('',(-3.393571714324,-3.43516721882,
    3.660334437641));
#2337 = CARTESIAN_POINT('',(-3.408112021826,-3.422009721475,
    3.63401944295));
#2338 = CARTESIAN_POINT('',(-3.415060966544,-3.415060966544,
    3.620121933088));
#2339 = ORIENTED_EDGE('',*,*,#2340,.F.);
#2340 = EDGE_CURVE('',#2237,#2325,#2341,.T.);
#2341 = CIRCLE('',#2342,0.29);
#2342 = AXIS2_PLACEMENT_3D('',#2343,#2344,#2345);
#2343 = CARTESIAN_POINT('',(-3.21,-3.79,3.79));
#2344 = DIRECTION('',(1.,1.353527981624E-15,-3.267705610288E-15));
#2345 = DIRECTION('',(-3.267705610288E-15,-1.148506577198E-14,-1.));
#2346 = ORIENTED_EDGE('',*,*,#2257,.T.);
#2347 = ORIENTED_EDGE('',*,*,#2273,.F.);
#2348 = ORIENTED_EDGE('',*,*,#1169,.F.);
#2349 = B_SPLINE_SURFACE_WITH_KNOTS('',3,3,(
    (#2350,#2351,#2352,#2353,#2354,#2355,#2356,#2357,#2358,#2359,#2360
      ,#2361,#2362,#2363,#2364,#2365,#2366,#2367,#2368,#2369,#2370,#2371
      ,#2372)
    ,(#2373,#2374,#2375,#2376,#2377,#2378,#2379,#2380,#2381,#2382,#2383
      ,#2384,#2385,#2386,#2387,#2388,#2389,#2390,#2391,#2392,#2393,#2394
      ,#2395)
    ,(#2396,#2397,#2398,#2399,#2400,#2401,#2402,#2403,#2404,#2405,#2406
      ,#2407,#2408,#2409,#2410,#2411,#2412,#2413,#2414,#2415,#2416,#2417
      ,#2418)
    ,(#2419,#2420,#2421,#2422,#2423,#2424,#2425,#2426,#2427,#2428,#2429
      ,#2430,#2431,#2432,#2433,#2434,#2435,#2436,#2437,#2438,#2439,#2440
      ,#2441)
    ,(#2442,#2443,#2444,#2445,#2446,#2447,#2448,#2449,#2450,#2451,#2452
      ,#2453,#2454,#2455,#2456,#2457,#2458,#2459,#2460,#2461,#2462,#2463
      ,#2464)
    ,(#2465,#2466,#2467,#2468,#2469,#2470,#2471,#2472,#2473,#2474,#2475
      ,#2476,#2477,#2478,#2479,#2480,#2481,#2482,#2483,#2484,#2485,#2486
      ,#2487)
    ,(#2488,#2489,#2490,#2491,#2492,#2493,#2494,#2495,#2496,#2497,#2498
      ,#2499,#2500,#2501,#2502,#2503,#2504,#2505,#2506,#2507,#2508,#2509
      ,#2510)
    ,(#2511,#2512,#2513,#2514,#2515,#2516,#2517,#2518,#2519,#2520,#2521
      ,#2522,#2523,#2524,#2525,#2526,#2527,#2528,#2529,#2530,#2531,#2532
      ,#2533)
    ,(#2534,#2535,#2536,#2537,#2538,#2539,#2540,#2541,#2542,#2543,#2544
      ,#2545,#2546,#2547,#2548,#2549,#2550,#2551,#2552,#2553,#2554,#2555
      ,#2556)
    ,(#2557,#2558,#2559,#2560,#2561,#2562,#2563,#2564,#2565,#2566,#2567
      ,#2568,#2569,#2570,#2571,#2572,#2573,#2574,#2575,#2576,#2577,#2578
      ,#2579)
    ,(#2580,#2581,#2582,#2583,#2584,#2585,#2586,#2587,#2588,#2589,#2590
      ,#2591,#2592,#2593,#2594,#2595,#2596,#2597,#2598,#2599,#2600,#2601
      ,#2602)
    ,(#2603,#2604,#2605,#2606,#2607,#2608,#2609,#2610,#2611,#2612,#2613
      ,#2614,#2615,#2616,#2617,#2618,#2619,#2620,#2621,#2622,#2623,#2624
      ,#2625)
    ,(#2626,#2627,#2628,#2629,#2630,#2631,#2632,#2633,#2634,#2635,#2636
      ,#2637,#2638,#2639,#2640,#2641,#2642,#2643,#2644,#2645,#2646,#2647
      ,#2648)
    ,(#2649,#2650,#2651,#2652,#2653,#2654,#2655,#2656,#2657,#2658,#2659
      ,#2660,#2661,#2662,#2663,#2664,#2665,#2666,#2667,#2668,#2669,#2670
      ,#2671)
    ,(#2672,#2673,#2674,#2675,#2676,#2677,#2678,#2679,#2680,#2681,#2682
      ,#2683,#2684,#2685,#2686,#2687,#2688,#2689,#2690,#2691,#2692,#2693
      ,#2694)
    ,(#2695,#2696,#2697,#2698,#2699,#2700,#2701,#2702,#2703,#2704,#2705
      ,#2706,#2707,#2708,#2709,#2710,#2711,#2712,#2713,#2714,#2715,#2716
      ,#2717)
    ,(#2718,#2719,#2720,#2721,#2722,#2723,#2724,#2725,#2726,#2727,#2728
      ,#2729,#2730,#2731,#2732,#2733,#2734,#2735,#2736,#2737,#2738,#2739
      ,#2740)
    ,(#2741,#2742,#2743,#2744,#2745,#2746,#2747,#2748,#2749,#2750,#2751
      ,#2752,#2753,#2754,#2755,#2756,#2757,#2758,#2759,#2760,#2761,#2762
      ,#2763)
    ,(#2764,#2765,#2766,#2767,#2768,#2769,#2770,#2771,#2772,#2773,#2774
      ,#2775,#2776,#2777,#2778,#2779,#2780,#2781,#2782,#2783,#2784,#2785
      ,#2786)
    ,(#2787,#2788,#2789,#2790,#2791,#2792,#2793,#2794,#2795,#2796,#2797
      ,#2798,#2799,#2800,#2801,#2802,#2803,#2804,#2805,#2806,#2807,#2808
      ,#2809)
    ,(#2810,#2811,#2812,#2813,#2814,#2815,#2816,#2817,#2818,#2819,#2820
      ,#2821,#2822,#2823,#2824,#2825,#2826,#2827,#2828,#2829,#2830,#2831
      ,#2832)
    ,(#2833,#2834,#2835,#2836,#2837,#2838,#2839,#2840,#2841,#2842,#2843
      ,#2844,#2845,#2846,#2847,#2848,#2849,#2850,#2851,#2852,#2853,#2854
      ,#2855)
    ,(#2856,#2857,#2858,#2859,#2860,#2861,#2862,#2863,#2864,#2865,#2866
      ,#2867,#2868,#2869,#2870,#2871,#2872,#2873,#2874,#2875,#2876,#2877
      ,#2878
    )),.UNSPECIFIED.,.F.,.F.,.F.,(4,1,1,1,1,1,1,1,1,1,1,1,1,1,1,1,1,1,1,
    1,4),(4,1,1,1,1,1,1,1,1,1,1,1,1,1,1,1,1,1,1,1,4),(-49.2146319706,
    -44.29316877354,-39.37170557648,-34.45024237942,-29.52877918236,
    -24.6073159853,-19.68585278825,-14.76438959119,-9.842926394134,
    -4.921463197076,-1.718802877804E-11,4.921463197041,9.8429263941,
    14.764389591158,19.685852788216,24.607315985275,29.528779182333,
    34.450242379391,39.37170557645,44.293168773508,49.214631970566),(
    -42.62112152446,-38.35900937202,-34.09689721958,-29.83478506713,
    -25.57267291469,-21.31056076225,-17.04844860981,-12.78633645736,
    -8.524224304925,-4.262112152482,-3.962696837334E-11,4.262112152403,
    8.524224304846,12.786336457289,17.048448609731,21.310560762174,
    25.572672914617,29.834785067059,34.096897219502,38.359009371945,
    42.621121524387),.UNSPECIFIED.);
#2350 = CARTESIAN_POINT('',(-3.321172439928,-2.603704866851,
    3.540160325137));
#2351 = CARTESIAN_POINT('',(-3.366107907675,-2.645219441649,
    3.526209968724));
#2352 = CARTESIAN_POINT('',(-3.410960425714,-2.686536708523,
    3.512266166987));
#2353 = CARTESIAN_POINT('',(-3.455730597752,-2.72754041007,
    3.498554150956));
#2354 = CARTESIAN_POINT('',(-3.500633841374,-2.768387049634,
    3.48564732003));
#2355 = CARTESIAN_POINT('',(-3.546166861901,-2.809587040973,
    3.474488864063));
#2356 = CARTESIAN_POINT('',(-3.593111091853,-2.852017067303,
    3.466329480953));
#2357 = CARTESIAN_POINT('',(-3.642489300587,-2.896877442358,
    3.462562780183));
#2358 = CARTESIAN_POINT('',(-3.695454804708,-2.945568006817,
    3.464413559644));
#2359 = CARTESIAN_POINT('',(-3.752954315145,-2.999319925477,
    3.472420884166));
#2360 = CARTESIAN_POINT('',(-3.814876000935,-3.058324776179,
    3.485801193334));
#2361 = CARTESIAN_POINT('',(-3.879157943352,-3.120778135723,
    3.502196521746));
#2362 = CARTESIAN_POINT('',(-3.943223312343,-3.184041469033,
    3.51791844733));
#2363 = CARTESIAN_POINT('',(-4.004355208973,-3.245636134827,
    3.529883156869));
#2364 = CARTESIAN_POINT('',(-4.06034296494,-3.303101386802,
    3.536959908663));
#2365 = CARTESIAN_POINT('',(-4.110983483853,-3.355999602834,
    3.538688421234));
#2366 = CARTESIAN_POINT('',(-4.157223009108,-3.405138489669,
    3.535240587081));
#2367 = CARTESIAN_POINT('',(-4.20030439798,-3.451617980682,
    3.527388208457));
#2368 = CARTESIAN_POINT('',(-4.241397338366,-3.496432432597,
    3.516232438725));
#2369 = CARTESIAN_POINT('',(-4.281454524135,-3.540361887165,
    3.50291431422));
#2370 = CARTESIAN_POINT('',(-4.321142592556,-3.583937979459,
    3.488407268644));
#2371 = CARTESIAN_POINT('',(-4.360820235483,-3.627444724971,
    3.473404686822));
#2372 = CARTESIAN_POINT('',(-4.400566442141,-3.670969007984,
    3.458282535585));
#2373 = CARTESIAN_POINT('',(-3.352009392928,-2.693742767548,
    3.599363584607));
#2374 = CARTESIAN_POINT('',(-3.389106138885,-2.729282344231,
    3.580087390485));
#2375 = CARTESIAN_POINT('',(-3.426400232664,-2.764852688922,
    3.560943459229));
#2376 = CARTESIAN_POINT('',(-3.46421256538,-2.800559987553,
    3.542230420534));
#2377 = CARTESIAN_POINT('',(-3.502966516439,-2.83665517536,
    3.524461824401));
#2378 = CARTESIAN_POINT('',(-3.54318870454,-2.873556063818,
    3.508359620684));
#2379 = CARTESIAN_POINT('',(-3.585414569965,-2.911805060682,
    3.494807963492));
#2380 = CARTESIAN_POINT('',(-3.63007408526,-2.952000727125,
    3.484809935619));
#2381 = CARTESIAN_POINT('',(-3.677502474715,-2.994816303323,
    3.479517318715));
#2382 = CARTESIAN_POINT('',(-3.728267240721,-3.04131140667,
    3.480246664755));
#2383 = CARTESIAN_POINT('',(-3.783899564017,-3.093556962649,
    3.488009030469));
#2384 = CARTESIAN_POINT('',(-3.845916161197,-3.153644550124,
    3.501403533808));
#2385 = CARTESIAN_POINT('',(-3.907869703718,-3.215979699516,
    3.513641592215));
#2386 = CARTESIAN_POINT('',(-3.96266055003,-3.272135438416,
    3.520977857839));
#2387 = CARTESIAN_POINT('',(-4.011557809809,-3.322961426387,
    3.522504860117));
#2388 = CARTESIAN_POINT('',(-4.056220769743,-3.370107737243,
    3.518130002167));
#2389 = CARTESIAN_POINT('',(-4.097485472015,-3.414234881997,
    3.50865809234));
#2390 = CARTESIAN_POINT('',(-4.135962819585,-3.455713724068,
    3.495132438454));
#2391 = CARTESIAN_POINT('',(-4.172312681655,-3.495006294782,
    3.478552210313));
#2392 = CARTESIAN_POINT('',(-4.207218898939,-3.532671484308,
    3.45983430169));
#2393 = CARTESIAN_POINT('',(-4.24127358507,-3.569273396076,
    3.439776038376));
#2394 = CARTESIAN_POINT('',(-4.274907549798,-3.605297408883,
    3.419014645848));
#2395 = CARTESIAN_POINT('',(-4.30839328226,-3.641112549572,
    3.397999586713));
#2396 = CARTESIAN_POINT('',(-3.382929295636,-2.783977976168,
    3.658560289401));
#2397 = CARTESIAN_POINT('',(-3.412020816677,-2.813264196294,
    3.633746135895));
#2398 = CARTESIAN_POINT('',(-3.441625225738,-2.842895908572,
    3.609272583098));
#2399 = CARTESIAN_POINT('',(-3.472413245272,-2.873225654622,
    3.585536899659));
#2400 = CARTESIAN_POINT('',(-3.505014464303,-2.90455703163,
    3.562968820727));
#2401 = CARTESIAN_POINT('',(-3.539969210339,-2.937201456144,
    3.54208746572));
#2402 = CARTESIAN_POINT('',(-3.577587500831,-2.971393527113,
    3.52345525762));
#2403 = CARTESIAN_POINT('',(-3.61786547561,-3.007292687777,
    3.507742824117));
#2404 = CARTESIAN_POINT('',(-3.66060868661,-3.045104186785,
    3.495943703031));
#2405 = CARTESIAN_POINT('',(-3.705530254061,-3.085298888902,
    3.489646850331));
#2406 = CARTESIAN_POINT('',(-3.753438038428,-3.129623260998,
    3.491547324272));
#2407 = CARTESIAN_POINT('',(-3.812814447921,-3.186351070731,
    3.500005937016));
#2408 = CARTESIAN_POINT('',(-3.872009864463,-3.247900035019,
    3.507411665583));
#2409 = CARTESIAN_POINT('',(-3.918958319177,-3.296611617828,
    3.511402098584));
#2410 = CARTESIAN_POINT('',(-3.961623314888,-3.341576137102,
    3.507417637595));
#2411 = CARTESIAN_POINT('',(-4.001161441755,-3.383923645021,
    3.496971673349));
#2412 = CARTESIAN_POINT('',(-4.037821104298,-3.423436850975,
    3.481746246487));
#2413 = CARTESIAN_POINT('',(-4.071838235219,-3.460023782428,
    3.462836785479));
#2414 = CARTESIAN_POINT('',(-4.103514081548,-3.493828563643,
    3.441039584535));
#2415 = CARTESIAN_POINT('',(-4.133291219154,-3.525228701034,
    3.417034338036));
#2416 = CARTESIAN_POINT('',(-4.161684280218,-3.554805943903,
    3.391462226102));
#2417 = CARTESIAN_POINT('',(-4.189142417068,-3.583254514578,
    3.36488100229));
#2418 = CARTESIAN_POINT('',(-4.216151558576,-3.611238553718,
    3.337836207306));
#2419 = CARTESIAN_POINT('',(-3.413817749857,-2.874577032583,
    3.717611621955));
#2420 = CARTESIAN_POINT('',(-3.434644844343,-2.8970085294,3.686801161773
    ));
#2421 = CARTESIAN_POINT('',(-3.456318102767,-2.920248857416,
    3.656690449916));
#2422 = CARTESIAN_POINT('',(-3.479948110401,-2.945016624627,
    3.627895398028));
#2423 = CARTESIAN_POINT('',(-3.506484136186,-2.971601752705,
    3.600698596707));
#2424 = CARTESIAN_POINT('',(-3.5363725102,-3.000143434018,3.575410558902
    ));
#2425 = CARTESIAN_POINT('',(-3.569594085456,-3.030508260645,
    3.552291476078));
#2426 = CARTESIAN_POINT('',(-3.605837799216,-3.062535622982,
    3.531882408409));
#2427 = CARTESIAN_POINT('',(-3.644868303934,-3.096459936069,
    3.515320833087));
#2428 = CARTESIAN_POINT('',(-3.686707381932,-3.13325710801,
    3.504606809935));
#2429 = CARTESIAN_POINT('',(-3.730962670154,-3.174686945037,
    3.504478991164));
#2430 = CARTESIAN_POINT('',(-3.778530274954,-3.221030087755,
    3.500101707066));
#2431 = CARTESIAN_POINT('',(-3.826717673676,-3.270611389396,
    3.495921164779));
#2432 = CARTESIAN_POINT('',(-3.870851345164,-3.316242003536,
    3.499671304745));
#2433 = CARTESIAN_POINT('',(-3.910213384894,-3.358689752883,
    3.490168661894));
#2434 = CARTESIAN_POINT('',(-3.945734025237,-3.397444747134,
    3.474375025554));
#2435 = CARTESIAN_POINT('',(-3.978254109093,-3.432758805343,
    3.454219836423));
#2436 = CARTESIAN_POINT('',(-4.008123667396,-3.464665611899,
    3.430543642596));
#2437 = CARTESIAN_POINT('',(-4.035379321727,-3.493142432594,
    3.403981732003));
#2438 = CARTESIAN_POINT('',(-4.060140734069,-3.518359881557,
    3.374954572451));
#2439 = CARTESIAN_POINT('',(-4.082812701249,-3.540849106101,
    3.343971012688));
#2440 = CARTESIAN_POINT('',(-4.103796647113,-3.561580618566,
    3.311455949561));
#2441 = CARTESIAN_POINT('',(-4.123920939554,-3.581538355099,
    3.278165633437));
#2442 = CARTESIAN_POINT('',(-3.444047469376,-2.965360984514,
    3.776038163994));
#2443 = CARTESIAN_POINT('',(-3.456613290736,-2.980351825639,
    3.738810757001));
#2444 = CARTESIAN_POINT('',(-3.470202695017,-2.996542969828,
    3.702601504499));
#2445 = CARTESIAN_POINT('',(-3.486521895251,-3.01540429156,
    3.668638341069));
#2446 = CARTESIAN_POINT('',(-3.507312293362,-3.037375290443,
    3.637138136477));
#2447 = CARTESIAN_POINT('',(-3.532576612642,-3.062077369215,
    3.60795885525));
#2448 = CARTESIAN_POINT('',(-3.561589112744,-3.088829249912,
    3.581013821471));
#2449 = CARTESIAN_POINT('',(-3.59405781536,-3.117246215296,
    3.557154233082));
#2450 = CARTESIAN_POINT('',(-3.629281454257,-3.147636228005,
    3.53817080744));
#2451 = CARTESIAN_POINT('',(-3.666700157149,-3.180815023997,
    3.526337119614));
#2452 = CARTESIAN_POINT('',(-3.7046956625,-3.216884329617,3.514297214891
    ));
#2453 = CARTESIAN_POINT('',(-3.742586478528,-3.25550175858,
    3.499178239962));
#2454 = CARTESIAN_POINT('',(-3.782830527877,-3.295351356684,
    3.486333874839));
#2455 = CARTESIAN_POINT('',(-3.822397354886,-3.336814658057,
    3.481048554261));
#2456 = CARTESIAN_POINT('',(-3.857910110171,-3.375393850444,
    3.469059703898));
#2457 = CARTESIAN_POINT('',(-3.889879517353,-3.410543146484,
    3.450088261734));
#2458 = CARTESIAN_POINT('',(-3.918743375203,-3.441979057033,
    3.426092783311));
#2459 = CARTESIAN_POINT('',(-3.944870809795,-3.469523286468,
    3.398412002695));
#2460 = CARTESIAN_POINT('',(-3.968214129564,-3.492986852159,
    3.367704337588));
#2461 = CARTESIAN_POINT('',(-3.988302172831,-3.512278897066,
    3.334118580689));
#2462 = CARTESIAN_POINT('',(-4.005060094869,-3.527746447502,
    3.297819791852));
#2463 = CARTESIAN_POINT('',(-4.019178983283,-3.540739906483,
    3.259273650611));
#2464 = CARTESIAN_POINT('',(-4.032230089,-3.552667819922,3.219824672351)
  );
#2465 = CARTESIAN_POINT('',(-3.472145004042,-3.05534204848,
    3.832660748921));
#2466 = CARTESIAN_POINT('',(-3.477296803379,-3.06322079031,
    3.789417047139));
#2467 = CARTESIAN_POINT('',(-3.483164150079,-3.071838366505,
    3.746743512713));
#2468 = CARTESIAN_POINT('',(-3.492342273174,-3.084010778718,
    3.707070231856));
#2469 = CARTESIAN_POINT('',(-3.507901174169,-3.101736196992,
    3.67182474566));
#2470 = CARTESIAN_POINT('',(-3.529051441934,-3.122725835192,
    3.639081441074));
#2471 = CARTESIAN_POINT('',(-3.553651656408,-3.145641458914,
    3.608723079389));
#2472 = CARTESIAN_POINT('',(-3.582335985169,-3.170199680681,
    3.582624526806));
#2473 = CARTESIAN_POINT('',(-3.61321145506,-3.196790280135,
    3.560953480597));
#2474 = CARTESIAN_POINT('',(-3.64413331265,-3.225212669874,
    3.540722894007));
#2475 = CARTESIAN_POINT('',(-3.674028314123,-3.255220832416,
    3.518719629892));
#2476 = CARTESIAN_POINT('',(-3.705563360708,-3.287859851178,
    3.495953956655));
#2477 = CARTESIAN_POINT('',(-3.739142550611,-3.321222350589,
    3.477071280614));
#2478 = CARTESIAN_POINT('',(-3.773449409253,-3.357255404328,
    3.463649996106));
#2479 = CARTESIAN_POINT('',(-3.805384971385,-3.392018296197,
    3.447424818698));
#2480 = CARTESIAN_POINT('',(-3.834029727229,-3.42330908065,
    3.424948477424));
#2481 = CARTESIAN_POINT('',(-3.859561200789,-3.450932336563,
    3.397584268475));
#2482 = CARTESIAN_POINT('',(-3.882048315686,-3.474287531784,
    3.366815678791));
#2483 = CARTESIAN_POINT('',(-3.902039097592,-3.493040239686,
    3.33244470522));
#2484 = CARTESIAN_POINT('',(-3.91831363756,-3.506760253716,
    3.295133890403));
#2485 = CARTESIAN_POINT('',(-3.928400763739,-3.515828109132,
    3.253194603792));
#2486 = CARTESIAN_POINT('',(-3.9355668834,-3.521406724183,3.208849265758
    ));
#2487 = CARTESIAN_POINT('',(-3.942467324145,-3.52605659033,
    3.164425384287));
#2488 = CARTESIAN_POINT('',(-3.495613320778,-3.14233213794,
    3.885282055647));
#2489 = CARTESIAN_POINT('',(-3.495383399684,-3.145272557296,
    3.838052377661));
#2490 = CARTESIAN_POINT('',(-3.495052426651,-3.147225543016,
    3.789865305241));
#2491 = CARTESIAN_POINT('',(-3.499355596158,-3.151276306267,
    3.742854478705));
#2492 = CARTESIAN_POINT('',(-3.509381480584,-3.164845705197,
    3.704240370323));
#2493 = CARTESIAN_POINT('',(-3.525833113196,-3.18151480645,
    3.667189570935));
#2494 = CARTESIAN_POINT('',(-3.546332197991,-3.199563625576,
    3.63384949378));
#2495 = CARTESIAN_POINT('',(-3.569475598524,-3.21964063533,
    3.603976469277));
#2496 = CARTESIAN_POINT('',(-3.593111937713,-3.241393940003,
    3.575855590669));
#2497 = CARTESIAN_POINT('',(-3.615900367607,-3.264120900616,
    3.547520803916));
#2498 = CARTESIAN_POINT('',(-3.638935304164,-3.288578967375,
    3.517988435405));
#2499 = CARTESIAN_POINT('',(-3.664997659569,-3.315769059379,
    3.489901661603));
#2500 = CARTESIAN_POINT('',(-3.69442853419,-3.345544315035,
    3.466572357279));
#2501 = CARTESIAN_POINT('',(-3.725024811945,-3.377985140611,
    3.448261070844));
#2502 = CARTESIAN_POINT('',(-3.75340668459,-3.408478826491,3.4263343842)
  );
#2503 = CARTESIAN_POINT('',(-3.77868513668,-3.435727593689,
    3.400412589641));
#2504 = CARTESIAN_POINT('',(-3.801396701639,-3.459464061473,
    3.369593789609));
#2505 = CARTESIAN_POINT('',(-3.820048308453,-3.478550947898,
    3.336638108891));
#2506 = CARTESIAN_POINT('',(-3.836478501387,-3.492543129173,
    3.298423871681));
#2507 = CARTESIAN_POINT('',(-3.849947298051,-3.50057508096,
    3.258307409563));
#2508 = CARTESIAN_POINT('',(-3.851928847192,-3.505366089115,
    3.209402652858));
#2509 = CARTESIAN_POINT('',(-3.853741273511,-3.504598417891,
    3.161139633684));
#2510 = CARTESIAN_POINT('',(-3.857088744916,-3.504199854004,
    3.114482666507));
#2511 = CARTESIAN_POINT('',(-3.511239839151,-3.223404331981,
    3.931134595727));
#2512 = CARTESIAN_POINT('',(-3.507674460803,-3.224086554381,
    3.882287411118));
#2513 = CARTESIAN_POINT('',(-3.502695209048,-3.224541478869,
    3.833420561007));
#2514 = CARTESIAN_POINT('',(-3.50020745192,-3.221814370574,
    3.778839548047));
#2515 = CARTESIAN_POINT('',(-3.506941314643,-3.226837902159,
    3.731287975378));
#2516 = CARTESIAN_POINT('',(-3.517982272695,-3.236123654222,
    3.689748585804));
#2517 = CARTESIAN_POINT('',(-3.532548679784,-3.248952775575,
    3.651981051262));
#2518 = CARTESIAN_POINT('',(-3.548342996906,-3.264164421926,
    3.616277837877));
#2519 = CARTESIAN_POINT('',(-3.563755736275,-3.280557097992,
    3.581413523337));
#2520 = CARTESIAN_POINT('',(-3.580419287954,-3.298237578434,
    3.546593157434));
#2521 = CARTESIAN_POINT('',(-3.599054054868,-3.317893541561,
    3.512308355146));
#2522 = CARTESIAN_POINT('',(-3.620913949432,-3.340583590013,
    3.48067644989));
#2523 = CARTESIAN_POINT('',(-3.646791399406,-3.36782409533,
    3.454459494151));
#2524 = CARTESIAN_POINT('',(-3.676009386087,-3.397595262504,
    3.432559091769));
#2525 = CARTESIAN_POINT('',(-3.701624716239,-3.424978988974,
    3.407340776343));
#2526 = CARTESIAN_POINT('',(-3.724454827912,-3.448188840681,
    3.377817324658));
#2527 = CARTESIAN_POINT('',(-3.744460019221,-3.467153711524,
    3.344702351963));
#2528 = CARTESIAN_POINT('',(-3.761052985492,-3.48209242251,
    3.307826401991));
#2529 = CARTESIAN_POINT('',(-3.772667323313,-3.492661725265,
    3.267739245655));
#2530 = CARTESIAN_POINT('',(-3.777677243475,-3.499693134804,
    3.220733827994));
#2531 = CARTESIAN_POINT('',(-3.775350814837,-3.497106054802,
    3.166224499905));
#2532 = CARTESIAN_POINT('',(-3.776872856907,-3.492969972669,
    3.119351809208));
#2533 = CARTESIAN_POINT('',(-3.778816130156,-3.49052154753,3.07258995971
    ));
#2534 = CARTESIAN_POINT('',(-3.515913030789,-3.296619143321,
    3.968408275204));
#2535 = CARTESIAN_POINT('',(-3.509196695685,-3.293620929121,
    3.916305073984));
#2536 = CARTESIAN_POINT('',(-3.50030804064,-3.289774926803,
    3.862983480055));
#2537 = CARTESIAN_POINT('',(-3.491151387644,-3.28303964676,
    3.805080097172));
#2538 = CARTESIAN_POINT('',(-3.490509255043,-3.28254510518,3.75232685671
    ));
#2539 = CARTESIAN_POINT('',(-3.496458698311,-3.286366256983,
    3.704632403085));
#2540 = CARTESIAN_POINT('',(-3.505718450486,-3.294187064552,
    3.661648756283));
#2541 = CARTESIAN_POINT('',(-3.515822416941,-3.30469240218,
    3.620744858421));
#2542 = CARTESIAN_POINT('',(-3.527467071604,-3.316211255259,
    3.580811925769));
#2543 = CARTESIAN_POINT('',(-3.540824082713,-3.329450701023,
    3.541723135809));
#2544 = CARTESIAN_POINT('',(-3.556393150634,-3.345369717309,
    3.504378894419));
#2545 = CARTESIAN_POINT('',(-3.574819360478,-3.364688680032,
    3.470080571794));
#2546 = CARTESIAN_POINT('',(-3.597097456399,-3.387913860764,
    3.440085049655));
#2547 = CARTESIAN_POINT('',(-3.624616213301,-3.415966903354,
    3.415971295411));
#2548 = CARTESIAN_POINT('',(-3.649050240549,-3.439917933814,
    3.387690319665));
#2549 = CARTESIAN_POINT('',(-3.671335496792,-3.460493200536,
    3.356700372429));
#2550 = CARTESIAN_POINT('',(-3.69064775015,-3.478499664702,
    3.323510337861));
#2551 = CARTESIAN_POINT('',(-3.705376454763,-3.49380271209,
    3.287761073185));
#2552 = CARTESIAN_POINT('',(-3.715596600792,-3.506960870916,
    3.245062255511));
#2553 = CARTESIAN_POINT('',(-3.717422466775,-3.509461169354,
    3.195548977008));
#2554 = CARTESIAN_POINT('',(-3.713082993858,-3.500296384684,
    3.140060018585));
#2555 = CARTESIAN_POINT('',(-3.710624449174,-3.493209999502,
    3.089375997069));
#2556 = CARTESIAN_POINT('',(-3.708836213657,-3.488076500131,
    3.039734652584));
#2557 = CARTESIAN_POINT('',(-3.507935240629,-3.360264382593,
    3.99531266558));
#2558 = CARTESIAN_POINT('',(-3.500222310071,-3.35320211344,3.93937680347
    ));
#2559 = CARTESIAN_POINT('',(-3.492348827694,-3.345442872682,
    3.882631491321));
#2560 = CARTESIAN_POINT('',(-3.481169007292,-3.337864805726,
    3.825017154302));
#2561 = CARTESIAN_POINT('',(-3.47279241369,-3.333863125658,
    3.768639705871));
#2562 = CARTESIAN_POINT('',(-3.472048389862,-3.333541780354,
    3.716584954966));
#2563 = CARTESIAN_POINT('',(-3.474927786869,-3.336044695591,
    3.667834722754));
#2564 = CARTESIAN_POINT('',(-3.47953541135,-3.342918787011,
    3.621699377287));
#2565 = CARTESIAN_POINT('',(-3.48837499094,-3.349368403886,3.57733032917
    ));
#2566 = CARTESIAN_POINT('',(-3.499695295793,-3.359287053603,
    3.535396264599));
#2567 = CARTESIAN_POINT('',(-3.513423388884,-3.372755177266,
    3.496254775025));
#2568 = CARTESIAN_POINT('',(-3.529521928958,-3.389202190191,
    3.459783330383));
#2569 = CARTESIAN_POINT('',(-3.548127456302,-3.408290640987,
    3.425996896222));
#2570 = CARTESIAN_POINT('',(-3.570816125156,-3.432147532807,
    3.39720099771));
#2571 = CARTESIAN_POINT('',(-3.59706683782,-3.455603787725,
    3.368998532737));
#2572 = CARTESIAN_POINT('',(-3.621465472488,-3.478380494846,
    3.339932614179));
#2573 = CARTESIAN_POINT('',(-3.642285029527,-3.499501703927,
    3.308372380325));
#2574 = CARTESIAN_POINT('',(-3.657519835899,-3.51634176366,
    3.272799051754));
#2575 = CARTESIAN_POINT('',(-3.66598236298,-3.528130028486,
    3.230034309203));
#2576 = CARTESIAN_POINT('',(-3.665957234168,-3.525475487122,
    3.179797574448));
#2577 = CARTESIAN_POINT('',(-3.660814797747,-3.514096895637,
    3.12523490778));
#2578 = CARTESIAN_POINT('',(-3.65428080464,-3.505893282169,
    3.070689865782));
#2579 = CARTESIAN_POINT('',(-3.647914498019,-3.498231884042,
    3.01679329262));
#2580 = CARTESIAN_POINT('',(-3.487781133568,-3.413475648547,
    4.011275731083));
#2581 = CARTESIAN_POINT('',(-3.478923444338,-3.404211407166,
    3.952844838356));
#2582 = CARTESIAN_POINT('',(-3.470074485096,-3.395092900936,
    3.894465858606));
#2583 = CARTESIAN_POINT('',(-3.461006398334,-3.387083804971,
    3.836684780575));
#2584 = CARTESIAN_POINT('',(-3.453574596163,-3.381069473475,
    3.780083608658));
#2585 = CARTESIAN_POINT('',(-3.448046656974,-3.378118966127,
    3.725455635857));
#2586 = CARTESIAN_POINT('',(-3.447124612918,-3.377413643565,
    3.673526560539));
#2587 = CARTESIAN_POINT('',(-3.447611422989,-3.378056037859,
    3.622560378893));
#2588 = CARTESIAN_POINT('',(-3.450281101616,-3.380788597932,
    3.573221836969));
#2589 = CARTESIAN_POINT('',(-3.459468086362,-3.389512023307,
    3.529697105037));
#2590 = CARTESIAN_POINT('',(-3.472265907992,-3.402011708419,
    3.490035207233));
#2591 = CARTESIAN_POINT('',(-3.48757927407,-3.417404756792,
    3.453025028263));
#2592 = CARTESIAN_POINT('',(-3.505478002446,-3.435594967497,
    3.418576837181));
#2593 = CARTESIAN_POINT('',(-3.52685509321,-3.457033618297,
    3.387319941646));
#2594 = CARTESIAN_POINT('',(-3.551766870844,-3.48059272242,3.35841467953
    ));
#2595 = CARTESIAN_POINT('',(-3.576954327923,-3.504934050371,
    3.329864245603));
#2596 = CARTESIAN_POINT('',(-3.59918698356,-3.527904264397,
    3.299192460252));
#2597 = CARTESIAN_POINT('',(-3.615412857632,-3.546132280795,
    3.263949162201));
#2598 = CARTESIAN_POINT('',(-3.622894317095,-3.553989732719,
    3.221665278759));
#2599 = CARTESIAN_POINT('',(-3.621047716138,-3.549778898419,
    3.171475410889));
#2600 = CARTESIAN_POINT('',(-3.614477787799,-3.5405958295,3.116952683706
    ));
#2601 = CARTESIAN_POINT('',(-3.605623071844,-3.530434782107,
    3.060477239139));
#2602 = CARTESIAN_POINT('',(-3.596146176656,-3.520401985697,
    3.003599750297));
#2603 = CARTESIAN_POINT('',(-3.456085926301,-3.456085511539,
    4.016534885968));
#2604 = CARTESIAN_POINT('',(-3.446455826958,-3.446455517064,
    3.957301424047));
#2605 = CARTESIAN_POINT('',(-3.437139090889,-3.43713887503,
    3.898438914708));
#2606 = CARTESIAN_POINT('',(-3.428830190237,-3.42883003169,
    3.840514617528));
#2607 = CARTESIAN_POINT('',(-3.422267612374,-3.422267496268,3.7839260153
    ));
#2608 = CARTESIAN_POINT('',(-3.41853336981,-3.418533341691,
    3.729426320968));
#2609 = CARTESIAN_POINT('',(-3.416582562965,-3.416582568772,
    3.676826595279));
#2610 = CARTESIAN_POINT('',(-3.416085018984,-3.416085017549,
    3.624607614639));
#2611 = CARTESIAN_POINT('',(-3.41506557135,-3.415065577675,
    3.571026228036));
#2612 = CARTESIAN_POINT('',(-3.422542017783,-3.422542022988,
    3.527190339848));
#2613 = CARTESIAN_POINT('',(-3.434867964798,-3.43486796446,
    3.487681905702));
#2614 = CARTESIAN_POINT('',(-3.450108807836,-3.450108798882,
    3.450710370792));
#2615 = CARTESIAN_POINT('',(-3.468054048745,-3.468054033076,
    3.416165827875));
#2616 = CARTESIAN_POINT('',(-3.4890523601,-3.489052340909,3.384309693345
    ));
#2617 = CARTESIAN_POINT('',(-3.513001936478,-3.513001919819,
    3.355029311331));
#2618 = CARTESIAN_POINT('',(-3.538078031227,-3.538078022148,
    3.326511415254));
#2619 = CARTESIAN_POINT('',(-3.56121203707,-3.561212036654,
    3.296087276005));
#2620 = CARTESIAN_POINT('',(-3.578574708564,-3.578574710949,
    3.261068418414));
#2621 = CARTESIAN_POINT('',(-3.58564285127,-3.58564285063,3.219037573195
    ));
#2622 = CARTESIAN_POINT('',(-3.581838196109,-3.581838196406,
    3.168852516039));
#2623 = CARTESIAN_POINT('',(-3.574151731378,-3.574151763146,
    3.114239772189));
#2624 = CARTESIAN_POINT('',(-3.564158493318,-3.564158567639,
    3.057202148596));
#2625 = CARTESIAN_POINT('',(-3.553458756456,-3.553458876223,
    2.999339427272));
#2626 = CARTESIAN_POINT('',(-3.413476105553,-3.487780806758,
    4.011275631522));
#2627 = CARTESIAN_POINT('',(-3.404211773899,-3.478923209932,
    3.952844730177));
#2628 = CARTESIAN_POINT('',(-3.395093151708,-3.470074331737,
    3.894465771258));
#2629 = CARTESIAN_POINT('',(-3.38708394191,-3.461006302668,
    3.836684732653));
#2630 = CARTESIAN_POINT('',(-3.381069614183,-3.453574525053,
    3.780083526269));
#2631 = CARTESIAN_POINT('',(-3.378118956386,-3.448046663379,
    3.725455632469));
#2632 = CARTESIAN_POINT('',(-3.377413641987,-3.447124615499,
    3.673526563831));
#2633 = CARTESIAN_POINT('',(-3.378056042889,-3.447611416783,3.6225603776
    ));
#2634 = CARTESIAN_POINT('',(-3.380788599699,-3.450281106855,
    3.573221830214));
#2635 = CARTESIAN_POINT('',(-3.389512019416,-3.459468091484,
    3.529697094577));
#2636 = CARTESIAN_POINT('',(-3.402011705852,-3.472265903542,
    3.490035200741));
#2637 = CARTESIAN_POINT('',(-3.41740476001,-3.487579256824,
    3.453025024729));
#2638 = CARTESIAN_POINT('',(-3.435594976186,-3.505477979775,
    3.418576833489));
#2639 = CARTESIAN_POINT('',(-3.457033626833,-3.526855076155,
    3.387319943264));
#2640 = CARTESIAN_POINT('',(-3.48059272194,-3.551766830581,
    3.358414694021));
#2641 = CARTESIAN_POINT('',(-3.504934049602,-3.576954311154,
    3.329864253272));
#2642 = CARTESIAN_POINT('',(-3.5279042678,-3.599186994384,3.299192437357
    ));
#2643 = CARTESIAN_POINT('',(-3.546132287377,-3.615412872084,
    3.263949133337));
#2644 = CARTESIAN_POINT('',(-3.553989730292,-3.622894313225,
    3.221665288011));
#2645 = CARTESIAN_POINT('',(-3.54977890204,-3.621047720941,
    3.171475398378));
#2646 = CARTESIAN_POINT('',(-3.54059581311,-3.61447783796,3.116952682704
    ));
#2647 = CARTESIAN_POINT('',(-3.530434740741,-3.605623187524,
    3.060477254431));
#2648 = CARTESIAN_POINT('',(-3.520401923544,-3.596146375759,
    3.003599769475));
#2649 = CARTESIAN_POINT('',(-3.360264794773,-3.507935016961,
    3.995312516444));
#2650 = CARTESIAN_POINT('',(-3.353202492258,-3.500222158766,
    3.939376619385));
#2651 = CARTESIAN_POINT('',(-3.345443158961,-3.492348744852,
    3.88263131667));
#2652 = CARTESIAN_POINT('',(-3.337864812493,-3.481168995966,
    3.825017144517));
#2653 = CARTESIAN_POINT('',(-3.333863085791,-3.472792432153,
    3.768639737248));
#2654 = CARTESIAN_POINT('',(-3.333541760939,-3.472048400285,
    3.716584970114));
#2655 = CARTESIAN_POINT('',(-3.336044715188,-3.474927773203,
    3.667834713375));
#2656 = CARTESIAN_POINT('',(-3.342918784807,-3.479535408272,
    3.621699333793));
#2657 = CARTESIAN_POINT('',(-3.349368398639,-3.488374993103,
    3.577330294707));
#2658 = CARTESIAN_POINT('',(-3.359287044907,-3.499695294347,
    3.535396248245));
#2659 = CARTESIAN_POINT('',(-3.372755171302,-3.513423373781,
    3.496254775099));
#2660 = CARTESIAN_POINT('',(-3.389202189619,-3.529521903937,3.4597833332
    ));
#2661 = CARTESIAN_POINT('',(-3.408290643748,-3.54812742607,
    3.425996891475));
#2662 = CARTESIAN_POINT('',(-3.432147535646,-3.570816144648,
    3.397200992568));
#2663 = CARTESIAN_POINT('',(-3.45560377508,-3.597066768946,
    3.368998556014));
#2664 = CARTESIAN_POINT('',(-3.478380488417,-3.621465459515,
    3.339932635856));
#2665 = CARTESIAN_POINT('',(-3.499501702493,-3.642285053284,
    3.308372348201));
#2666 = CARTESIAN_POINT('',(-3.516341807469,-3.657519910244,
    3.272798889638));
#2667 = CARTESIAN_POINT('',(-3.528130018254,-3.665982348121,
    3.230034344857));
#2668 = CARTESIAN_POINT('',(-3.525475496327,-3.665957243513,
    3.179797544254));
#2669 = CARTESIAN_POINT('',(-3.514096879294,-3.660814844674,
    3.125234934288));
#2670 = CARTESIAN_POINT('',(-3.505893261516,-3.65428096095,
    3.070689901205));
#2671 = CARTESIAN_POINT('',(-3.498231862851,-3.647914800354,
    3.016793320568));
#2672 = CARTESIAN_POINT('',(-3.296619407943,-3.515912906271,
    3.968408147008));
#2673 = CARTESIAN_POINT('',(-3.29362119567,-3.509196624698,
    3.916304918848));
#2674 = CARTESIAN_POINT('',(-3.289775189626,-3.500308014558,
    3.862983299644));
#2675 = CARTESIAN_POINT('',(-3.283039624103,-3.491151390109,
    3.805080110354));
#2676 = CARTESIAN_POINT('',(-3.282545118214,-3.490509254453,
    3.752326842224));
#2677 = CARTESIAN_POINT('',(-3.286366344932,-3.496458651985,
    3.704632349422));
#2678 = CARTESIAN_POINT('',(-3.29418712384,-3.505718426825,
    3.661648729074));
#2679 = CARTESIAN_POINT('',(-3.304692416174,-3.515822405272,
    3.620744814122));
#2680 = CARTESIAN_POINT('',(-3.316211244562,-3.527467078765,
    3.580811882137));
#2681 = CARTESIAN_POINT('',(-3.329450685975,-3.540824058832,
    3.541723137314));
#2682 = CARTESIAN_POINT('',(-3.345369707999,-3.556393108647,
    3.504378920596));
#2683 = CARTESIAN_POINT('',(-3.364688677548,-3.574819338193,
    3.470080590048));
#2684 = CARTESIAN_POINT('',(-3.387913857659,-3.597097461118,
    3.440085055568));
#2685 = CARTESIAN_POINT('',(-3.415966902559,-3.624616210298,
    3.415971295947));
#2686 = CARTESIAN_POINT('',(-3.439917934387,-3.649050257738,
    3.387690317078));
#2687 = CARTESIAN_POINT('',(-3.460493200169,-3.671335493891,
    3.356700368407));
#2688 = CARTESIAN_POINT('',(-3.478499656773,-3.690647751893,
    3.323510352689));
#2689 = CARTESIAN_POINT('',(-3.493802846094,-3.705376646559,
    3.287760604394));
#2690 = CARTESIAN_POINT('',(-3.50696086085,-3.715596594599,
    3.245062291073));
#2691 = CARTESIAN_POINT('',(-3.509461174146,-3.717422466887,
    3.195548959426));
#2692 = CARTESIAN_POINT('',(-3.500296372405,-3.713082974432,
    3.140060077499));
#2693 = CARTESIAN_POINT('',(-3.49320999683,-3.710624651897,
    3.089376032711));
#2694 = CARTESIAN_POINT('',(-3.488076504136,-3.708836627388,
    3.039734680892));
#2695 = CARTESIAN_POINT('',(-3.223404389827,-3.511239794524,
    3.931134535146));
#2696 = CARTESIAN_POINT('',(-3.224086573515,-3.50767444612,
    3.882287395587));
#2697 = CARTESIAN_POINT('',(-3.224541457196,-3.502695215823,
    3.833420605201));
#2698 = CARTESIAN_POINT('',(-3.221814346458,-3.50020745197,3.77883955843
    ));
#2699 = CARTESIAN_POINT('',(-3.226837911354,-3.50694131815,
    3.731287966742));
#2700 = CARTESIAN_POINT('',(-3.236123621058,-3.517982269079,
    3.68974862326));
#2701 = CARTESIAN_POINT('',(-3.248952796872,-3.532548676783,
    3.651981044088));
#2702 = CARTESIAN_POINT('',(-3.264164443233,-3.548342961089,
    3.616277819052));
#2703 = CARTESIAN_POINT('',(-3.280557085352,-3.563755767214,
    3.581413473311));
#2704 = CARTESIAN_POINT('',(-3.29823757017,-3.580419201411,
    3.546593220987));
#2705 = CARTESIAN_POINT('',(-3.317893530695,-3.599053972889,
    3.512308418051));
#2706 = CARTESIAN_POINT('',(-3.340583583516,-3.620913907212,
    3.48067647634));
#2707 = CARTESIAN_POINT('',(-3.36782408928,-3.646791402834,
    3.454459497422));
#2708 = CARTESIAN_POINT('',(-3.397595266316,-3.676009385991,
    3.432559087745));
#2709 = CARTESIAN_POINT('',(-3.42497899027,-3.701624699735,
    3.407340778501));
#2710 = CARTESIAN_POINT('',(-3.448188843286,-3.724454830616,
    3.377817323624));
#2711 = CARTESIAN_POINT('',(-3.467153719627,-3.744460009992,
    3.344702348869));
#2712 = CARTESIAN_POINT('',(-3.482092336729,-3.76105288337,
    3.307826705866));
#2713 = CARTESIAN_POINT('',(-3.49266173062,-3.772667301531,
    3.267739222784));
#2714 = CARTESIAN_POINT('',(-3.49969313426,-3.777677264859,
    3.220733831729));
#2715 = CARTESIAN_POINT('',(-3.49710605605,-3.775350785344,
    3.166224476934));
#2716 = CARTESIAN_POINT('',(-3.492969981116,-3.776873120146,
    3.119351815223));
#2717 = CARTESIAN_POINT('',(-3.490521558053,-3.778816611105,
    3.072589998357));
#2718 = CARTESIAN_POINT('',(-3.142331978963,-3.49561333013,
    3.885282083835));
#2719 = CARTESIAN_POINT('',(-3.145272436842,-3.495383407413,
    3.838052399025));
#2720 = CARTESIAN_POINT('',(-3.147225533532,-3.495052425308,
    3.789865262371));
#2721 = CARTESIAN_POINT('',(-3.151276354217,-3.499355592275,
    3.742854468602));
#2722 = CARTESIAN_POINT('',(-3.164845687177,-3.509381477685,
    3.704240378279));
#2723 = CARTESIAN_POINT('',(-3.181514841863,-3.525833121056,
    3.667189530172));
#2724 = CARTESIAN_POINT('',(-3.19956360052,-3.546332202482,
    3.633849507241));
#2725 = CARTESIAN_POINT('',(-3.219640636038,-3.569475615682,
    3.603976469715));
#2726 = CARTESIAN_POINT('',(-3.241393940792,-3.59311190236,
    3.575855613093));
#2727 = CARTESIAN_POINT('',(-3.26412092571,-3.615900191755,3.54752094134
    ));
#2728 = CARTESIAN_POINT('',(-3.288578958025,-3.638935227581,
    3.517988496457));
#2729 = CARTESIAN_POINT('',(-3.315769050261,-3.664997654541,
    3.489901668767));
#2730 = CARTESIAN_POINT('',(-3.345544320353,-3.694428534436,
    3.466572351335));
#2731 = CARTESIAN_POINT('',(-3.377985141332,-3.725024813243,
    3.448261074301));
#2732 = CARTESIAN_POINT('',(-3.408478811205,-3.753406670963,
    3.426334394988));
#2733 = CARTESIAN_POINT('',(-3.435727568308,-3.778685227794,
    3.400412594461));
#2734 = CARTESIAN_POINT('',(-3.459464018818,-3.801396609832,
    3.369593775279));
#2735 = CARTESIAN_POINT('',(-3.478551159479,-3.820048644953,
    3.336637370326));
#2736 = CARTESIAN_POINT('',(-3.492543115015,-3.836478498253,
    3.298423925182));
#2737 = CARTESIAN_POINT('',(-3.500575082012,-3.849947281752,
    3.258307407475));
#2738 = CARTESIAN_POINT('',(-3.505366089254,-3.851928859151,
    3.209402685461));
#2739 = CARTESIAN_POINT('',(-3.504598416797,-3.853741518976,
    3.161139673059));
#2740 = CARTESIAN_POINT('',(-3.504199852372,-3.857089207725,
    3.114482727902));
#2741 = CARTESIAN_POINT('',(-3.0553417139,-3.472145043398,3.83266084689)
  );
#2742 = CARTESIAN_POINT('',(-3.063220538771,-3.477296825607,
    3.78941711803));
#2743 = CARTESIAN_POINT('',(-3.071838192055,-3.483164158348,
    3.746743564886));
#2744 = CARTESIAN_POINT('',(-3.084010628048,-3.492342275284,
    3.707070316954));
#2745 = CARTESIAN_POINT('',(-3.101736117425,-3.507901165359,
    3.671824786407));
#2746 = CARTESIAN_POINT('',(-3.122725790299,-3.529051401804,
    3.639081533946));
#2747 = CARTESIAN_POINT('',(-3.145641521091,-3.553651630532,
    3.608723047366));
#2748 = CARTESIAN_POINT('',(-3.170199671664,-3.582335967513,
    3.582624530646));
#2749 = CARTESIAN_POINT('',(-3.196790264143,-3.613211503182,
    3.560953450238));
#2750 = CARTESIAN_POINT('',(-3.225212677814,-3.644133309819,
    3.540722888104));
#2751 = CARTESIAN_POINT('',(-3.255220853796,-3.674028289299,
    3.518719630539));
#2752 = CARTESIAN_POINT('',(-3.287859711705,-3.705563463731,
    3.495953977819));
#2753 = CARTESIAN_POINT('',(-3.321222382357,-3.739142521798,
    3.477071277788));
#2754 = CARTESIAN_POINT('',(-3.357255361732,-3.773449434804,
    3.463650005474));
#2755 = CARTESIAN_POINT('',(-3.392018220892,-3.805385057049,
    3.447424819695));
#2756 = CARTESIAN_POINT('',(-3.423308994361,-3.834029856364,
    3.424948409507));
#2757 = CARTESIAN_POINT('',(-3.450932292737,-3.859561326218,
    3.397584042206));
#2758 = CARTESIAN_POINT('',(-3.47428758672,-3.882048531672,
    3.366815234043));
#2759 = CARTESIAN_POINT('',(-3.493040234584,-3.902039171445,
    3.332444578777));
#2760 = CARTESIAN_POINT('',(-3.506760236291,-3.918313658894,
    3.295133885231));
#2761 = CARTESIAN_POINT('',(-3.515828086423,-3.928400842034,
    3.25319465958));
#2762 = CARTESIAN_POINT('',(-3.521406698256,-3.935567106612,
    3.20884934223));
#2763 = CARTESIAN_POINT('',(-3.526056562989,-3.94246771732,
    3.164425479626));
#2764 = CARTESIAN_POINT('',(-2.965360494383,-3.444047524026,
    3.776038329969));
#2765 = CARTESIAN_POINT('',(-2.980351432559,-3.456613319767,
    3.738810900779));
#2766 = CARTESIAN_POINT('',(-2.996542660296,-3.47020270128,3.70260163743
    ));
#2767 = CARTESIAN_POINT('',(-3.01540405823,-3.486521880644,
    3.668638467599));
#2768 = CARTESIAN_POINT('',(-3.037375158695,-3.50731225429,
    3.637138236427));
#2769 = CARTESIAN_POINT('',(-3.062077332951,-3.532576549025,
    3.60795893236));
#2770 = CARTESIAN_POINT('',(-3.088829309168,-3.561589053486,
    3.58101381646));
#2771 = CARTESIAN_POINT('',(-3.117246286437,-3.594057795631,
    3.557154176922));
#2772 = CARTESIAN_POINT('',(-3.147636268313,-3.629281470431,
    3.538170789287));
#2773 = CARTESIAN_POINT('',(-3.180815003158,-3.66670017617,
    3.526337126487));
#2774 = CARTESIAN_POINT('',(-3.216884338097,-3.704695668883,
    3.514297210061));
#2775 = CARTESIAN_POINT('',(-3.255501751158,-3.74258649214,
    3.499178233783));
#2776 = CARTESIAN_POINT('',(-3.295351392685,-3.782830502148,
    3.486333876535));
#2777 = CARTESIAN_POINT('',(-3.336814615089,-3.822397404597,
    3.481048522378));
#2778 = CARTESIAN_POINT('',(-3.375393679512,-3.857910286245,
    3.469059659405));
#2779 = CARTESIAN_POINT('',(-3.410542956646,-3.889879744676,
    3.450088141653));
#2780 = CARTESIAN_POINT('',(-3.441978913101,-3.918743614132,
    3.426092560757));
#2781 = CARTESIAN_POINT('',(-3.469523189054,-3.9448710171,3.39841175878)
  );
#2782 = CARTESIAN_POINT('',(-3.492986776638,-3.968214284882,
    3.367704174744));
#2783 = CARTESIAN_POINT('',(-3.512278825619,-3.988302295965,
    3.334118534718));
#2784 = CARTESIAN_POINT('',(-3.52774637785,-4.005060246974,
    3.297819829442));
#2785 = CARTESIAN_POINT('',(-3.540739839959,-4.019179208907,
    3.259273738073));
#2786 = CARTESIAN_POINT('',(-3.552667757768,-4.032230411034,
    3.219824796386));
#2787 = CARTESIAN_POINT('',(-2.874576391745,-3.413817811181,
    3.717611863015));
#2788 = CARTESIAN_POINT('',(-2.897008007202,-3.434644871151,
    3.686801377676));
#2789 = CARTESIAN_POINT('',(-2.920248451619,-3.456318095908,
    3.656690641894));
#2790 = CARTESIAN_POINT('',(-2.945016340591,-3.479948070664,
    3.627895560424));
#2791 = CARTESIAN_POINT('',(-2.971601598196,-3.50648406592,
    3.600698720967));
#2792 = CARTESIAN_POINT('',(-3.00014340653,-3.536372418068,3.57541063004
    ));
#2793 = CARTESIAN_POINT('',(-3.030508338333,-3.569593986535,
    3.552291486825));
#2794 = CARTESIAN_POINT('',(-3.062535765325,-3.605837704005,
    3.531882374118));
#2795 = CARTESIAN_POINT('',(-3.096460086723,-3.644868194467,
    3.515320807061));
#2796 = CARTESIAN_POINT('',(-3.133257186502,-3.686707259088,
    3.504606815723));
#2797 = CARTESIAN_POINT('',(-3.174686925209,-3.730962667775,
    3.504478999975));
#2798 = CARTESIAN_POINT('',(-3.22103010704,-3.77853026479,3.500101704958
    ));
#2799 = CARTESIAN_POINT('',(-3.270611364602,-3.826717689355,
    3.49592117176));
#2800 = CARTESIAN_POINT('',(-3.316241697929,-3.870851595827,
    3.499671318758));
#2801 = CARTESIAN_POINT('',(-3.358689411853,-3.910213693283,
    3.490168617756));
#2802 = CARTESIAN_POINT('',(-3.397444430256,-3.945734349491,
    3.474374914833));
#2803 = CARTESIAN_POINT('',(-3.432758532003,-3.978254423109,
    3.454219681159));
#2804 = CARTESIAN_POINT('',(-3.464665380689,-4.008123941966,
    3.430543492973));
#2805 = CARTESIAN_POINT('',(-3.493142243284,-4.035379565128,
    3.403981608478));
#2806 = CARTESIAN_POINT('',(-3.518359720698,-4.060140957705,
    3.37495451537));
#2807 = CARTESIAN_POINT('',(-3.540848965727,-4.082812925997,
    3.343971029253));
#2808 = CARTESIAN_POINT('',(-3.561580496643,-4.103796891296,
    3.31145602882));
#2809 = CARTESIAN_POINT('',(-3.58153825167,-4.123921213881,
    3.278165766291));
#2810 = CARTESIAN_POINT('',(-2.783977187756,-3.382929358257,
    3.658560610128));
#2811 = CARTESIAN_POINT('',(-2.813263560622,-3.412020834708,
    3.633746417291));
#2812 = CARTESIAN_POINT('',(-2.842895427687,-3.441625199682,
    3.609272822703));
#2813 = CARTESIAN_POINT('',(-2.87322533204,-3.472413177282,
    3.585537092012));
#2814 = CARTESIAN_POINT('',(-2.904556866218,-3.505014359863,
    3.562968960045));
#2815 = CARTESIAN_POINT('',(-2.937201438562,-3.539969077885,
    3.542087546559));
#2816 = CARTESIAN_POINT('',(-2.971393634051,-3.577587347439,
    3.523455286433));
#2817 = CARTESIAN_POINT('',(-3.007292884236,-3.61786530526,
    3.507742815303));
#2818 = CARTESIAN_POINT('',(-3.045104414753,-3.660608510429,
    3.495943678454));
#2819 = CARTESIAN_POINT('',(-3.08529905722,-3.705530129725,
    3.489646824394));
#2820 = CARTESIAN_POINT('',(-3.129623210967,-3.753438100472,
    3.491547307115));
#2821 = CARTESIAN_POINT('',(-3.186351096751,-3.812814415478,
    3.500005941653));
#2822 = CARTESIAN_POINT('',(-3.247899902828,-3.872009932409,
    3.50741165638));
#2823 = CARTESIAN_POINT('',(-3.296611248328,-3.918958604496,
    3.511402098023));
#2824 = CARTESIAN_POINT('',(-3.341575704714,-3.961623688318,
    3.507417605108));
#2825 = CARTESIAN_POINT('',(-3.383923216718,-4.001161839319,
    3.496971602559));
#2826 = CARTESIAN_POINT('',(-3.423436449582,-4.037821493872,
    3.481746156677));
#2827 = CARTESIAN_POINT('',(-3.460023418206,-4.07183859981,
    3.462836698016));
#2828 = CARTESIAN_POINT('',(-3.493828244543,-4.103514420611,
    3.441039510704));
#2829 = CARTESIAN_POINT('',(-3.525228427452,-4.13329153448,
    3.417034298207));
#2830 = CARTESIAN_POINT('',(-3.554805713053,-4.161684572851,
    3.391462236599));
#2831 = CARTESIAN_POINT('',(-3.583254324561,-4.189142688681,
    3.364881068163));
#2832 = CARTESIAN_POINT('',(-3.611238403961,-4.216151810679,
    3.337836327771));
#2833 = CARTESIAN_POINT('',(-2.693741835224,-3.352009453858,
    3.599363985854));
#2834 = CARTESIAN_POINT('',(-2.729281604111,-3.389106144964,
    3.580087732995));
#2835 = CARTESIAN_POINT('',(-2.764852141676,-3.426400184762,
    3.560943741341));
#2836 = CARTESIAN_POINT('',(-2.800559631468,-3.464212466539,
    3.542230640124));
#2837 = CARTESIAN_POINT('',(-2.836655002415,-3.502966372698,
    3.524461981014));
#2838 = CARTESIAN_POINT('',(-2.873556057595,-3.543188524169,
    3.508359717873));
#2839 = CARTESIAN_POINT('',(-2.911805194285,-3.58541436266,
    3.494808010915));
#2840 = CARTESIAN_POINT('',(-2.952000960719,-3.630073866457,
    3.484809945553));
#2841 = CARTESIAN_POINT('',(-2.994816577404,-3.677502276382,
    3.479517304023));
#2842 = CARTESIAN_POINT('',(-3.041311645548,-3.728267111938,
    3.480246641341));
#2843 = CARTESIAN_POINT('',(-3.09355711569,-3.783899526187,
    3.488009017532));
#2844 = CARTESIAN_POINT('',(-3.153644675357,-3.84591614428,
    3.501403535643));
#2845 = CARTESIAN_POINT('',(-3.215979643059,-3.907869797535,
    3.513641587549));
#2846 = CARTESIAN_POINT('',(-3.272135149009,-3.962660810431,
    3.520977849515));
#2847 = CARTESIAN_POINT('',(-3.322960988974,-4.011558191455,
    3.522504842289));
#2848 = CARTESIAN_POINT('',(-3.370107232832,-4.056221213499,
    3.518129973274));
#2849 = CARTESIAN_POINT('',(-3.414234362604,-4.097485935907,
    3.508658058611));
#2850 = CARTESIAN_POINT('',(-3.455713224238,-4.135963278127,
    3.495132405808));
#2851 = CARTESIAN_POINT('',(-3.495005838549,-4.172313118572,
    3.47855218424));
#2852 = CARTESIAN_POINT('',(-3.532671086335,-4.207219301657,
    3.45983429116));
#2853 = CARTESIAN_POINT('',(-3.569273062878,-4.241273942304,
    3.439776055539));
#2854 = CARTESIAN_POINT('',(-3.605297142305,-4.274907853524,
    3.419014699915));
#2855 = CARTESIAN_POINT('',(-3.641112349792,-4.308393528964,
    3.397999681351));
#2856 = CARTESIAN_POINT('',(-2.603703792759,-3.321172498069,
    3.540160806488));
#2857 = CARTESIAN_POINT('',(-2.645218600072,-3.366107900867,
    3.526210370755));
#2858 = CARTESIAN_POINT('',(-2.686536097317,-3.410960355055,
    3.512266490113));
#2859 = CARTESIAN_POINT('',(-2.727540021956,-3.455730466378,
    3.498554397596));
#2860 = CARTESIAN_POINT('',(-2.768386869802,-3.500633655368,
    3.485647496105));
#2861 = CARTESIAN_POINT('',(-2.809587045603,-3.546166631974,
    3.474488979182));
#2862 = CARTESIAN_POINT('',(-2.852017222918,-3.59311083631,
    3.466329546247));
#2863 = CARTESIAN_POINT('',(-2.896877706333,-3.642489046967,
    3.462562806723));
#2864 = CARTESIAN_POINT('',(-2.945568332033,-3.69545458411,
    3.464413559187));
#2865 = CARTESIAN_POINT('',(-2.99932026707,-3.752954148591,3.47242087129
    ));
#2866 = CARTESIAN_POINT('',(-3.058325086521,-3.814875899489,
    3.485801181094));
#2867 = CARTESIAN_POINT('',(-3.120778332267,-3.879157941441,
    3.502196513655));
#2868 = CARTESIAN_POINT('',(-3.184041480081,-3.943223431498,
    3.517918440886));
#2869 = CARTESIAN_POINT('',(-3.245635927434,-4.004355458356,
    3.529883150677));
#2870 = CARTESIAN_POINT('',(-3.303100975007,-4.06034334187,
    3.536959908752));
#2871 = CARTESIAN_POINT('',(-3.355999045735,-4.110983959908,
    3.538688431166));
#2872 = CARTESIAN_POINT('',(-3.405137860781,-4.157223543059,
    3.535240604688));
#2873 = CARTESIAN_POINT('',(-3.45161734452,-4.200304949683,
    3.527388228912));
#2874 = CARTESIAN_POINT('',(-3.496431836171,-4.241397873023,
    3.516232459289));
#2875 = CARTESIAN_POINT('',(-3.540361360704,-4.281455013082,
    3.502914335955));
#2876 = CARTESIAN_POINT('',(-3.583937539473,-4.321143013374,
    3.488407297536));
#2877 = CARTESIAN_POINT('',(-3.627444378347,-4.360820573164,
    3.473404730813));
#2878 = CARTESIAN_POINT('',(-3.670968756422,-4.400566690101,
    3.458282599511));
#2879 = ADVANCED_FACE('',(#2880),#2891,.T.);
#2880 = FACE_BOUND('',#2881,.T.);
#2881 = EDGE_LOOP('',(#2882,#2889,#2890));
#2882 = ORIENTED_EDGE('',*,*,#2883,.F.);
#2883 = EDGE_CURVE('',#1294,#1260,#2884,.T.);
#2884 = CIRCLE('',#2885,0.29);
#2885 = AXIS2_PLACEMENT_3D('',#2886,#2887,#2888);
#2886 = CARTESIAN_POINT('',(4.71,4.71,4.71));
#2887 = DIRECTION('',(1.247733069816E-13,1.247733069816E-13,-1.));
#2888 = DIRECTION('',(-1.914177628664E-15,1.,1.247733069816E-13));
#2889 = ORIENTED_EDGE('',*,*,#1293,.T.);
#2890 = ORIENTED_EDGE('',*,*,#1266,.F.);
#2891 = ( BOUNDED_SURFACE() B_SPLINE_SURFACE(2,2,(
    (#2892,#2893,#2894,#2895,#2896)
    ,(#2897,#2898,#2899,#2900,#2901)
    ,(#2902,#2903,#2904,#2905,#2906
)),.UNSPECIFIED.,.F.,.F.,.F.) B_SPLINE_SURFACE_WITH_KNOTS((3,3),(3,2,3),
  (22.776546738526,68.329640215578),(73.257275402663,96.261587608574,
119.26589981448),.UNSPECIFIED.) GEOMETRIC_REPRESENTATION_ITEM() 
RATIONAL_B_SPLINE_SURFACE((
    (1.,0.922369618366,1.,0.922369618366,1.)
    ,(0.707106781187,0.652213811907,0.707106781187,0.652213811907
      ,0.707106781187)
,(1.,0.922369618366,1.,0.922369618366,1.
))) REPRESENTATION_ITEM('') SURFACE() );
#2892 = CARTESIAN_POINT('',(4.71,4.71,5.));
#2893 = CARTESIAN_POINT('',(4.71,4.795884010882,5.));
#2894 = CARTESIAN_POINT('',(4.666722056737,4.856134343487,4.956722056737
    ));
#2895 = CARTESIAN_POINT('',(4.623444113474,4.916384676092,4.913444113474
    ));
#2896 = CARTESIAN_POINT('',(4.56272243899,4.915035668682,4.85272243899)
  );
#2897 = CARTESIAN_POINT('',(5.,4.71,5.));
#2898 = CARTESIAN_POINT('',(5.,4.881768021764,5.));
#2899 = CARTESIAN_POINT('',(4.913444113474,5.002268686975,4.913444113474
    ));
#2900 = CARTESIAN_POINT('',(4.826888226947,5.122769352185,4.826888226947
    ));
#2901 = CARTESIAN_POINT('',(4.70544487798,5.120071337363,4.70544487798)
  );
#2902 = CARTESIAN_POINT('',(5.,4.71,4.71));
#2903 = CARTESIAN_POINT('',(5.,4.795884010882,4.71));
#2904 = CARTESIAN_POINT('',(4.956722056737,4.856134343487,4.666722056737
    ));
#2905 = CARTESIAN_POINT('',(4.913444113474,4.916384676092,4.623444113474
    ));
#2906 = CARTESIAN_POINT('',(4.85272243899,4.915035668682,4.56272243899)
  );
#2907 = ADVANCED_FACE('',(#2908),#2938,.T.);
#2908 = FACE_BOUND('',#2909,.T.);
#2909 = EDGE_LOOP('',(#2910,#2911,#2918,#2925,#2932,#2937));
#2910 = ORIENTED_EDGE('',*,*,#1699,.T.);
#2911 = ORIENTED_EDGE('',*,*,#2912,.F.);
#2912 = EDGE_CURVE('',#2913,#1652,#2915,.T.);
#2913 = VERTEX_POINT('',#2914);
#2914 = CARTESIAN_POINT('',(-3.21,3.5,3.79));
#2915 = B_SPLINE_CURVE_WITH_KNOTS('',1,(#2916,#2917),.UNSPECIFIED.,.F.,
  .F.,(2,2),(0.,92.),.PIECEWISE_BEZIER_KNOTS.);
#2916 = CARTESIAN_POINT('',(-3.21,3.5,3.79));
#2917 = CARTESIAN_POINT('',(-3.21,3.5,4.71));
#2918 = ORIENTED_EDGE('',*,*,#2919,.T.);
#2919 = EDGE_CURVE('',#2913,#2920,#2922,.T.);
#2920 = VERTEX_POINT('',#2921);
#2921 = CARTESIAN_POINT('',(1.051936315832E-15,3.5,3.79));
#2922 = B_SPLINE_CURVE_WITH_KNOTS('',1,(#2923,#2924),.UNSPECIFIED.,.F.,
  .F.,(2,2),(0.,321.),.PIECEWISE_BEZIER_KNOTS.);
#2923 = CARTESIAN_POINT('',(-3.21,3.5,3.79));
#2924 = CARTESIAN_POINT('',(1.051936315832E-15,3.5,3.79));
#2925 = ORIENTED_EDGE('',*,*,#2926,.F.);
#2926 = EDGE_CURVE('',#2927,#2920,#2929,.T.);
#2927 = VERTEX_POINT('',#2928);
#2928 = CARTESIAN_POINT('',(3.21,3.5,3.79));
#2929 = B_SPLINE_CURVE_WITH_KNOTS('',1,(#2930,#2931),.UNSPECIFIED.,.F.,
  .F.,(2,2),(0.,321.),.PIECEWISE_BEZIER_KNOTS.);
#2930 = CARTESIAN_POINT('',(3.21,3.5,3.79));
#2931 = CARTESIAN_POINT('',(1.051936315832E-15,3.5,3.79));
#2932 = ORIENTED_EDGE('',*,*,#2933,.T.);
#2933 = EDGE_CURVE('',#2927,#1347,#2934,.T.);
#2934 = B_SPLINE_CURVE_WITH_KNOTS('',1,(#2935,#2936),.UNSPECIFIED.,.F.,
  .F.,(2,2),(0.,92.),.PIECEWISE_BEZIER_KNOTS.);
#2935 = CARTESIAN_POINT('',(3.21,3.5,3.79));
#2936 = CARTESIAN_POINT('',(3.21,3.5,4.71));
#2937 = ORIENTED_EDGE('',*,*,#1346,.F.);
#2938 = PLANE('',#2939);
#2939 = AXIS2_PLACEMENT_3D('',#2940,#2941,#2942);
#2940 = CARTESIAN_POINT('',(-3.5,3.5,4.802));
#2941 = DIRECTION('',(0.,-1.,0.));
#2942 = DIRECTION('',(0.,0.,-1.));
#2943 = ADVANCED_FACE('',(#2944),#2985,.F.);
#2944 = FACE_BOUND('',#2945,.F.);
#2945 = EDGE_LOOP('',(#2946,#2947,#2948,#2955,#2971));
#2946 = ORIENTED_EDGE('',*,*,#2933,.T.);
#2947 = ORIENTED_EDGE('',*,*,#1369,.T.);
#2948 = ORIENTED_EDGE('',*,*,#2949,.F.);
#2949 = EDGE_CURVE('',#2950,#1370,#2952,.T.);
#2950 = VERTEX_POINT('',#2951);
#2951 = CARTESIAN_POINT('',(3.5,3.21,3.79));
#2952 = B_SPLINE_CURVE_WITH_KNOTS('',1,(#2953,#2954),.UNSPECIFIED.,.F.,
  .F.,(2,2),(0.,92.),.PIECEWISE_BEZIER_KNOTS.);
#2953 = CARTESIAN_POINT('',(3.5,3.21,3.79));
#2954 = CARTESIAN_POINT('',(3.5,3.21,4.71));
#2955 = ORIENTED_EDGE('',*,*,#2956,.T.);
#2956 = EDGE_CURVE('',#2950,#2957,#2959,.T.);
#2957 = VERTEX_POINT('',#2958);
#2958 = CARTESIAN_POINT('',(3.415060966544,3.415060966544,3.620121933088
    ));
#2959 = ( BOUNDED_CURVE() B_SPLINE_CURVE(3,(#2960,#2961,#2962,#2963,
    #2964,#2965,#2966,#2967,#2968,#2969,#2970),.UNSPECIFIED.,.F.,.F.) 
B_SPLINE_CURVE_WITH_KNOTS((4,1,1,1,1,1,1,1,4),(0.,5.225562490263,
    10.671409460221,16.371434799463,22.35682146474,28.651028806887,
    35.265103795654,42.194177461723,49.415742474403),.UNSPECIFIED.) 
CURVE() GEOMETRIC_REPRESENTATION_ITEM() RATIONAL_B_SPLINE_CURVE((1.,1.,
1.,1.,1.,1.,1.,1.,1.,1.,1.)) REPRESENTATION_ITEM('') );
#2960 = CARTESIAN_POINT('',(3.5,3.21,3.79));
#2961 = CARTESIAN_POINT('',(3.500000276282,3.218709312254,3.790000552564
    ));
#2962 = CARTESIAN_POINT('',(3.499196142331,3.236495023547,3.788392284665
    ));
#2963 = CARTESIAN_POINT('',(3.495494848594,3.263332746232,3.780989697186
    ));
#2964 = CARTESIAN_POINT('',(3.489087415378,3.29047194823,3.768174830758)
  );
#2965 = CARTESIAN_POINT('',(3.479851124341,3.317507878735,3.749702248682
    ));
#2966 = CARTESIAN_POINT('',(3.467741554549,3.3440024342,3.725483109098)
  );
#2967 = CARTESIAN_POINT('',(3.45280197808,3.36950460751,3.695603956161)
  );
#2968 = CARTESIAN_POINT('',(3.43516721882,3.393571714324,3.660334437641)
  );
#2969 = CARTESIAN_POINT('',(3.422009721475,3.408112021826,3.63401944295)
  );
#2970 = CARTESIAN_POINT('',(3.415060966544,3.415060966544,3.620121933088
    ));
#2971 = ORIENTED_EDGE('',*,*,#2972,.F.);
#2972 = EDGE_CURVE('',#2927,#2957,#2973,.T.);
#2973 = ( BOUNDED_CURVE() B_SPLINE_CURVE(3,(#2974,#2975,#2976,#2977,
    #2978,#2979,#2980,#2981,#2982,#2983,#2984),.UNSPECIFIED.,.F.,.F.) 
B_SPLINE_CURVE_WITH_KNOTS((4,1,1,1,1,1,1,1,4),(0.,5.225562490263,
    10.67140946022,16.371434799463,22.35682146474,28.651028806886,
    35.265103795654,42.194177461723,49.415742474403),.UNSPECIFIED.) 
CURVE() GEOMETRIC_REPRESENTATION_ITEM() RATIONAL_B_SPLINE_CURVE((1.,1.,
1.,1.,1.,1.,1.,1.,1.,1.,1.)) REPRESENTATION_ITEM('') );
#2974 = CARTESIAN_POINT('',(3.21,3.5,3.79));
#2975 = CARTESIAN_POINT('',(3.218709312254,3.500000276282,3.790000552564
    ));
#2976 = CARTESIAN_POINT('',(3.236495023547,3.499196142331,3.788392284665
    ));
#2977 = CARTESIAN_POINT('',(3.263332746232,3.495494848594,3.780989697186
    ));
#2978 = CARTESIAN_POINT('',(3.29047194823,3.489087415378,3.768174830758)
  );
#2979 = CARTESIAN_POINT('',(3.317507878735,3.479851124341,3.749702248682
    ));
#2980 = CARTESIAN_POINT('',(3.3440024342,3.467741554549,3.725483109098)
  );
#2981 = CARTESIAN_POINT('',(3.36950460751,3.45280197808,3.695603956161)
  );
#2982 = CARTESIAN_POINT('',(3.393571714324,3.43516721882,3.660334437641)
  );
#2983 = CARTESIAN_POINT('',(3.408112021826,3.422009721475,3.63401944295)
  );
#2984 = CARTESIAN_POINT('',(3.415060966544,3.415060966544,3.620121933088
    ));
#2985 = CYLINDRICAL_SURFACE('',#2986,0.29);
#2986 = AXIS2_PLACEMENT_3D('',#2987,#2988,#2989);
#2987 = CARTESIAN_POINT('',(3.21,3.21,4.25));
#2988 = DIRECTION('',(4.621233591912E-15,4.621233591912E-15,-1.));
#2989 = DIRECTION('',(-1.,0.,-4.621233591912E-15));
#2990 = ADVANCED_FACE('',(#2991),#3015,.T.);
#2991 = FACE_BOUND('',#2992,.T.);
#2992 = EDGE_LOOP('',(#2993,#3002,#3007,#3008,#3009,#3010));
#2993 = ORIENTED_EDGE('',*,*,#2994,.T.);
#2994 = EDGE_CURVE('',#2995,#2997,#2999,.T.);
#2995 = VERTEX_POINT('',#2996);
#2996 = CARTESIAN_POINT('',(3.5,0.,3.79));
#2997 = VERTEX_POINT('',#2998);
#2998 = CARTESIAN_POINT('',(3.5,-3.21,3.79));
#2999 = B_SPLINE_CURVE_WITH_KNOTS('',1,(#3000,#3001),.UNSPECIFIED.,.F.,
  .F.,(2,2),(0.,321.),.PIECEWISE_BEZIER_KNOTS.);
#3000 = CARTESIAN_POINT('',(3.5,0.,3.79));
#3001 = CARTESIAN_POINT('',(3.5,-3.21,3.79));
#3002 = ORIENTED_EDGE('',*,*,#3003,.T.);
#3003 = EDGE_CURVE('',#2997,#1440,#3004,.T.);
#3004 = B_SPLINE_CURVE_WITH_KNOTS('',1,(#3005,#3006),.UNSPECIFIED.,.F.,
  .F.,(2,2),(0.,92.),.PIECEWISE_BEZIER_KNOTS.);
#3005 = CARTESIAN_POINT('',(3.5,-3.21,3.79));
#3006 = CARTESIAN_POINT('',(3.5,-3.21,4.71));
#3007 = ORIENTED_EDGE('',*,*,#1439,.T.);
#3008 = ORIENTED_EDGE('',*,*,#1426,.F.);
#3009 = ORIENTED_EDGE('',*,*,#2949,.F.);
#3010 = ORIENTED_EDGE('',*,*,#3011,.F.);
#3011 = EDGE_CURVE('',#2995,#2950,#3012,.T.);
#3012 = B_SPLINE_CURVE_WITH_KNOTS('',1,(#3013,#3014),.UNSPECIFIED.,.F.,
  .F.,(2,2),(0.,321.),.PIECEWISE_BEZIER_KNOTS.);
#3013 = CARTESIAN_POINT('',(3.5,0.,3.79));
#3014 = CARTESIAN_POINT('',(3.5,3.21,3.79));
#3015 = PLANE('',#3016);
#3016 = AXIS2_PLACEMENT_3D('',#3017,#3018,#3019);
#3017 = CARTESIAN_POINT('',(3.5,3.5,4.802));
#3018 = DIRECTION('',(-1.,0.,0.));
#3019 = DIRECTION('',(0.,0.,-1.));
#3020 = ADVANCED_FACE('',(#3021),#3062,.F.);
#3021 = FACE_BOUND('',#3022,.F.);
#3022 = EDGE_LOOP('',(#3023,#3041,#3055,#3056,#3057));
#3023 = ORIENTED_EDGE('',*,*,#3024,.T.);
#3024 = EDGE_CURVE('',#3025,#3027,#3029,.T.);
#3025 = VERTEX_POINT('',#3026);
#3026 = CARTESIAN_POINT('',(3.21,-3.5,3.79));
#3027 = VERTEX_POINT('',#3028);
#3028 = CARTESIAN_POINT('',(3.415060966544,-3.415060966544,
    3.620121933088));
#3029 = ( BOUNDED_CURVE() B_SPLINE_CURVE(3,(#3030,#3031,#3032,#3033,
    #3034,#3035,#3036,#3037,#3038,#3039,#3040),.UNSPECIFIED.,.F.,.F.) 
B_SPLINE_CURVE_WITH_KNOTS((4,1,1,1,1,1,1,1,4),(0.,5.225562490263,
    10.67140946022,16.371434799463,22.35682146474,28.651028806886,
    35.265103795654,42.194177461723,49.415742474403),.UNSPECIFIED.) 
CURVE() GEOMETRIC_REPRESENTATION_ITEM() RATIONAL_B_SPLINE_CURVE((1.,1.,
1.,1.,1.,1.,1.,1.,1.,1.,1.)) REPRESENTATION_ITEM('') );
#3030 = CARTESIAN_POINT('',(3.21,-3.5,3.79));
#3031 = CARTESIAN_POINT('',(3.218709312254,-3.500000276282,
    3.790000552564));
#3032 = CARTESIAN_POINT('',(3.236495023547,-3.499196142331,
    3.788392284665));
#3033 = CARTESIAN_POINT('',(3.263332746232,-3.495494848594,
    3.780989697186));
#3034 = CARTESIAN_POINT('',(3.29047194823,-3.489087415378,3.768174830758
    ));
#3035 = CARTESIAN_POINT('',(3.317507878735,-3.479851124341,
    3.749702248682));
#3036 = CARTESIAN_POINT('',(3.3440024342,-3.467741554549,3.725483109098)
  );
#3037 = CARTESIAN_POINT('',(3.36950460751,-3.45280197808,3.695603956161)
  );
#3038 = CARTESIAN_POINT('',(3.393571714324,-3.43516721882,3.660334437641
    ));
#3039 = CARTESIAN_POINT('',(3.408112021826,-3.422009721475,3.63401944295
    ));
#3040 = CARTESIAN_POINT('',(3.415060966544,-3.415060966544,
    3.620121933088));
#3041 = ORIENTED_EDGE('',*,*,#3042,.F.);
#3042 = EDGE_CURVE('',#2997,#3027,#3043,.T.);
#3043 = ( BOUNDED_CURVE() B_SPLINE_CURVE(3,(#3044,#3045,#3046,#3047,
    #3048,#3049,#3050,#3051,#3052,#3053,#3054),.UNSPECIFIED.,.F.,.F.) 
B_SPLINE_CURVE_WITH_KNOTS((4,1,1,1,1,1,1,1,4),(0.,5.225562490263,
    10.671409460221,16.371434799463,22.35682146474,28.651028806887,
    35.265103795654,42.194177461723,49.415742474403),.UNSPECIFIED.) 
CURVE() GEOMETRIC_REPRESENTATION_ITEM() RATIONAL_B_SPLINE_CURVE((1.,1.,
1.,1.,1.,1.,1.,1.,1.,1.,1.)) REPRESENTATION_ITEM('') );
#3044 = CARTESIAN_POINT('',(3.5,-3.21,3.79));
#3045 = CARTESIAN_POINT('',(3.500000276282,-3.218709312254,
    3.790000552564));
#3046 = CARTESIAN_POINT('',(3.499196142331,-3.236495023547,
    3.788392284665));
#3047 = CARTESIAN_POINT('',(3.495494848594,-3.263332746232,
    3.780989697186));
#3048 = CARTESIAN_POINT('',(3.489087415378,-3.29047194823,3.768174830758
    ));
#3049 = CARTESIAN_POINT('',(3.479851124341,-3.317507878735,
    3.749702248682));
#3050 = CARTESIAN_POINT('',(3.467741554549,-3.3440024342,3.725483109098)
  );
#3051 = CARTESIAN_POINT('',(3.45280197808,-3.36950460751,3.695603956161)
  );
#3052 = CARTESIAN_POINT('',(3.43516721882,-3.393571714324,3.660334437641
    ));
#3053 = CARTESIAN_POINT('',(3.422009721475,-3.408112021826,3.63401944295
    ));
#3054 = CARTESIAN_POINT('',(3.415060966544,-3.415060966544,
    3.620121933088));
#3055 = ORIENTED_EDGE('',*,*,#3003,.T.);
#3056 = ORIENTED_EDGE('',*,*,#1474,.F.);
#3057 = ORIENTED_EDGE('',*,*,#3058,.F.);
#3058 = EDGE_CURVE('',#3025,#1464,#3059,.T.);
#3059 = B_SPLINE_CURVE_WITH_KNOTS('',1,(#3060,#3061),.UNSPECIFIED.,.F.,
  .F.,(2,2),(0.,92.),.PIECEWISE_BEZIER_KNOTS.);
#3060 = CARTESIAN_POINT('',(3.21,-3.5,3.79));
#3061 = CARTESIAN_POINT('',(3.21,-3.5,4.71));
#3062 = CYLINDRICAL_SURFACE('',#3063,0.29);
#3063 = AXIS2_PLACEMENT_3D('',#3064,#3065,#3066);
#3064 = CARTESIAN_POINT('',(3.21,-3.21,4.25));
#3065 = DIRECTION('',(-4.621233591912E-15,4.621233591912E-15,1.));
#3066 = DIRECTION('',(1.,0.,4.621233591912E-15));
#3067 = ADVANCED_FACE('',(#3068),#3090,.T.);
#3068 = FACE_BOUND('',#3069,.T.);
#3069 = EDGE_LOOP('',(#3070,#3071,#3072,#3079,#3084,#3089));
#3070 = ORIENTED_EDGE('',*,*,#1511,.T.);
#3071 = ORIENTED_EDGE('',*,*,#3058,.F.);
#3072 = ORIENTED_EDGE('',*,*,#3073,.T.);
#3073 = EDGE_CURVE('',#3025,#3074,#3076,.T.);
#3074 = VERTEX_POINT('',#3075);
#3075 = CARTESIAN_POINT('',(1.051936315832E-15,-3.5,3.79));
#3076 = B_SPLINE_CURVE_WITH_KNOTS('',1,(#3077,#3078),.UNSPECIFIED.,.F.,
  .F.,(2,2),(0.,321.),.PIECEWISE_BEZIER_KNOTS.);
#3077 = CARTESIAN_POINT('',(3.21,-3.5,3.79));
#3078 = CARTESIAN_POINT('',(1.051936315832E-15,-3.5,3.79));
#3079 = ORIENTED_EDGE('',*,*,#3080,.F.);
#3080 = EDGE_CURVE('',#2325,#3074,#3081,.T.);
#3081 = B_SPLINE_CURVE_WITH_KNOTS('',1,(#3082,#3083),.UNSPECIFIED.,.F.,
  .F.,(2,2),(0.,321.),.PIECEWISE_BEZIER_KNOTS.);
#3082 = CARTESIAN_POINT('',(-3.21,-3.5,3.79));
#3083 = CARTESIAN_POINT('',(1.051936315832E-15,-3.5,3.79));
#3084 = ORIENTED_EDGE('',*,*,#3085,.T.);
#3085 = EDGE_CURVE('',#2325,#1535,#3086,.T.);
#3086 = B_SPLINE_CURVE_WITH_KNOTS('',1,(#3087,#3088),.UNSPECIFIED.,.F.,
  .F.,(2,2),(0.,92.),.PIECEWISE_BEZIER_KNOTS.);
#3087 = CARTESIAN_POINT('',(-3.21,-3.5,3.79));
#3088 = CARTESIAN_POINT('',(-3.21,-3.5,4.71));
#3089 = ORIENTED_EDGE('',*,*,#1534,.F.);
#3090 = PLANE('',#3091);
#3091 = AXIS2_PLACEMENT_3D('',#3092,#3093,#3094);
#3092 = CARTESIAN_POINT('',(-3.5,-3.5,4.802));
#3093 = DIRECTION('',(0.,1.,0.));
#3094 = DIRECTION('',(0.,0.,1.));
#3095 = ADVANCED_FACE('',(#3096),#3107,.F.);
#3096 = FACE_BOUND('',#3097,.F.);
#3097 = EDGE_LOOP('',(#3098,#3099,#3100,#3105,#3106));
#3098 = ORIENTED_EDGE('',*,*,#3085,.T.);
#3099 = ORIENTED_EDGE('',*,*,#1557,.T.);
#3100 = ORIENTED_EDGE('',*,*,#3101,.F.);
#3101 = EDGE_CURVE('',#2300,#1558,#3102,.T.);
#3102 = B_SPLINE_CURVE_WITH_KNOTS('',1,(#3103,#3104),.UNSPECIFIED.,.F.,
  .F.,(2,2),(0.,92.),.PIECEWISE_BEZIER_KNOTS.);
#3103 = CARTESIAN_POINT('',(-3.5,-3.21,3.79));
#3104 = CARTESIAN_POINT('',(-3.5,-3.21,4.71));
#3105 = ORIENTED_EDGE('',*,*,#2308,.T.);
#3106 = ORIENTED_EDGE('',*,*,#2324,.F.);
#3107 = CYLINDRICAL_SURFACE('',#3108,0.29);
#3108 = AXIS2_PLACEMENT_3D('',#3109,#3110,#3111);
#3109 = CARTESIAN_POINT('',(-3.21,-3.21,4.25));
#3110 = DIRECTION('',(0.,0.,-1.));
#3111 = DIRECTION('',(-1.,0.,0.));
#3112 = ADVANCED_FACE('',(#3113),#3137,.T.);
#3113 = FACE_BOUND('',#3114,.T.);
#3114 = EDGE_LOOP('',(#3115,#3124,#3129,#3130,#3131,#3132));
#3115 = ORIENTED_EDGE('',*,*,#3116,.T.);
#3116 = EDGE_CURVE('',#3117,#3119,#3121,.T.);
#3117 = VERTEX_POINT('',#3118);
#3118 = CARTESIAN_POINT('',(-3.5,-1.402076999514E-30,3.79));
#3119 = VERTEX_POINT('',#3120);
#3120 = CARTESIAN_POINT('',(-3.5,3.21,3.79));
#3121 = B_SPLINE_CURVE_WITH_KNOTS('',1,(#3122,#3123),.UNSPECIFIED.,.F.,
  .F.,(2,2),(0.,321.),.PIECEWISE_BEZIER_KNOTS.);
#3122 = CARTESIAN_POINT('',(-3.5,-1.402076999514E-30,3.79));
#3123 = CARTESIAN_POINT('',(-3.5,3.21,3.79));
#3124 = ORIENTED_EDGE('',*,*,#3125,.T.);
#3125 = EDGE_CURVE('',#3119,#1628,#3126,.T.);
#3126 = B_SPLINE_CURVE_WITH_KNOTS('',1,(#3127,#3128),.UNSPECIFIED.,.F.,
  .F.,(2,2),(0.,92.),.PIECEWISE_BEZIER_KNOTS.);
#3127 = CARTESIAN_POINT('',(-3.5,3.21,3.79));
#3128 = CARTESIAN_POINT('',(-3.5,3.21,4.71));
#3129 = ORIENTED_EDGE('',*,*,#1627,.T.);
#3130 = ORIENTED_EDGE('',*,*,#1614,.F.);
#3131 = ORIENTED_EDGE('',*,*,#3101,.F.);
#3132 = ORIENTED_EDGE('',*,*,#3133,.F.);
#3133 = EDGE_CURVE('',#3117,#2300,#3134,.T.);
#3134 = B_SPLINE_CURVE_WITH_KNOTS('',1,(#3135,#3136),.UNSPECIFIED.,.F.,
  .F.,(2,2),(0.,321.),.PIECEWISE_BEZIER_KNOTS.);
#3135 = CARTESIAN_POINT('',(-3.5,-1.402076999514E-30,3.79));
#3136 = CARTESIAN_POINT('',(-3.5,-3.21,3.79));
#3137 = PLANE('',#3138);
#3138 = AXIS2_PLACEMENT_3D('',#3139,#3140,#3141);
#3139 = CARTESIAN_POINT('',(-3.5,3.5,4.802));
#3140 = DIRECTION('',(1.,0.,0.));
#3141 = DIRECTION('',(0.,0.,1.));
#3142 = ADVANCED_FACE('',(#3143),#3178,.F.);
#3143 = FACE_BOUND('',#3144,.F.);
#3144 = EDGE_LOOP('',(#3145,#3161,#3175,#3176,#3177));
#3145 = ORIENTED_EDGE('',*,*,#3146,.T.);
#3146 = EDGE_CURVE('',#2913,#3147,#3149,.T.);
#3147 = VERTEX_POINT('',#3148);
#3148 = CARTESIAN_POINT('',(-3.415060966544,3.415060966544,
    3.620121933088));
#3149 = ( BOUNDED_CURVE() B_SPLINE_CURVE(3,(#3150,#3151,#3152,#3153,
    #3154,#3155,#3156,#3157,#3158,#3159,#3160),.UNSPECIFIED.,.F.,.F.) 
B_SPLINE_CURVE_WITH_KNOTS((4,1,1,1,1,1,1,1,4),(0.,5.225562490263,
    10.67140946022,16.371434799463,22.35682146474,28.651028806886,
    35.265103795654,42.194177461723,49.415742474403),.UNSPECIFIED.) 
CURVE() GEOMETRIC_REPRESENTATION_ITEM() RATIONAL_B_SPLINE_CURVE((1.,1.,
1.,1.,1.,1.,1.,1.,1.,1.,1.)) REPRESENTATION_ITEM('') );
#3150 = CARTESIAN_POINT('',(-3.21,3.5,3.79));
#3151 = CARTESIAN_POINT('',(-3.218709312254,3.500000276282,
    3.790000552564));
#3152 = CARTESIAN_POINT('',(-3.236495023547,3.499196142331,
    3.788392284665));
#3153 = CARTESIAN_POINT('',(-3.263332746232,3.495494848594,
    3.780989697186));
#3154 = CARTESIAN_POINT('',(-3.29047194823,3.489087415378,3.768174830758
    ));
#3155 = CARTESIAN_POINT('',(-3.317507878735,3.479851124341,
    3.749702248682));
#3156 = CARTESIAN_POINT('',(-3.3440024342,3.467741554549,3.725483109098)
  );
#3157 = CARTESIAN_POINT('',(-3.36950460751,3.45280197808,3.695603956161)
  );
#3158 = CARTESIAN_POINT('',(-3.393571714324,3.43516721882,3.660334437641
    ));
#3159 = CARTESIAN_POINT('',(-3.408112021826,3.422009721475,3.63401944295
    ));
#3160 = CARTESIAN_POINT('',(-3.415060966544,3.415060966544,
    3.620121933088));
#3161 = ORIENTED_EDGE('',*,*,#3162,.F.);
#3162 = EDGE_CURVE('',#3119,#3147,#3163,.T.);
#3163 = ( BOUNDED_CURVE() B_SPLINE_CURVE(3,(#3164,#3165,#3166,#3167,
    #3168,#3169,#3170,#3171,#3172,#3173,#3174),.UNSPECIFIED.,.F.,.F.) 
B_SPLINE_CURVE_WITH_KNOTS((4,1,1,1,1,1,1,1,4),(0.,5.225562490263,
    10.671409460221,16.371434799463,22.35682146474,28.651028806887,
    35.265103795654,42.194177461723,49.415742474403),.UNSPECIFIED.) 
CURVE() GEOMETRIC_REPRESENTATION_ITEM() RATIONAL_B_SPLINE_CURVE((1.,1.,
1.,1.,1.,1.,1.,1.,1.,1.,1.)) REPRESENTATION_ITEM('') );
#3164 = CARTESIAN_POINT('',(-3.5,3.21,3.79));
#3165 = CARTESIAN_POINT('',(-3.500000276282,3.218709312254,
    3.790000552564));
#3166 = CARTESIAN_POINT('',(-3.499196142331,3.236495023547,
    3.788392284665));
#3167 = CARTESIAN_POINT('',(-3.495494848594,3.263332746232,
    3.780989697186));
#3168 = CARTESIAN_POINT('',(-3.489087415378,3.29047194823,3.768174830758
    ));
#3169 = CARTESIAN_POINT('',(-3.479851124341,3.317507878735,
    3.749702248682));
#3170 = CARTESIAN_POINT('',(-3.467741554549,3.3440024342,3.725483109098)
  );
#3171 = CARTESIAN_POINT('',(-3.45280197808,3.36950460751,3.695603956161)
  );
#3172 = CARTESIAN_POINT('',(-3.43516721882,3.393571714324,3.660334437641
    ));
#3173 = CARTESIAN_POINT('',(-3.422009721475,3.408112021826,3.63401944295
    ));
#3174 = CARTESIAN_POINT('',(-3.415060966544,3.415060966544,
    3.620121933088));
#3175 = ORIENTED_EDGE('',*,*,#3125,.T.);
#3176 = ORIENTED_EDGE('',*,*,#1662,.F.);
#3177 = ORIENTED_EDGE('',*,*,#2912,.F.);
#3178 = CYLINDRICAL_SURFACE('',#3179,0.29);
#3179 = AXIS2_PLACEMENT_3D('',#3180,#3181,#3182);
#3180 = CARTESIAN_POINT('',(-3.21,3.21,4.25));
#3181 = DIRECTION('',(0.,0.,1.));
#3182 = DIRECTION('',(1.,0.,0.));
#3183 = ADVANCED_FACE('',(#3184),#3207,.T.);
#3184 = FACE_BOUND('',#3185,.T.);
#3185 = EDGE_LOOP('',(#3186,#3198,#3199,#3200));
#3186 = ORIENTED_EDGE('',*,*,#3187,.T.);
#3187 = EDGE_CURVE('',#3188,#1953,#3190,.T.);
#3188 = VERTEX_POINT('',#3189);
#3189 = CARTESIAN_POINT('',(-3.21,4.71,3.5));
#3190 = ( BOUNDED_CURVE() B_SPLINE_CURVE(3,(#3191,#3192,#3193,#3194,
#3195,#3196,#3197),.UNSPECIFIED.,.F.,.F.) B_SPLINE_CURVE_WITH_KNOTS((4,1
    ,1,1,4),(0.,21.863496405469,45.552805753504,69.242115101538,
91.105611507008),.UNSPECIFIED.) CURVE() GEOMETRIC_REPRESENTATION_ITEM() 
RATIONAL_B_SPLINE_CURVE((1.,1.,1.,1.,1.,1.,1.)) REPRESENTATION_ITEM('') 
  );
#3191 = CARTESIAN_POINT('',(-3.21,4.71,3.5));
#3192 = CARTESIAN_POINT('',(-3.246437010464,4.71,3.50001318814));
#3193 = CARTESIAN_POINT('',(-3.322352986303,4.71,3.485533932411));
#3194 = CARTESIAN_POINT('',(-3.420857502839,4.71,3.420857502839));
#3195 = CARTESIAN_POINT('',(-3.485533932411,4.71,3.322352986303));
#3196 = CARTESIAN_POINT('',(-3.50001318814,4.71,3.246437010464));
#3197 = CARTESIAN_POINT('',(-3.5,4.71,3.21));
#3198 = ORIENTED_EDGE('',*,*,#1961,.T.);
#3199 = ORIENTED_EDGE('',*,*,#1787,.F.);
#3200 = ORIENTED_EDGE('',*,*,#3201,.T.);
#3201 = EDGE_CURVE('',#1781,#3188,#3202,.T.);
#3202 = CIRCLE('',#3203,0.29);
#3203 = AXIS2_PLACEMENT_3D('',#3204,#3205,#3206);
#3204 = CARTESIAN_POINT('',(-3.21,4.71,3.79));
#3205 = DIRECTION('',(-1.,2.707055963248E-15,-6.535411220576E-15));
#3206 = DIRECTION('',(2.707055963248E-15,1.,5.742532885992E-15));
#3207 = ( BOUNDED_SURFACE() B_SPLINE_SURFACE(3,2,(
    (#3208,#3209,#3210)
    ,(#3211,#3212,#3213)
    ,(#3214,#3215,#3216)
    ,(#3217,#3218,#3219)
    ,(#3220,#3221,#3222)
    ,(#3223,#3224,#3225)
    ,(#3226,#3227,#3228
)),.UNSPECIFIED.,.F.,.F.,.F.) B_SPLINE_SURFACE_WITH_KNOTS((4,1,1,1,4),(3
    ,3),(0.,21.863496405469,45.552805753504,69.242115101538,
    91.105611507008),(0.,45.553093477052),.UNSPECIFIED.) 
GEOMETRIC_REPRESENTATION_ITEM() RATIONAL_B_SPLINE_SURFACE((
    (1.,0.707106781187,1.)
    ,(1.,0.707106781187,1.)
    ,(1.,0.707106781187,1.)
    ,(1.,0.707106781187,1.)
    ,(1.,0.707106781187,1.)
    ,(1.,0.707106781187,1.)
,(1.,0.707106781187,1.))) REPRESENTATION_ITEM('') SURFACE() );
#3208 = CARTESIAN_POINT('',(-3.21,4.71,3.5));
#3209 = CARTESIAN_POINT('',(-3.21,5.,3.5));
#3210 = CARTESIAN_POINT('',(-3.21,5.,3.79));
#3211 = CARTESIAN_POINT('',(-3.246437010464,4.71,3.50001318814));
#3212 = CARTESIAN_POINT('',(-3.246437010464,5.,3.50001318814));
#3213 = CARTESIAN_POINT('',(-3.282874020927,5.,3.79002637628));
#3214 = CARTESIAN_POINT('',(-3.322352986303,4.71,3.485533932411));
#3215 = CARTESIAN_POINT('',(-3.322352986303,5.,3.485533932411));
#3216 = CARTESIAN_POINT('',(-3.434705972607,5.,3.761067864822));
#3217 = CARTESIAN_POINT('',(-3.420857502839,4.71,3.420857502839));
#3218 = CARTESIAN_POINT('',(-3.420857502839,5.,3.420857502839));
#3219 = CARTESIAN_POINT('',(-3.631715005679,5.,3.631715005679));
#3220 = CARTESIAN_POINT('',(-3.485533932411,4.71,3.322352986303));
#3221 = CARTESIAN_POINT('',(-3.485533932411,5.,3.322352986303));
#3222 = CARTESIAN_POINT('',(-3.761067864822,5.,3.434705972607));
#3223 = CARTESIAN_POINT('',(-3.50001318814,4.71,3.246437010464));
#3224 = CARTESIAN_POINT('',(-3.50001318814,5.,3.246437010464));
#3225 = CARTESIAN_POINT('',(-3.79002637628,5.,3.282874020927));
#3226 = CARTESIAN_POINT('',(-3.5,4.71,3.21));
#3227 = CARTESIAN_POINT('',(-3.5,5.,3.21));
#3228 = CARTESIAN_POINT('',(-3.79,5.,3.21));
#3229 = ADVANCED_FACE('',(#3230),#3248,.T.);
#3230 = FACE_BOUND('',#3231,.T.);
#3231 = EDGE_LOOP('',(#3232,#3241,#3246,#3247));
#3232 = ORIENTED_EDGE('',*,*,#3233,.T.);
#3233 = EDGE_CURVE('',#1774,#3234,#3236,.T.);
#3234 = VERTEX_POINT('',#3235);
#3235 = CARTESIAN_POINT('',(9.71445146547E-16,4.71,3.5));
#3236 = CIRCLE('',#3237,0.29);
#3237 = AXIS2_PLACEMENT_3D('',#3238,#3239,#3240);
#3238 = CARTESIAN_POINT('',(8.801392771235E-16,4.71,3.79));
#3239 = DIRECTION('',(-1.,5.924035817547E-16,-3.148478255984E-16));
#3240 = DIRECTION('',(5.924035817547E-16,1.,7.656710514656E-15));
#3241 = ORIENTED_EDGE('',*,*,#3242,.T.);
#3242 = EDGE_CURVE('',#3234,#3188,#3243,.T.);
#3243 = B_SPLINE_CURVE_WITH_KNOTS('',1,(#3244,#3245),.UNSPECIFIED.,.F.,
  .F.,(2,2),(0.,321.),.PIECEWISE_BEZIER_KNOTS.);
#3244 = CARTESIAN_POINT('',(9.71445146547E-16,4.71,3.5));
#3245 = CARTESIAN_POINT('',(-3.21,4.71,3.5));
#3246 = ORIENTED_EDGE('',*,*,#3201,.F.);
#3247 = ORIENTED_EDGE('',*,*,#1780,.F.);
#3248 = CYLINDRICAL_SURFACE('',#3249,0.29);
#3249 = AXIS2_PLACEMENT_3D('',#3250,#3251,#3252);
#3250 = CARTESIAN_POINT('',(4.762103912698E-17,4.71,3.79));
#3251 = DIRECTION('',(-1.,3.66414477758E-15,1.12129929408E-15));
#3252 = DIRECTION('',(-3.66414477758E-15,-1.,0.));
#3253 = ADVANCED_FACE('',(#3254),#3272,.T.);
#3254 = FACE_BOUND('',#3255,.T.);
#3255 = EDGE_LOOP('',(#3256,#3257,#3266,#3271));
#3256 = ORIENTED_EDGE('',*,*,#1773,.T.);
#3257 = ORIENTED_EDGE('',*,*,#3258,.T.);
#3258 = EDGE_CURVE('',#1762,#3259,#3261,.T.);
#3259 = VERTEX_POINT('',#3260);
#3260 = CARTESIAN_POINT('',(3.21,4.71,3.5));
#3261 = CIRCLE('',#3262,0.29);
#3262 = AXIS2_PLACEMENT_3D('',#3263,#3264,#3265);
#3263 = CARTESIAN_POINT('',(3.21,4.71,3.79));
#3264 = DIRECTION('',(-1.,5.181883238952E-15,5.606496470401E-16));
#3265 = DIRECTION('',(5.181883238952E-15,1.,7.656710514656E-15));
#3266 = ORIENTED_EDGE('',*,*,#3267,.F.);
#3267 = EDGE_CURVE('',#3234,#3259,#3268,.T.);
#3268 = B_SPLINE_CURVE_WITH_KNOTS('',1,(#3269,#3270),.UNSPECIFIED.,.F.,
  .F.,(2,2),(0.,321.),.PIECEWISE_BEZIER_KNOTS.);
#3269 = CARTESIAN_POINT('',(9.71445146547E-16,4.71,3.5));
#3270 = CARTESIAN_POINT('',(3.21,4.71,3.5));
#3271 = ORIENTED_EDGE('',*,*,#3233,.F.);
#3272 = CYLINDRICAL_SURFACE('',#3273,0.29);
#3273 = AXIS2_PLACEMENT_3D('',#3274,#3275,#3276);
#3274 = CARTESIAN_POINT('',(2.708211242175E-15,4.71,3.79));
#3275 = DIRECTION('',(-1.,-3.596126569784E-15,1.68194894112E-15));
#3276 = DIRECTION('',(3.596126569784E-15,-1.,0.));
#3277 = ADVANCED_FACE('',(#3278),#3301,.T.);
#3278 = FACE_BOUND('',#3279,.T.);
#3279 = EDGE_LOOP('',(#3280,#3281,#3282,#3291));
#3280 = ORIENTED_EDGE('',*,*,#3258,.F.);
#3281 = ORIENTED_EDGE('',*,*,#1761,.T.);
#3282 = ORIENTED_EDGE('',*,*,#3283,.F.);
#3283 = EDGE_CURVE('',#3284,#1755,#3286,.T.);
#3284 = VERTEX_POINT('',#3285);
#3285 = CARTESIAN_POINT('',(3.5,4.71,3.21));
#3286 = CIRCLE('',#3287,0.29);
#3287 = AXIS2_PLACEMENT_3D('',#3288,#3289,#3290);
#3288 = CARTESIAN_POINT('',(3.79,4.71,3.21));
#3289 = DIRECTION('',(7.928783345838E-16,-8.44958884924E-15,-1.));
#3290 = DIRECTION('',(-1.,3.828355257328E-15,-7.928783345839E-16));
#3291 = ORIENTED_EDGE('',*,*,#3292,.F.);
#3292 = EDGE_CURVE('',#3259,#3284,#3293,.T.);
#3293 = ( BOUNDED_CURVE() B_SPLINE_CURVE(3,(#3294,#3295,#3296,#3297,
#3298,#3299,#3300),.UNSPECIFIED.,.F.,.F.) B_SPLINE_CURVE_WITH_KNOTS((4,1
    ,1,1,4),(0.,21.863496405469,45.552805753504,69.242115101538,
91.105611507008),.UNSPECIFIED.) CURVE() GEOMETRIC_REPRESENTATION_ITEM() 
RATIONAL_B_SPLINE_CURVE((1.,1.,1.,1.,1.,1.,1.)) REPRESENTATION_ITEM('') 
  );
#3294 = CARTESIAN_POINT('',(3.21,4.71,3.5));
#3295 = CARTESIAN_POINT('',(3.246437010464,4.71,3.50001318814));
#3296 = CARTESIAN_POINT('',(3.322352986303,4.71,3.485533932411));
#3297 = CARTESIAN_POINT('',(3.420857502839,4.71,3.420857502839));
#3298 = CARTESIAN_POINT('',(3.485533932411,4.71,3.322352986303));
#3299 = CARTESIAN_POINT('',(3.50001318814,4.71,3.246437010464));
#3300 = CARTESIAN_POINT('',(3.5,4.71,3.21));
#3301 = ( BOUNDED_SURFACE() B_SPLINE_SURFACE(2,3,(
    (#3302,#3303,#3304,#3305,#3306,#3307,#3308)
    ,(#3309,#3310,#3311,#3312,#3313,#3314,#3315)
    ,(#3316,#3317,#3318,#3319,#3320,#3321,#3322
)),.UNSPECIFIED.,.F.,.F.,.F.) B_SPLINE_SURFACE_WITH_KNOTS((3,3),(4,1,1,1
    ,4),(0.,45.553093477052),(0.,21.863496405469,45.552805753504,
    69.242115101538,91.105611507008),.UNSPECIFIED.) 
GEOMETRIC_REPRESENTATION_ITEM() RATIONAL_B_SPLINE_SURFACE((
    (1.,1.,1.,1.,1.,1.,1.)
    ,(0.707106781187,0.707106781187,0.707106781187,0.707106781187
      ,0.707106781187,0.707106781187,0.707106781187)
,(1.,1.,1.,1.,1.,1.,1.))) REPRESENTATION_ITEM('') SURFACE() );
#3302 = CARTESIAN_POINT('',(3.21,4.71,3.5));
#3303 = CARTESIAN_POINT('',(3.246437010464,4.71,3.50001318814));
#3304 = CARTESIAN_POINT('',(3.322352986303,4.71,3.485533932411));
#3305 = CARTESIAN_POINT('',(3.420857502839,4.71,3.420857502839));
#3306 = CARTESIAN_POINT('',(3.485533932411,4.71,3.322352986303));
#3307 = CARTESIAN_POINT('',(3.50001318814,4.71,3.246437010464));
#3308 = CARTESIAN_POINT('',(3.5,4.71,3.21));
#3309 = CARTESIAN_POINT('',(3.21,5.,3.5));
#3310 = CARTESIAN_POINT('',(3.246437010464,5.,3.50001318814));
#3311 = CARTESIAN_POINT('',(3.322352986303,5.,3.485533932411));
#3312 = CARTESIAN_POINT('',(3.420857502839,5.,3.420857502839));
#3313 = CARTESIAN_POINT('',(3.485533932411,5.,3.322352986303));
#3314 = CARTESIAN_POINT('',(3.50001318814,5.,3.246437010464));
#3315 = CARTESIAN_POINT('',(3.5,5.,3.21));
#3316 = CARTESIAN_POINT('',(3.21,5.,3.79));
#3317 = CARTESIAN_POINT('',(3.282874020927,5.,3.79002637628));
#3318 = CARTESIAN_POINT('',(3.434705972607,5.,3.761067864822));
#3319 = CARTESIAN_POINT('',(3.631715005679,5.,3.631715005679));
#3320 = CARTESIAN_POINT('',(3.761067864822,5.,3.434705972607));
#3321 = CARTESIAN_POINT('',(3.79002637628,5.,3.282874020927));
#3322 = CARTESIAN_POINT('',(3.79,5.,3.21));
#3323 = ADVANCED_FACE('',(#3324),#3342,.T.);
#3324 = FACE_BOUND('',#3325,.T.);
#3325 = EDGE_LOOP('',(#3326,#3333,#3334,#3335));
#3326 = ORIENTED_EDGE('',*,*,#3327,.F.);
#3327 = EDGE_CURVE('',#3284,#3328,#3330,.T.);
#3328 = VERTEX_POINT('',#3329);
#3329 = CARTESIAN_POINT('',(3.5,4.71,9.999999999999E-03));
#3330 = B_SPLINE_CURVE_WITH_KNOTS('',1,(#3331,#3332),.UNSPECIFIED.,.F.,
  .F.,(2,2),(0.,321.),.PIECEWISE_BEZIER_KNOTS.);
#3331 = CARTESIAN_POINT('',(3.5,4.71,3.21));
#3332 = CARTESIAN_POINT('',(3.5,4.71,3.39894778989E-15));
#3333 = ORIENTED_EDGE('',*,*,#3283,.T.);
#3334 = ORIENTED_EDGE('',*,*,#1754,.T.);
#3335 = ORIENTED_EDGE('',*,*,#3336,.T.);
#3336 = EDGE_CURVE('',#1747,#3328,#3337,.T.);
#3337 = CIRCLE('',#3338,0.29);
#3338 = AXIS2_PLACEMENT_3D('',#3339,#3340,#3341);
#3339 = CARTESIAN_POINT('',(3.79,4.71,1.E-02));
#3340 = DIRECTION('',(3.363897882241E-15,4.644573750874E-16,1.));
#3341 = DIRECTION('',(1.,0.,-3.363897882241E-15));
#3342 = CYLINDRICAL_SURFACE('',#3343,0.29);
#3343 = AXIS2_PLACEMENT_3D('',#3344,#3345,#3346);
#3344 = CARTESIAN_POINT('',(3.79,4.71,-3.1959764351E-15));
#3345 = DIRECTION('',(3.363897882241E-15,4.644573750874E-16,1.));
#3346 = DIRECTION('',(1.,0.,-3.363897882241E-15));
#3347 = ADVANCED_FACE('',(#3348),#3392,.F.);
#3348 = FACE_BOUND('',#3349,.F.);
#3349 = EDGE_LOOP('',(#3350,#3351,#3358,#3359,#3360,#3368,#3377,#3385));
#3350 = ORIENTED_EDGE('',*,*,#2108,.F.);
#3351 = ORIENTED_EDGE('',*,*,#3352,.T.);
#3352 = EDGE_CURVE('',#2109,#1740,#3353,.T.);
#3353 = CIRCLE('',#3354,0.29);
#3354 = AXIS2_PLACEMENT_3D('',#3355,#3356,#3357);
#3355 = CARTESIAN_POINT('',(4.71,4.71,1.E-02));
#3356 = DIRECTION('',(-1.546306108646E-13,-1.488880779786E-13,1.));
#3357 = DIRECTION('',(1.,0.,1.546306108646E-13));
#3358 = ORIENTED_EDGE('',*,*,#1746,.F.);
#3359 = ORIENTED_EDGE('',*,*,#3336,.T.);
#3360 = ORIENTED_EDGE('',*,*,#3361,.F.);
#3361 = EDGE_CURVE('',#3362,#3328,#3364,.T.);
#3362 = VERTEX_POINT('',#3363);
#3363 = CARTESIAN_POINT('',(3.5,3.79,1.E-02));
#3364 = LINE('',#3365,#3366);
#3365 = CARTESIAN_POINT('',(3.5,-3.151,1.E-02));
#3366 = VECTOR('',#3367,1.);
#3367 = DIRECTION('',(0.,1.,0.));
#3368 = ORIENTED_EDGE('',*,*,#3369,.F.);
#3369 = EDGE_CURVE('',#3370,#3362,#3372,.T.);
#3370 = VERTEX_POINT('',#3371);
#3371 = CARTESIAN_POINT('',(3.79,3.5,1.E-02));
#3372 = CIRCLE('',#3373,0.29);
#3373 = AXIS2_PLACEMENT_3D('',#3374,#3375,#3376);
#3374 = CARTESIAN_POINT('',(3.79,3.79,1.E-02));
#3375 = DIRECTION('',(-1.601010709194E-14,-1.218175183462E-14,-1.));
#3376 = DIRECTION('',(-1.,0.,1.601010709194E-14));
#3377 = ORIENTED_EDGE('',*,*,#3378,.F.);
#3378 = EDGE_CURVE('',#3379,#3370,#3381,.T.);
#3379 = VERTEX_POINT('',#3380);
#3380 = CARTESIAN_POINT('',(4.71,3.5,1.E-02));
#3381 = LINE('',#3382,#3383);
#3382 = CARTESIAN_POINT('',(-3.151,3.5,1.E-02));
#3383 = VECTOR('',#3384,1.);
#3384 = DIRECTION('',(-1.,0.,0.));
#3385 = ORIENTED_EDGE('',*,*,#3386,.F.);
#3386 = EDGE_CURVE('',#2111,#3379,#3387,.T.);
#3387 = CIRCLE('',#3388,0.29);
#3388 = AXIS2_PLACEMENT_3D('',#3389,#3390,#3391);
#3389 = CARTESIAN_POINT('',(4.71,3.79,1.E-02));
#3390 = DIRECTION('',(1.007217202872E-13,-1.026358979159E-13,-1.));
#3391 = DIRECTION('',(0.,-1.,1.026358979159E-13));
#3392 = PLANE('',#3393);
#3393 = AXIS2_PLACEMENT_3D('',#3394,#3395,#3396);
#3394 = CARTESIAN_POINT('',(-10.,-10.,1.E-02));
#3395 = DIRECTION('',(0.,0.,1.));
#3396 = DIRECTION('',(1.,0.,0.));
#3397 = ADVANCED_FACE('',(#3398),#3404,.T.);
#3398 = FACE_BOUND('',#3399,.T.);
#3399 = EDGE_LOOP('',(#3400,#3401,#3402,#3403));
#3400 = ORIENTED_EDGE('',*,*,#2118,.F.);
#3401 = ORIENTED_EDGE('',*,*,#3352,.T.);
#3402 = ORIENTED_EDGE('',*,*,#1739,.T.);
#3403 = ORIENTED_EDGE('',*,*,#2883,.T.);
#3404 = CYLINDRICAL_SURFACE('',#3405,0.29);
#3405 = AXIS2_PLACEMENT_3D('',#3406,#3407,#3408);
#3406 = CARTESIAN_POINT('',(4.71,4.71,-4.484287715074E-14));
#3407 = DIRECTION('',(-1.546306108646E-13,-1.488880779786E-13,1.));
#3408 = DIRECTION('',(1.,0.,1.546306108646E-13));
#3409 = ADVANCED_FACE('',(#3410),#3428,.T.);
#3410 = FACE_BOUND('',#3411,.T.);
#3411 = EDGE_LOOP('',(#3412,#3419,#3420,#3427));
#3412 = ORIENTED_EDGE('',*,*,#3413,.T.);
#3413 = EDGE_CURVE('',#3117,#1868,#3414,.T.);
#3414 = CIRCLE('',#3415,0.29);
#3415 = AXIS2_PLACEMENT_3D('',#3416,#3417,#3418);
#3416 = CARTESIAN_POINT('',(-3.79,2.932969688186E-14,3.79));
#3417 = DIRECTION('',(1.011368857995E-13,1.,-1.011368857995E-13));
#3418 = DIRECTION('',(1.,-1.011368857995E-13,3.828355257328E-15));
#3419 = ORIENTED_EDGE('',*,*,#1867,.T.);
#3420 = ORIENTED_EDGE('',*,*,#3421,.F.);
#3421 = EDGE_CURVE('',#3119,#1861,#3422,.T.);
#3422 = CIRCLE('',#3423,0.29);
#3423 = AXIS2_PLACEMENT_3D('',#3424,#3425,#3426);
#3424 = CARTESIAN_POINT('',(-3.79,3.21,3.79));
#3425 = DIRECTION('',(9.18640221912E-14,1.,-9.760655507719E-14));
#3426 = DIRECTION('',(1.,-9.18640221912E-14,-1.610897089436E-30));
#3427 = ORIENTED_EDGE('',*,*,#3116,.F.);
#3428 = CYLINDRICAL_SURFACE('',#3429,0.29);
#3429 = AXIS2_PLACEMENT_3D('',#3430,#3431,#3432);
#3430 = CARTESIAN_POINT('',(-3.79,2.95402530794E-14,3.79));
#3431 = DIRECTION('',(1.047342080961E-13,1.,-1.047342080961E-13));
#3432 = DIRECTION('',(1.,-1.047342080961E-13,0.));
#3433 = ADVANCED_FACE('',(#3434),#3440,.T.);
#3434 = FACE_BOUND('',#3435,.T.);
#3435 = EDGE_LOOP('',(#3436,#3437,#3438,#3439));
#3436 = ORIENTED_EDGE('',*,*,#3133,.T.);
#3437 = ORIENTED_EDGE('',*,*,#2299,.T.);
#3438 = ORIENTED_EDGE('',*,*,#1874,.F.);
#3439 = ORIENTED_EDGE('',*,*,#3413,.F.);
#3440 = CYLINDRICAL_SURFACE('',#3441,0.29);
#3441 = AXIS2_PLACEMENT_3D('',#3442,#3443,#3444);
#3442 = CARTESIAN_POINT('',(-3.79,-2.95402530794E-14,3.79));
#3443 = DIRECTION('',(-1.047342080961E-13,1.,1.047342080961E-13));
#3444 = DIRECTION('',(1.,1.047342080961E-13,0.));
#3445 = ADVANCED_FACE('',(#3446),#3493,.T.);
#3446 = FACE_BOUND('',#3447,.T.);
#3447 = EDGE_LOOP('',(#3448,#3449,#3465,#3481,#3488,#3489,#3490,#3491,
    #3492));
#3448 = ORIENTED_EDGE('',*,*,#2001,.T.);
#3449 = ORIENTED_EDGE('',*,*,#3450,.T.);
#3450 = EDGE_CURVE('',#1978,#3451,#3453,.T.);
#3451 = VERTEX_POINT('',#3452);
#3452 = CARTESIAN_POINT('',(-3.415060966544,3.620121933088,
    3.415060966544));
#3453 = ( BOUNDED_CURVE() B_SPLINE_CURVE(3,(#3454,#3455,#3456,#3457,
    #3458,#3459,#3460,#3461,#3462,#3463,#3464),.UNSPECIFIED.,.F.,.F.) 
B_SPLINE_CURVE_WITH_KNOTS((4,1,1,1,1,1,1,1,4),(0.,5.225562490263,
    10.67140946022,16.371434799463,22.35682146474,28.651028806887,
    35.265103795654,42.194177461723,49.415742474403),.UNSPECIFIED.) 
CURVE() GEOMETRIC_REPRESENTATION_ITEM() RATIONAL_B_SPLINE_CURVE((1.,1.,
1.,1.,1.,1.,1.,1.,1.,1.,1.)) REPRESENTATION_ITEM('') );
#3454 = CARTESIAN_POINT('',(-3.5,3.79,3.21));
#3455 = CARTESIAN_POINT('',(-3.500000276282,3.790000552565,
    3.218709312256));
#3456 = CARTESIAN_POINT('',(-3.499196142332,3.788392284663,
    3.236495023545));
#3457 = CARTESIAN_POINT('',(-3.495494848593,3.780989697188,
    3.263332746235));
#3458 = CARTESIAN_POINT('',(-3.489087415379,3.768174830755,
    3.290471948228));
#3459 = CARTESIAN_POINT('',(-3.479851124341,3.749702248682,
    3.317507878735));
#3460 = CARTESIAN_POINT('',(-3.467741554549,3.725483109098,3.3440024342)
  );
#3461 = CARTESIAN_POINT('',(-3.45280197808,3.695603956161,3.36950460751)
  );
#3462 = CARTESIAN_POINT('',(-3.43516721882,3.660334437641,3.393571714324
    ));
#3463 = CARTESIAN_POINT('',(-3.422009721475,3.63401944295,3.408112021826
    ));
#3464 = CARTESIAN_POINT('',(-3.415060966544,3.620121933088,
    3.415060966544));
#3465 = ORIENTED_EDGE('',*,*,#3466,.F.);
#3466 = EDGE_CURVE('',#3467,#3451,#3469,.T.);
#3467 = VERTEX_POINT('',#3468);
#3468 = CARTESIAN_POINT('',(-3.21,3.79,3.5));
#3469 = ( BOUNDED_CURVE() B_SPLINE_CURVE(3,(#3470,#3471,#3472,#3473,
    #3474,#3475,#3476,#3477,#3478,#3479,#3480),.UNSPECIFIED.,.F.,.F.) 
B_SPLINE_CURVE_WITH_KNOTS((4,1,1,1,1,1,1,1,4),(0.,5.225562490263,
    10.67140946022,16.371434799463,22.35682146474,28.651028806886,
    35.265103795654,42.194177461723,49.415742474403),.UNSPECIFIED.) 
CURVE() GEOMETRIC_REPRESENTATION_ITEM() RATIONAL_B_SPLINE_CURVE((1.,1.,
1.,1.,1.,1.,1.,1.,1.,1.,1.)) REPRESENTATION_ITEM('') );
#3470 = CARTESIAN_POINT('',(-3.21,3.79,3.5));
#3471 = CARTESIAN_POINT('',(-3.218709312256,3.790000552565,
    3.500000276282));
#3472 = CARTESIAN_POINT('',(-3.236495023545,3.788392284663,
    3.499196142332));
#3473 = CARTESIAN_POINT('',(-3.263332746235,3.780989697188,
    3.495494848593));
#3474 = CARTESIAN_POINT('',(-3.290471948228,3.768174830755,
    3.489087415379));
#3475 = CARTESIAN_POINT('',(-3.317507878735,3.749702248682,
    3.479851124341));
#3476 = CARTESIAN_POINT('',(-3.3440024342,3.725483109098,3.467741554549)
  );
#3477 = CARTESIAN_POINT('',(-3.36950460751,3.695603956161,3.45280197808)
  );
#3478 = CARTESIAN_POINT('',(-3.393571714324,3.660334437641,3.43516721882
    ));
#3479 = CARTESIAN_POINT('',(-3.408112021826,3.63401944295,3.422009721475
    ));
#3480 = CARTESIAN_POINT('',(-3.415060966544,3.620121933088,
    3.415060966544));
#3481 = ORIENTED_EDGE('',*,*,#3482,.T.);
#3482 = EDGE_CURVE('',#3467,#2913,#3483,.T.);
#3483 = CIRCLE('',#3484,0.29);
#3484 = AXIS2_PLACEMENT_3D('',#3485,#3486,#3487);
#3485 = CARTESIAN_POINT('',(-3.21,3.79,3.79));
#3486 = DIRECTION('',(-1.,1.353527981624E-15,3.267705610288E-15));
#3487 = DIRECTION('',(-3.267705610288E-15,1.148506577198E-14,-1.));
#3488 = ORIENTED_EDGE('',*,*,#3146,.T.);
#3489 = ORIENTED_EDGE('',*,*,#3162,.F.);
#3490 = ORIENTED_EDGE('',*,*,#3421,.T.);
#3491 = ORIENTED_EDGE('',*,*,#1889,.T.);
#3492 = ORIENTED_EDGE('',*,*,#1905,.F.);
#3493 = B_SPLINE_SURFACE_WITH_KNOTS('',3,3,(
    (#3494,#3495,#3496,#3497,#3498,#3499,#3500,#3501,#3502,#3503,#3504
      ,#3505,#3506,#3507,#3508,#3509,#3510,#3511,#3512,#3513,#3514,#3515
      ,#3516)
    ,(#3517,#3518,#3519,#3520,#3521,#3522,#3523,#3524,#3525,#3526,#3527
      ,#3528,#3529,#3530,#3531,#3532,#3533,#3534,#3535,#3536,#3537,#3538
      ,#3539)
    ,(#3540,#3541,#3542,#3543,#3544,#3545,#3546,#3547,#3548,#3549,#3550
      ,#3551,#3552,#3553,#3554,#3555,#3556,#3557,#3558,#3559,#3560,#3561
      ,#3562)
    ,(#3563,#3564,#3565,#3566,#3567,#3568,#3569,#3570,#3571,#3572,#3573
      ,#3574,#3575,#3576,#3577,#3578,#3579,#3580,#3581,#3582,#3583,#3584
      ,#3585)
    ,(#3586,#3587,#3588,#3589,#3590,#3591,#3592,#3593,#3594,#3595,#3596
      ,#3597,#3598,#3599,#3600,#3601,#3602,#3603,#3604,#3605,#3606,#3607
      ,#3608)
    ,(#3609,#3610,#3611,#3612,#3613,#3614,#3615,#3616,#3617,#3618,#3619
      ,#3620,#3621,#3622,#3623,#3624,#3625,#3626,#3627,#3628,#3629,#3630
      ,#3631)
    ,(#3632,#3633,#3634,#3635,#3636,#3637,#3638,#3639,#3640,#3641,#3642
      ,#3643,#3644,#3645,#3646,#3647,#3648,#3649,#3650,#3651,#3652,#3653
      ,#3654)
    ,(#3655,#3656,#3657,#3658,#3659,#3660,#3661,#3662,#3663,#3664,#3665
      ,#3666,#3667,#3668,#3669,#3670,#3671,#3672,#3673,#3674,#3675,#3676
      ,#3677)
    ,(#3678,#3679,#3680,#3681,#3682,#3683,#3684,#3685,#3686,#3687,#3688
      ,#3689,#3690,#3691,#3692,#3693,#3694,#3695,#3696,#3697,#3698,#3699
      ,#3700)
    ,(#3701,#3702,#3703,#3704,#3705,#3706,#3707,#3708,#3709,#3710,#3711
      ,#3712,#3713,#3714,#3715,#3716,#3717,#3718,#3719,#3720,#3721,#3722
      ,#3723)
    ,(#3724,#3725,#3726,#3727,#3728,#3729,#3730,#3731,#3732,#3733,#3734
      ,#3735,#3736,#3737,#3738,#3739,#3740,#3741,#3742,#3743,#3744,#3745
      ,#3746)
    ,(#3747,#3748,#3749,#3750,#3751,#3752,#3753,#3754,#3755,#3756,#3757
      ,#3758,#3759,#3760,#3761,#3762,#3763,#3764,#3765,#3766,#3767,#3768
      ,#3769)
    ,(#3770,#3771,#3772,#3773,#3774,#3775,#3776,#3777,#3778,#3779,#3780
      ,#3781,#3782,#3783,#3784,#3785,#3786,#3787,#3788,#3789,#3790,#3791
      ,#3792)
    ,(#3793,#3794,#3795,#3796,#3797,#3798,#3799,#3800,#3801,#3802,#3803
      ,#3804,#3805,#3806,#3807,#3808,#3809,#3810,#3811,#3812,#3813,#3814
      ,#3815)
    ,(#3816,#3817,#3818,#3819,#3820,#3821,#3822,#3823,#3824,#3825,#3826
      ,#3827,#3828,#3829,#3830,#3831,#3832,#3833,#3834,#3835,#3836,#3837
      ,#3838)
    ,(#3839,#3840,#3841,#3842,#3843,#3844,#3845,#3846,#3847,#3848,#3849
      ,#3850,#3851,#3852,#3853,#3854,#3855,#3856,#3857,#3858,#3859,#3860
      ,#3861)
    ,(#3862,#3863,#3864,#3865,#3866,#3867,#3868,#3869,#3870,#3871,#3872
      ,#3873,#3874,#3875,#3876,#3877,#3878,#3879,#3880,#3881,#3882,#3883
      ,#3884)
    ,(#3885,#3886,#3887,#3888,#3889,#3890,#3891,#3892,#3893,#3894,#3895
      ,#3896,#3897,#3898,#3899,#3900,#3901,#3902,#3903,#3904,#3905,#3906
      ,#3907)
    ,(#3908,#3909,#3910,#3911,#3912,#3913,#3914,#3915,#3916,#3917,#3918
      ,#3919,#3920,#3921,#3922,#3923,#3924,#3925,#3926,#3927,#3928,#3929
      ,#3930)
    ,(#3931,#3932,#3933,#3934,#3935,#3936,#3937,#3938,#3939,#3940,#3941
      ,#3942,#3943,#3944,#3945,#3946,#3947,#3948,#3949,#3950,#3951,#3952
      ,#3953)
    ,(#3954,#3955,#3956,#3957,#3958,#3959,#3960,#3961,#3962,#3963,#3964
      ,#3965,#3966,#3967,#3968,#3969,#3970,#3971,#3972,#3973,#3974,#3975
      ,#3976)
    ,(#3977,#3978,#3979,#3980,#3981,#3982,#3983,#3984,#3985,#3986,#3987
      ,#3988,#3989,#3990,#3991,#3992,#3993,#3994,#3995,#3996,#3997,#3998
      ,#3999)
    ,(#4000,#4001,#4002,#4003,#4004,#4005,#4006,#4007,#4008,#4009,#4010
      ,#4011,#4012,#4013,#4014,#4015,#4016,#4017,#4018,#4019,#4020,#4021
      ,#4022
    )),.UNSPECIFIED.,.F.,.F.,.F.,(4,1,1,1,1,1,1,1,1,1,1,1,1,1,1,1,1,1,1,
    1,4),(4,1,1,1,1,1,1,1,1,1,1,1,1,1,1,1,1,1,1,1,4),(-42.62112152446,
    -38.35900937202,-34.09689721958,-29.83478506713,-25.57267291469,
    -21.31056076225,-17.04844860981,-12.78633645736,-8.524224304925,
    -4.262112152482,-3.962696837334E-11,4.262112152403,8.524224304846,
    12.786336457289,17.048448609731,21.310560762174,25.572672914617,
    29.834785067059,34.096897219502,38.359009371945,42.621121524387),(
    -49.2146319706,-44.29316877354,-39.37170557648,-34.45024237942,
    -29.52877918236,-24.6073159853,-19.68585278825,-14.76438959119,
    -9.842926394134,-4.921463197076,-1.718802877804E-11,4.921463197041,
    9.8429263941,14.764389591158,19.685852788216,24.607315985275,
    29.528779182333,34.450242379391,39.37170557645,44.293168773508,
    49.214631970566),.UNSPECIFIED.);
#3494 = CARTESIAN_POINT('',(-3.321172439928,2.603704866851,
    3.540160325137));
#3495 = CARTESIAN_POINT('',(-3.352009392928,2.693742767548,
    3.599363584607));
#3496 = CARTESIAN_POINT('',(-3.382929295636,2.783977976168,
    3.658560289401));
#3497 = CARTESIAN_POINT('',(-3.413817749857,2.874577032583,
    3.717611621955));
#3498 = CARTESIAN_POINT('',(-3.444047469376,2.965360984514,
    3.776038163994));
#3499 = CARTESIAN_POINT('',(-3.472145004042,3.05534204848,3.832660748921
    ));
#3500 = CARTESIAN_POINT('',(-3.495613320778,3.14233213794,3.885282055647
    ));
#3501 = CARTESIAN_POINT('',(-3.511239839151,3.223404331981,
    3.931134595727));
#3502 = CARTESIAN_POINT('',(-3.515913030789,3.296619143321,
    3.968408275204));
#3503 = CARTESIAN_POINT('',(-3.507935240629,3.360264382593,3.99531266558
    ));
#3504 = CARTESIAN_POINT('',(-3.487781133568,3.413475648547,
    4.011275731083));
#3505 = CARTESIAN_POINT('',(-3.456085926301,3.456085511539,
    4.016534885968));
#3506 = CARTESIAN_POINT('',(-3.413476105553,3.487780806758,
    4.011275631522));
#3507 = CARTESIAN_POINT('',(-3.360264794773,3.507935016961,
    3.995312516444));
#3508 = CARTESIAN_POINT('',(-3.296619407943,3.515912906271,
    3.968408147008));
#3509 = CARTESIAN_POINT('',(-3.223404389827,3.511239794524,
    3.931134535146));
#3510 = CARTESIAN_POINT('',(-3.142331978963,3.49561333013,3.885282083835
    ));
#3511 = CARTESIAN_POINT('',(-3.0553417139,3.472145043398,3.83266084689)
  );
#3512 = CARTESIAN_POINT('',(-2.965360494383,3.444047524026,
    3.776038329969));
#3513 = CARTESIAN_POINT('',(-2.874576391745,3.413817811181,
    3.717611863015));
#3514 = CARTESIAN_POINT('',(-2.783977187756,3.382929358257,
    3.658560610128));
#3515 = CARTESIAN_POINT('',(-2.693741835224,3.352009453858,
    3.599363985854));
#3516 = CARTESIAN_POINT('',(-2.603703792759,3.321172498069,
    3.540160806488));
#3517 = CARTESIAN_POINT('',(-3.366107907675,2.645219441649,
    3.526209968724));
#3518 = CARTESIAN_POINT('',(-3.389106138885,2.729282344231,
    3.580087390485));
#3519 = CARTESIAN_POINT('',(-3.412020816677,2.813264196294,
    3.633746135895));
#3520 = CARTESIAN_POINT('',(-3.434644844343,2.8970085294,3.686801161773)
  );
#3521 = CARTESIAN_POINT('',(-3.456613290736,2.980351825639,
    3.738810757001));
#3522 = CARTESIAN_POINT('',(-3.477296803379,3.06322079031,3.789417047139
    ));
#3523 = CARTESIAN_POINT('',(-3.495383399684,3.145272557296,
    3.838052377661));
#3524 = CARTESIAN_POINT('',(-3.507674460803,3.224086554381,
    3.882287411118));
#3525 = CARTESIAN_POINT('',(-3.509196695685,3.293620929121,
    3.916305073984));
#3526 = CARTESIAN_POINT('',(-3.500222310071,3.35320211344,3.93937680347)
  );
#3527 = CARTESIAN_POINT('',(-3.478923444338,3.404211407166,
    3.952844838356));
#3528 = CARTESIAN_POINT('',(-3.446455826958,3.446455517064,
    3.957301424047));
#3529 = CARTESIAN_POINT('',(-3.404211773899,3.478923209932,
    3.952844730177));
#3530 = CARTESIAN_POINT('',(-3.353202492258,3.500222158766,
    3.939376619385));
#3531 = CARTESIAN_POINT('',(-3.29362119567,3.509196624698,3.916304918848
    ));
#3532 = CARTESIAN_POINT('',(-3.224086573515,3.50767444612,3.882287395587
    ));
#3533 = CARTESIAN_POINT('',(-3.145272436842,3.495383407413,
    3.838052399025));
#3534 = CARTESIAN_POINT('',(-3.063220538771,3.477296825607,3.78941711803
    ));
#3535 = CARTESIAN_POINT('',(-2.980351432559,3.456613319767,
    3.738810900779));
#3536 = CARTESIAN_POINT('',(-2.897008007202,3.434644871151,
    3.686801377676));
#3537 = CARTESIAN_POINT('',(-2.813263560622,3.412020834708,
    3.633746417291));
#3538 = CARTESIAN_POINT('',(-2.729281604111,3.389106144964,
    3.580087732995));
#3539 = CARTESIAN_POINT('',(-2.645218600072,3.366107900867,
    3.526210370755));
#3540 = CARTESIAN_POINT('',(-3.410960425714,2.686536708523,
    3.512266166987));
#3541 = CARTESIAN_POINT('',(-3.426400232664,2.764852688922,
    3.560943459229));
#3542 = CARTESIAN_POINT('',(-3.441625225738,2.842895908572,
    3.609272583098));
#3543 = CARTESIAN_POINT('',(-3.456318102767,2.920248857416,
    3.656690449916));
#3544 = CARTESIAN_POINT('',(-3.470202695017,2.996542969828,
    3.702601504499));
#3545 = CARTESIAN_POINT('',(-3.483164150079,3.071838366505,
    3.746743512713));
#3546 = CARTESIAN_POINT('',(-3.495052426651,3.147225543016,
    3.789865305241));
#3547 = CARTESIAN_POINT('',(-3.502695209048,3.224541478869,
    3.833420561007));
#3548 = CARTESIAN_POINT('',(-3.50030804064,3.289774926803,3.862983480055
    ));
#3549 = CARTESIAN_POINT('',(-3.492348827694,3.345442872682,
    3.882631491321));
#3550 = CARTESIAN_POINT('',(-3.470074485096,3.395092900936,
    3.894465858606));
#3551 = CARTESIAN_POINT('',(-3.437139090889,3.43713887503,3.898438914708
    ));
#3552 = CARTESIAN_POINT('',(-3.395093151708,3.470074331737,
    3.894465771258));
#3553 = CARTESIAN_POINT('',(-3.345443158961,3.492348744852,3.88263131667
    ));
#3554 = CARTESIAN_POINT('',(-3.289775189626,3.500308014558,
    3.862983299644));
#3555 = CARTESIAN_POINT('',(-3.224541457196,3.502695215823,
    3.833420605201));
#3556 = CARTESIAN_POINT('',(-3.147225533532,3.495052425308,
    3.789865262371));
#3557 = CARTESIAN_POINT('',(-3.071838192055,3.483164158348,
    3.746743564886));
#3558 = CARTESIAN_POINT('',(-2.996542660296,3.47020270128,3.70260163743)
  );
#3559 = CARTESIAN_POINT('',(-2.920248451619,3.456318095908,
    3.656690641894));
#3560 = CARTESIAN_POINT('',(-2.842895427687,3.441625199682,
    3.609272822703));
#3561 = CARTESIAN_POINT('',(-2.764852141676,3.426400184762,
    3.560943741341));
#3562 = CARTESIAN_POINT('',(-2.686536097317,3.410960355055,
    3.512266490113));
#3563 = CARTESIAN_POINT('',(-3.455730597752,2.72754041007,3.498554150956
    ));
#3564 = CARTESIAN_POINT('',(-3.46421256538,2.800559987553,3.542230420534
    ));
#3565 = CARTESIAN_POINT('',(-3.472413245272,2.873225654622,
    3.585536899659));
#3566 = CARTESIAN_POINT('',(-3.479948110401,2.945016624627,
    3.627895398028));
#3567 = CARTESIAN_POINT('',(-3.486521895251,3.01540429156,3.668638341069
    ));
#3568 = CARTESIAN_POINT('',(-3.492342273174,3.084010778718,
    3.707070231856));
#3569 = CARTESIAN_POINT('',(-3.499355596158,3.151276306267,
    3.742854478705));
#3570 = CARTESIAN_POINT('',(-3.50020745192,3.221814370574,3.778839548047
    ));
#3571 = CARTESIAN_POINT('',(-3.491151387644,3.28303964676,3.805080097172
    ));
#3572 = CARTESIAN_POINT('',(-3.481169007292,3.337864805726,
    3.825017154302));
#3573 = CARTESIAN_POINT('',(-3.461006398334,3.387083804971,
    3.836684780575));
#3574 = CARTESIAN_POINT('',(-3.428830190237,3.42883003169,3.840514617528
    ));
#3575 = CARTESIAN_POINT('',(-3.38708394191,3.461006302668,3.836684732653
    ));
#3576 = CARTESIAN_POINT('',(-3.337864812493,3.481168995966,
    3.825017144517));
#3577 = CARTESIAN_POINT('',(-3.283039624103,3.491151390109,
    3.805080110354));
#3578 = CARTESIAN_POINT('',(-3.221814346458,3.50020745197,3.77883955843)
  );
#3579 = CARTESIAN_POINT('',(-3.151276354217,3.499355592275,
    3.742854468602));
#3580 = CARTESIAN_POINT('',(-3.084010628048,3.492342275284,
    3.707070316954));
#3581 = CARTESIAN_POINT('',(-3.01540405823,3.486521880644,3.668638467599
    ));
#3582 = CARTESIAN_POINT('',(-2.945016340591,3.479948070664,
    3.627895560424));
#3583 = CARTESIAN_POINT('',(-2.87322533204,3.472413177282,3.585537092012
    ));
#3584 = CARTESIAN_POINT('',(-2.800559631468,3.464212466539,
    3.542230640124));
#3585 = CARTESIAN_POINT('',(-2.727540021956,3.455730466378,
    3.498554397596));
#3586 = CARTESIAN_POINT('',(-3.500633841374,2.768387049634,3.48564732003
    ));
#3587 = CARTESIAN_POINT('',(-3.502966516439,2.83665517536,3.524461824401
    ));
#3588 = CARTESIAN_POINT('',(-3.505014464303,2.90455703163,3.562968820727
    ));
#3589 = CARTESIAN_POINT('',(-3.506484136186,2.971601752705,
    3.600698596707));
#3590 = CARTESIAN_POINT('',(-3.507312293362,3.037375290443,
    3.637138136477));
#3591 = CARTESIAN_POINT('',(-3.507901174169,3.101736196992,3.67182474566
    ));
#3592 = CARTESIAN_POINT('',(-3.509381480584,3.164845705197,
    3.704240370323));
#3593 = CARTESIAN_POINT('',(-3.506941314643,3.226837902159,
    3.731287975378));
#3594 = CARTESIAN_POINT('',(-3.490509255043,3.28254510518,3.75232685671)
  );
#3595 = CARTESIAN_POINT('',(-3.47279241369,3.333863125658,3.768639705871
    ));
#3596 = CARTESIAN_POINT('',(-3.453574596163,3.381069473475,
    3.780083608658));
#3597 = CARTESIAN_POINT('',(-3.422267612374,3.422267496268,3.7839260153)
  );
#3598 = CARTESIAN_POINT('',(-3.381069614183,3.453574525053,
    3.780083526269));
#3599 = CARTESIAN_POINT('',(-3.333863085791,3.472792432153,
    3.768639737248));
#3600 = CARTESIAN_POINT('',(-3.282545118214,3.490509254453,
    3.752326842224));
#3601 = CARTESIAN_POINT('',(-3.226837911354,3.50694131815,3.731287966742
    ));
#3602 = CARTESIAN_POINT('',(-3.164845687177,3.509381477685,
    3.704240378279));
#3603 = CARTESIAN_POINT('',(-3.101736117425,3.507901165359,
    3.671824786407));
#3604 = CARTESIAN_POINT('',(-3.037375158695,3.50731225429,3.637138236427
    ));
#3605 = CARTESIAN_POINT('',(-2.971601598196,3.50648406592,3.600698720967
    ));
#3606 = CARTESIAN_POINT('',(-2.904556866218,3.505014359863,
    3.562968960045));
#3607 = CARTESIAN_POINT('',(-2.836655002415,3.502966372698,
    3.524461981014));
#3608 = CARTESIAN_POINT('',(-2.768386869802,3.500633655368,
    3.485647496105));
#3609 = CARTESIAN_POINT('',(-3.546166861901,2.809587040973,
    3.474488864063));
#3610 = CARTESIAN_POINT('',(-3.54318870454,2.873556063818,3.508359620684
    ));
#3611 = CARTESIAN_POINT('',(-3.539969210339,2.937201456144,3.54208746572
    ));
#3612 = CARTESIAN_POINT('',(-3.5363725102,3.000143434018,3.575410558902)
  );
#3613 = CARTESIAN_POINT('',(-3.532576612642,3.062077369215,3.60795885525
    ));
#3614 = CARTESIAN_POINT('',(-3.529051441934,3.122725835192,
    3.639081441074));
#3615 = CARTESIAN_POINT('',(-3.525833113196,3.18151480645,3.667189570935
    ));
#3616 = CARTESIAN_POINT('',(-3.517982272695,3.236123654222,
    3.689748585804));
#3617 = CARTESIAN_POINT('',(-3.496458698311,3.286366256983,
    3.704632403085));
#3618 = CARTESIAN_POINT('',(-3.472048389862,3.333541780354,
    3.716584954966));
#3619 = CARTESIAN_POINT('',(-3.448046656974,3.378118966127,
    3.725455635857));
#3620 = CARTESIAN_POINT('',(-3.41853336981,3.418533341691,3.729426320968
    ));
#3621 = CARTESIAN_POINT('',(-3.378118956386,3.448046663379,
    3.725455632469));
#3622 = CARTESIAN_POINT('',(-3.333541760939,3.472048400285,
    3.716584970114));
#3623 = CARTESIAN_POINT('',(-3.286366344932,3.496458651985,
    3.704632349422));
#3624 = CARTESIAN_POINT('',(-3.236123621058,3.517982269079,3.68974862326
    ));
#3625 = CARTESIAN_POINT('',(-3.181514841863,3.525833121056,
    3.667189530172));
#3626 = CARTESIAN_POINT('',(-3.122725790299,3.529051401804,
    3.639081533946));
#3627 = CARTESIAN_POINT('',(-3.062077332951,3.532576549025,3.60795893236
    ));
#3628 = CARTESIAN_POINT('',(-3.00014340653,3.536372418068,3.57541063004)
  );
#3629 = CARTESIAN_POINT('',(-2.937201438562,3.539969077885,
    3.542087546559));
#3630 = CARTESIAN_POINT('',(-2.873556057595,3.543188524169,
    3.508359717873));
#3631 = CARTESIAN_POINT('',(-2.809587045603,3.546166631974,
    3.474488979182));
#3632 = CARTESIAN_POINT('',(-3.593111091853,2.852017067303,
    3.466329480953));
#3633 = CARTESIAN_POINT('',(-3.585414569965,2.911805060682,
    3.494807963492));
#3634 = CARTESIAN_POINT('',(-3.577587500831,2.971393527113,3.52345525762
    ));
#3635 = CARTESIAN_POINT('',(-3.569594085456,3.030508260645,
    3.552291476078));
#3636 = CARTESIAN_POINT('',(-3.561589112744,3.088829249912,
    3.581013821471));
#3637 = CARTESIAN_POINT('',(-3.553651656408,3.145641458914,
    3.608723079389));
#3638 = CARTESIAN_POINT('',(-3.546332197991,3.199563625576,3.63384949378
    ));
#3639 = CARTESIAN_POINT('',(-3.532548679784,3.248952775575,
    3.651981051262));
#3640 = CARTESIAN_POINT('',(-3.505718450486,3.294187064552,
    3.661648756283));
#3641 = CARTESIAN_POINT('',(-3.474927786869,3.336044695591,
    3.667834722754));
#3642 = CARTESIAN_POINT('',(-3.447124612918,3.377413643565,
    3.673526560539));
#3643 = CARTESIAN_POINT('',(-3.416582562965,3.416582568772,
    3.676826595279));
#3644 = CARTESIAN_POINT('',(-3.377413641987,3.447124615499,
    3.673526563831));
#3645 = CARTESIAN_POINT('',(-3.336044715188,3.474927773203,
    3.667834713375));
#3646 = CARTESIAN_POINT('',(-3.29418712384,3.505718426825,3.661648729074
    ));
#3647 = CARTESIAN_POINT('',(-3.248952796872,3.532548676783,
    3.651981044088));
#3648 = CARTESIAN_POINT('',(-3.19956360052,3.546332202482,3.633849507241
    ));
#3649 = CARTESIAN_POINT('',(-3.145641521091,3.553651630532,
    3.608723047366));
#3650 = CARTESIAN_POINT('',(-3.088829309168,3.561589053486,3.58101381646
    ));
#3651 = CARTESIAN_POINT('',(-3.030508338333,3.569593986535,
    3.552291486825));
#3652 = CARTESIAN_POINT('',(-2.971393634051,3.577587347439,
    3.523455286433));
#3653 = CARTESIAN_POINT('',(-2.911805194285,3.58541436266,3.494808010915
    ));
#3654 = CARTESIAN_POINT('',(-2.852017222918,3.59311083631,3.466329546247
    ));
#3655 = CARTESIAN_POINT('',(-3.642489300587,2.896877442358,
    3.462562780183));
#3656 = CARTESIAN_POINT('',(-3.63007408526,2.952000727125,3.484809935619
    ));
#3657 = CARTESIAN_POINT('',(-3.61786547561,3.007292687777,3.507742824117
    ));
#3658 = CARTESIAN_POINT('',(-3.605837799216,3.062535622982,
    3.531882408409));
#3659 = CARTESIAN_POINT('',(-3.59405781536,3.117246215296,3.557154233082
    ));
#3660 = CARTESIAN_POINT('',(-3.582335985169,3.170199680681,
    3.582624526806));
#3661 = CARTESIAN_POINT('',(-3.569475598524,3.21964063533,3.603976469277
    ));
#3662 = CARTESIAN_POINT('',(-3.548342996906,3.264164421926,
    3.616277837877));
#3663 = CARTESIAN_POINT('',(-3.515822416941,3.30469240218,3.620744858421
    ));
#3664 = CARTESIAN_POINT('',(-3.47953541135,3.342918787011,3.621699377287
    ));
#3665 = CARTESIAN_POINT('',(-3.447611422989,3.378056037859,
    3.622560378893));
#3666 = CARTESIAN_POINT('',(-3.416085018984,3.416085017549,
    3.624607614639));
#3667 = CARTESIAN_POINT('',(-3.378056042889,3.447611416783,3.6225603776)
  );
#3668 = CARTESIAN_POINT('',(-3.342918784807,3.479535408272,
    3.621699333793));
#3669 = CARTESIAN_POINT('',(-3.304692416174,3.515822405272,
    3.620744814122));
#3670 = CARTESIAN_POINT('',(-3.264164443233,3.548342961089,
    3.616277819052));
#3671 = CARTESIAN_POINT('',(-3.219640636038,3.569475615682,
    3.603976469715));
#3672 = CARTESIAN_POINT('',(-3.170199671664,3.582335967513,
    3.582624530646));
#3673 = CARTESIAN_POINT('',(-3.117246286437,3.594057795631,
    3.557154176922));
#3674 = CARTESIAN_POINT('',(-3.062535765325,3.605837704005,
    3.531882374118));
#3675 = CARTESIAN_POINT('',(-3.007292884236,3.61786530526,3.507742815303
    ));
#3676 = CARTESIAN_POINT('',(-2.952000960719,3.630073866457,
    3.484809945553));
#3677 = CARTESIAN_POINT('',(-2.896877706333,3.642489046967,
    3.462562806723));
#3678 = CARTESIAN_POINT('',(-3.695454804708,2.945568006817,
    3.464413559644));
#3679 = CARTESIAN_POINT('',(-3.677502474715,2.994816303323,
    3.479517318715));
#3680 = CARTESIAN_POINT('',(-3.66060868661,3.045104186785,3.495943703031
    ));
#3681 = CARTESIAN_POINT('',(-3.644868303934,3.096459936069,
    3.515320833087));
#3682 = CARTESIAN_POINT('',(-3.629281454257,3.147636228005,3.53817080744
    ));
#3683 = CARTESIAN_POINT('',(-3.61321145506,3.196790280135,3.560953480597
    ));
#3684 = CARTESIAN_POINT('',(-3.593111937713,3.241393940003,
    3.575855590669));
#3685 = CARTESIAN_POINT('',(-3.563755736275,3.280557097992,
    3.581413523337));
#3686 = CARTESIAN_POINT('',(-3.527467071604,3.316211255259,
    3.580811925769));
#3687 = CARTESIAN_POINT('',(-3.48837499094,3.349368403886,3.57733032917)
  );
#3688 = CARTESIAN_POINT('',(-3.450281101616,3.380788597932,
    3.573221836969));
#3689 = CARTESIAN_POINT('',(-3.41506557135,3.415065577675,3.571026228036
    ));
#3690 = CARTESIAN_POINT('',(-3.380788599699,3.450281106855,
    3.573221830214));
#3691 = CARTESIAN_POINT('',(-3.349368398639,3.488374993103,
    3.577330294707));
#3692 = CARTESIAN_POINT('',(-3.316211244562,3.527467078765,
    3.580811882137));
#3693 = CARTESIAN_POINT('',(-3.280557085352,3.563755767214,
    3.581413473311));
#3694 = CARTESIAN_POINT('',(-3.241393940792,3.59311190236,3.575855613093
    ));
#3695 = CARTESIAN_POINT('',(-3.196790264143,3.613211503182,
    3.560953450238));
#3696 = CARTESIAN_POINT('',(-3.147636268313,3.629281470431,
    3.538170789287));
#3697 = CARTESIAN_POINT('',(-3.096460086723,3.644868194467,
    3.515320807061));
#3698 = CARTESIAN_POINT('',(-3.045104414753,3.660608510429,
    3.495943678454));
#3699 = CARTESIAN_POINT('',(-2.994816577404,3.677502276382,
    3.479517304023));
#3700 = CARTESIAN_POINT('',(-2.945568332033,3.69545458411,3.464413559187
    ));
#3701 = CARTESIAN_POINT('',(-3.752954315145,2.999319925477,
    3.472420884166));
#3702 = CARTESIAN_POINT('',(-3.728267240721,3.04131140667,3.480246664755
    ));
#3703 = CARTESIAN_POINT('',(-3.705530254061,3.085298888902,
    3.489646850331));
#3704 = CARTESIAN_POINT('',(-3.686707381932,3.13325710801,3.504606809935
    ));
#3705 = CARTESIAN_POINT('',(-3.666700157149,3.180815023997,
    3.526337119614));
#3706 = CARTESIAN_POINT('',(-3.64413331265,3.225212669874,3.540722894007
    ));
#3707 = CARTESIAN_POINT('',(-3.615900367607,3.264120900616,
    3.547520803916));
#3708 = CARTESIAN_POINT('',(-3.580419287954,3.298237578434,
    3.546593157434));
#3709 = CARTESIAN_POINT('',(-3.540824082713,3.329450701023,
    3.541723135809));
#3710 = CARTESIAN_POINT('',(-3.499695295793,3.359287053603,
    3.535396264599));
#3711 = CARTESIAN_POINT('',(-3.459468086362,3.389512023307,
    3.529697105037));
#3712 = CARTESIAN_POINT('',(-3.422542017783,3.422542022988,
    3.527190339848));
#3713 = CARTESIAN_POINT('',(-3.389512019416,3.459468091484,
    3.529697094577));
#3714 = CARTESIAN_POINT('',(-3.359287044907,3.499695294347,
    3.535396248245));
#3715 = CARTESIAN_POINT('',(-3.329450685975,3.540824058832,
    3.541723137314));
#3716 = CARTESIAN_POINT('',(-3.29823757017,3.580419201411,3.546593220987
    ));
#3717 = CARTESIAN_POINT('',(-3.26412092571,3.615900191755,3.54752094134)
  );
#3718 = CARTESIAN_POINT('',(-3.225212677814,3.644133309819,
    3.540722888104));
#3719 = CARTESIAN_POINT('',(-3.180815003158,3.66670017617,3.526337126487
    ));
#3720 = CARTESIAN_POINT('',(-3.133257186502,3.686707259088,
    3.504606815723));
#3721 = CARTESIAN_POINT('',(-3.08529905722,3.705530129725,3.489646824394
    ));
#3722 = CARTESIAN_POINT('',(-3.041311645548,3.728267111938,
    3.480246641341));
#3723 = CARTESIAN_POINT('',(-2.99932026707,3.752954148591,3.47242087129)
  );
#3724 = CARTESIAN_POINT('',(-3.814876000935,3.058324776179,
    3.485801193334));
#3725 = CARTESIAN_POINT('',(-3.783899564017,3.093556962649,
    3.488009030469));
#3726 = CARTESIAN_POINT('',(-3.753438038428,3.129623260998,
    3.491547324272));
#3727 = CARTESIAN_POINT('',(-3.730962670154,3.174686945037,
    3.504478991164));
#3728 = CARTESIAN_POINT('',(-3.7046956625,3.216884329617,3.514297214891)
  );
#3729 = CARTESIAN_POINT('',(-3.674028314123,3.255220832416,
    3.518719629892));
#3730 = CARTESIAN_POINT('',(-3.638935304164,3.288578967375,
    3.517988435405));
#3731 = CARTESIAN_POINT('',(-3.599054054868,3.317893541561,
    3.512308355146));
#3732 = CARTESIAN_POINT('',(-3.556393150634,3.345369717309,
    3.504378894419));
#3733 = CARTESIAN_POINT('',(-3.513423388884,3.372755177266,
    3.496254775025));
#3734 = CARTESIAN_POINT('',(-3.472265907992,3.402011708419,
    3.490035207233));
#3735 = CARTESIAN_POINT('',(-3.434867964798,3.43486796446,3.487681905702
    ));
#3736 = CARTESIAN_POINT('',(-3.402011705852,3.472265903542,
    3.490035200741));
#3737 = CARTESIAN_POINT('',(-3.372755171302,3.513423373781,
    3.496254775099));
#3738 = CARTESIAN_POINT('',(-3.345369707999,3.556393108647,
    3.504378920596));
#3739 = CARTESIAN_POINT('',(-3.317893530695,3.599053972889,
    3.512308418051));
#3740 = CARTESIAN_POINT('',(-3.288578958025,3.638935227581,
    3.517988496457));
#3741 = CARTESIAN_POINT('',(-3.255220853796,3.674028289299,
    3.518719630539));
#3742 = CARTESIAN_POINT('',(-3.216884338097,3.704695668883,
    3.514297210061));
#3743 = CARTESIAN_POINT('',(-3.174686925209,3.730962667775,
    3.504478999975));
#3744 = CARTESIAN_POINT('',(-3.129623210967,3.753438100472,
    3.491547307115));
#3745 = CARTESIAN_POINT('',(-3.09355711569,3.783899526187,3.488009017532
    ));
#3746 = CARTESIAN_POINT('',(-3.058325086521,3.814875899489,
    3.485801181094));
#3747 = CARTESIAN_POINT('',(-3.879157943352,3.120778135723,
    3.502196521746));
#3748 = CARTESIAN_POINT('',(-3.845916161197,3.153644550124,
    3.501403533808));
#3749 = CARTESIAN_POINT('',(-3.812814447921,3.186351070731,
    3.500005937016));
#3750 = CARTESIAN_POINT('',(-3.778530274954,3.221030087755,
    3.500101707066));
#3751 = CARTESIAN_POINT('',(-3.742586478528,3.25550175858,3.499178239962
    ));
#3752 = CARTESIAN_POINT('',(-3.705563360708,3.287859851178,
    3.495953956655));
#3753 = CARTESIAN_POINT('',(-3.664997659569,3.315769059379,
    3.489901661603));
#3754 = CARTESIAN_POINT('',(-3.620913949432,3.340583590013,3.48067644989
    ));
#3755 = CARTESIAN_POINT('',(-3.574819360478,3.364688680032,
    3.470080571794));
#3756 = CARTESIAN_POINT('',(-3.529521928958,3.389202190191,
    3.459783330383));
#3757 = CARTESIAN_POINT('',(-3.48757927407,3.417404756792,3.453025028263
    ));
#3758 = CARTESIAN_POINT('',(-3.450108807836,3.450108798882,
    3.450710370792));
#3759 = CARTESIAN_POINT('',(-3.41740476001,3.487579256824,3.453025024729
    ));
#3760 = CARTESIAN_POINT('',(-3.389202189619,3.529521903937,3.4597833332)
  );
#3761 = CARTESIAN_POINT('',(-3.364688677548,3.574819338193,
    3.470080590048));
#3762 = CARTESIAN_POINT('',(-3.340583583516,3.620913907212,3.48067647634
    ));
#3763 = CARTESIAN_POINT('',(-3.315769050261,3.664997654541,
    3.489901668767));
#3764 = CARTESIAN_POINT('',(-3.287859711705,3.705563463731,
    3.495953977819));
#3765 = CARTESIAN_POINT('',(-3.255501751158,3.74258649214,3.499178233783
    ));
#3766 = CARTESIAN_POINT('',(-3.22103010704,3.77853026479,3.500101704958)
  );
#3767 = CARTESIAN_POINT('',(-3.186351096751,3.812814415478,
    3.500005941653));
#3768 = CARTESIAN_POINT('',(-3.153644675357,3.84591614428,3.501403535643
    ));
#3769 = CARTESIAN_POINT('',(-3.120778332267,3.879157941441,
    3.502196513655));
#3770 = CARTESIAN_POINT('',(-3.943223312343,3.184041469033,3.51791844733
    ));
#3771 = CARTESIAN_POINT('',(-3.907869703718,3.215979699516,
    3.513641592215));
#3772 = CARTESIAN_POINT('',(-3.872009864463,3.247900035019,
    3.507411665583));
#3773 = CARTESIAN_POINT('',(-3.826717673676,3.270611389396,
    3.495921164779));
#3774 = CARTESIAN_POINT('',(-3.782830527877,3.295351356684,
    3.486333874839));
#3775 = CARTESIAN_POINT('',(-3.739142550611,3.321222350589,
    3.477071280614));
#3776 = CARTESIAN_POINT('',(-3.69442853419,3.345544315035,3.466572357279
    ));
#3777 = CARTESIAN_POINT('',(-3.646791399406,3.36782409533,3.454459494151
    ));
#3778 = CARTESIAN_POINT('',(-3.597097456399,3.387913860764,
    3.440085049655));
#3779 = CARTESIAN_POINT('',(-3.548127456302,3.408290640987,
    3.425996896222));
#3780 = CARTESIAN_POINT('',(-3.505478002446,3.435594967497,
    3.418576837181));
#3781 = CARTESIAN_POINT('',(-3.468054048745,3.468054033076,
    3.416165827875));
#3782 = CARTESIAN_POINT('',(-3.435594976186,3.505477979775,
    3.418576833489));
#3783 = CARTESIAN_POINT('',(-3.408290643748,3.54812742607,3.425996891475
    ));
#3784 = CARTESIAN_POINT('',(-3.387913857659,3.597097461118,
    3.440085055568));
#3785 = CARTESIAN_POINT('',(-3.36782408928,3.646791402834,3.454459497422
    ));
#3786 = CARTESIAN_POINT('',(-3.345544320353,3.694428534436,
    3.466572351335));
#3787 = CARTESIAN_POINT('',(-3.321222382357,3.739142521798,
    3.477071277788));
#3788 = CARTESIAN_POINT('',(-3.295351392685,3.782830502148,
    3.486333876535));
#3789 = CARTESIAN_POINT('',(-3.270611364602,3.826717689355,3.49592117176
    ));
#3790 = CARTESIAN_POINT('',(-3.247899902828,3.872009932409,3.50741165638
    ));
#3791 = CARTESIAN_POINT('',(-3.215979643059,3.907869797535,
    3.513641587549));
#3792 = CARTESIAN_POINT('',(-3.184041480081,3.943223431498,
    3.517918440886));
#3793 = CARTESIAN_POINT('',(-4.004355208973,3.245636134827,
    3.529883156869));
#3794 = CARTESIAN_POINT('',(-3.96266055003,3.272135438416,3.520977857839
    ));
#3795 = CARTESIAN_POINT('',(-3.918958319177,3.296611617828,
    3.511402098584));
#3796 = CARTESIAN_POINT('',(-3.870851345164,3.316242003536,
    3.499671304745));
#3797 = CARTESIAN_POINT('',(-3.822397354886,3.336814658057,
    3.481048554261));
#3798 = CARTESIAN_POINT('',(-3.773449409253,3.357255404328,
    3.463649996106));
#3799 = CARTESIAN_POINT('',(-3.725024811945,3.377985140611,
    3.448261070844));
#3800 = CARTESIAN_POINT('',(-3.676009386087,3.397595262504,
    3.432559091769));
#3801 = CARTESIAN_POINT('',(-3.624616213301,3.415966903354,
    3.415971295411));
#3802 = CARTESIAN_POINT('',(-3.570816125156,3.432147532807,3.39720099771
    ));
#3803 = CARTESIAN_POINT('',(-3.52685509321,3.457033618297,3.387319941646
    ));
#3804 = CARTESIAN_POINT('',(-3.4890523601,3.489052340909,3.384309693345)
  );
#3805 = CARTESIAN_POINT('',(-3.457033626833,3.526855076155,
    3.387319943264));
#3806 = CARTESIAN_POINT('',(-3.432147535646,3.570816144648,
    3.397200992568));
#3807 = CARTESIAN_POINT('',(-3.415966902559,3.624616210298,
    3.415971295947));
#3808 = CARTESIAN_POINT('',(-3.397595266316,3.676009385991,
    3.432559087745));
#3809 = CARTESIAN_POINT('',(-3.377985141332,3.725024813243,
    3.448261074301));
#3810 = CARTESIAN_POINT('',(-3.357255361732,3.773449434804,
    3.463650005474));
#3811 = CARTESIAN_POINT('',(-3.336814615089,3.822397404597,
    3.481048522378));
#3812 = CARTESIAN_POINT('',(-3.316241697929,3.870851595827,
    3.499671318758));
#3813 = CARTESIAN_POINT('',(-3.296611248328,3.918958604496,
    3.511402098023));
#3814 = CARTESIAN_POINT('',(-3.272135149009,3.962660810431,
    3.520977849515));
#3815 = CARTESIAN_POINT('',(-3.245635927434,4.004355458356,
    3.529883150677));
#3816 = CARTESIAN_POINT('',(-4.06034296494,3.303101386802,3.536959908663
    ));
#3817 = CARTESIAN_POINT('',(-4.011557809809,3.322961426387,
    3.522504860117));
#3818 = CARTESIAN_POINT('',(-3.961623314888,3.341576137102,
    3.507417637595));
#3819 = CARTESIAN_POINT('',(-3.910213384894,3.358689752883,
    3.490168661894));
#3820 = CARTESIAN_POINT('',(-3.857910110171,3.375393850444,
    3.469059703898));
#3821 = CARTESIAN_POINT('',(-3.805384971385,3.392018296197,
    3.447424818698));
#3822 = CARTESIAN_POINT('',(-3.75340668459,3.408478826491,3.4263343842)
  );
#3823 = CARTESIAN_POINT('',(-3.701624716239,3.424978988974,
    3.407340776343));
#3824 = CARTESIAN_POINT('',(-3.649050240549,3.439917933814,
    3.387690319665));
#3825 = CARTESIAN_POINT('',(-3.59706683782,3.455603787725,3.368998532737
    ));
#3826 = CARTESIAN_POINT('',(-3.551766870844,3.48059272242,3.35841467953)
  );
#3827 = CARTESIAN_POINT('',(-3.513001936478,3.513001919819,
    3.355029311331));
#3828 = CARTESIAN_POINT('',(-3.48059272194,3.551766830581,3.358414694021
    ));
#3829 = CARTESIAN_POINT('',(-3.45560377508,3.597066768946,3.368998556014
    ));
#3830 = CARTESIAN_POINT('',(-3.439917934387,3.649050257738,
    3.387690317078));
#3831 = CARTESIAN_POINT('',(-3.42497899027,3.701624699735,3.407340778501
    ));
#3832 = CARTESIAN_POINT('',(-3.408478811205,3.753406670963,
    3.426334394988));
#3833 = CARTESIAN_POINT('',(-3.392018220892,3.805385057049,
    3.447424819695));
#3834 = CARTESIAN_POINT('',(-3.375393679512,3.857910286245,
    3.469059659405));
#3835 = CARTESIAN_POINT('',(-3.358689411853,3.910213693283,
    3.490168617756));
#3836 = CARTESIAN_POINT('',(-3.341575704714,3.961623688318,
    3.507417605108));
#3837 = CARTESIAN_POINT('',(-3.322960988974,4.011558191455,
    3.522504842289));
#3838 = CARTESIAN_POINT('',(-3.303100975007,4.06034334187,3.536959908752
    ));
#3839 = CARTESIAN_POINT('',(-4.110983483853,3.355999602834,
    3.538688421234));
#3840 = CARTESIAN_POINT('',(-4.056220769743,3.370107737243,
    3.518130002167));
#3841 = CARTESIAN_POINT('',(-4.001161441755,3.383923645021,
    3.496971673349));
#3842 = CARTESIAN_POINT('',(-3.945734025237,3.397444747134,
    3.474375025554));
#3843 = CARTESIAN_POINT('',(-3.889879517353,3.410543146484,
    3.450088261734));
#3844 = CARTESIAN_POINT('',(-3.834029727229,3.42330908065,3.424948477424
    ));
#3845 = CARTESIAN_POINT('',(-3.77868513668,3.435727593689,3.400412589641
    ));
#3846 = CARTESIAN_POINT('',(-3.724454827912,3.448188840681,
    3.377817324658));
#3847 = CARTESIAN_POINT('',(-3.671335496792,3.460493200536,
    3.356700372429));
#3848 = CARTESIAN_POINT('',(-3.621465472488,3.478380494846,
    3.339932614179));
#3849 = CARTESIAN_POINT('',(-3.576954327923,3.504934050371,
    3.329864245603));
#3850 = CARTESIAN_POINT('',(-3.538078031227,3.538078022148,
    3.326511415254));
#3851 = CARTESIAN_POINT('',(-3.504934049602,3.576954311154,
    3.329864253272));
#3852 = CARTESIAN_POINT('',(-3.478380488417,3.621465459515,
    3.339932635856));
#3853 = CARTESIAN_POINT('',(-3.460493200169,3.671335493891,
    3.356700368407));
#3854 = CARTESIAN_POINT('',(-3.448188843286,3.724454830616,
    3.377817323624));
#3855 = CARTESIAN_POINT('',(-3.435727568308,3.778685227794,
    3.400412594461));
#3856 = CARTESIAN_POINT('',(-3.423308994361,3.834029856364,
    3.424948409507));
#3857 = CARTESIAN_POINT('',(-3.410542956646,3.889879744676,
    3.450088141653));
#3858 = CARTESIAN_POINT('',(-3.397444430256,3.945734349491,
    3.474374914833));
#3859 = CARTESIAN_POINT('',(-3.383923216718,4.001161839319,
    3.496971602559));
#3860 = CARTESIAN_POINT('',(-3.370107232832,4.056221213499,
    3.518129973274));
#3861 = CARTESIAN_POINT('',(-3.355999045735,4.110983959908,
    3.538688431166));
#3862 = CARTESIAN_POINT('',(-4.157223009108,3.405138489669,
    3.535240587081));
#3863 = CARTESIAN_POINT('',(-4.097485472015,3.414234881997,3.50865809234
    ));
#3864 = CARTESIAN_POINT('',(-4.037821104298,3.423436850975,
    3.481746246487));
#3865 = CARTESIAN_POINT('',(-3.978254109093,3.432758805343,
    3.454219836423));
#3866 = CARTESIAN_POINT('',(-3.918743375203,3.441979057033,
    3.426092783311));
#3867 = CARTESIAN_POINT('',(-3.859561200789,3.450932336563,
    3.397584268475));
#3868 = CARTESIAN_POINT('',(-3.801396701639,3.459464061473,
    3.369593789609));
#3869 = CARTESIAN_POINT('',(-3.744460019221,3.467153711524,
    3.344702351963));
#3870 = CARTESIAN_POINT('',(-3.69064775015,3.478499664702,3.323510337861
    ));
#3871 = CARTESIAN_POINT('',(-3.642285029527,3.499501703927,
    3.308372380325));
#3872 = CARTESIAN_POINT('',(-3.59918698356,3.527904264397,3.299192460252
    ));
#3873 = CARTESIAN_POINT('',(-3.56121203707,3.561212036654,3.296087276005
    ));
#3874 = CARTESIAN_POINT('',(-3.5279042678,3.599186994384,3.299192437357)
  );
#3875 = CARTESIAN_POINT('',(-3.499501702493,3.642285053284,
    3.308372348201));
#3876 = CARTESIAN_POINT('',(-3.478499656773,3.690647751893,
    3.323510352689));
#3877 = CARTESIAN_POINT('',(-3.467153719627,3.744460009992,
    3.344702348869));
#3878 = CARTESIAN_POINT('',(-3.459464018818,3.801396609832,
    3.369593775279));
#3879 = CARTESIAN_POINT('',(-3.450932292737,3.859561326218,
    3.397584042206));
#3880 = CARTESIAN_POINT('',(-3.441978913101,3.918743614132,
    3.426092560757));
#3881 = CARTESIAN_POINT('',(-3.432758532003,3.978254423109,
    3.454219681159));
#3882 = CARTESIAN_POINT('',(-3.423436449582,4.037821493872,
    3.481746156677));
#3883 = CARTESIAN_POINT('',(-3.414234362604,4.097485935907,
    3.508658058611));
#3884 = CARTESIAN_POINT('',(-3.405137860781,4.157223543059,
    3.535240604688));
#3885 = CARTESIAN_POINT('',(-4.20030439798,3.451617980682,3.527388208457
    ));
#3886 = CARTESIAN_POINT('',(-4.135962819585,3.455713724068,
    3.495132438454));
#3887 = CARTESIAN_POINT('',(-4.071838235219,3.460023782428,
    3.462836785479));
#3888 = CARTESIAN_POINT('',(-4.008123667396,3.464665611899,
    3.430543642596));
#3889 = CARTESIAN_POINT('',(-3.944870809795,3.469523286468,
    3.398412002695));
#3890 = CARTESIAN_POINT('',(-3.882048315686,3.474287531784,
    3.366815678791));
#3891 = CARTESIAN_POINT('',(-3.820048308453,3.478550947898,
    3.336638108891));
#3892 = CARTESIAN_POINT('',(-3.761052985492,3.48209242251,3.307826401991
    ));
#3893 = CARTESIAN_POINT('',(-3.705376454763,3.49380271209,3.287761073185
    ));
#3894 = CARTESIAN_POINT('',(-3.657519835899,3.51634176366,3.272799051754
    ));
#3895 = CARTESIAN_POINT('',(-3.615412857632,3.546132280795,
    3.263949162201));
#3896 = CARTESIAN_POINT('',(-3.578574708564,3.578574710949,
    3.261068418414));
#3897 = CARTESIAN_POINT('',(-3.546132287377,3.615412872084,
    3.263949133337));
#3898 = CARTESIAN_POINT('',(-3.516341807469,3.657519910244,
    3.272798889638));
#3899 = CARTESIAN_POINT('',(-3.493802846094,3.705376646559,
    3.287760604394));
#3900 = CARTESIAN_POINT('',(-3.482092336729,3.76105288337,3.307826705866
    ));
#3901 = CARTESIAN_POINT('',(-3.478551159479,3.820048644953,
    3.336637370326));
#3902 = CARTESIAN_POINT('',(-3.47428758672,3.882048531672,3.366815234043
    ));
#3903 = CARTESIAN_POINT('',(-3.469523189054,3.9448710171,3.39841175878)
  );
#3904 = CARTESIAN_POINT('',(-3.464665380689,4.008123941966,
    3.430543492973));
#3905 = CARTESIAN_POINT('',(-3.460023418206,4.07183859981,3.462836698016
    ));
#3906 = CARTESIAN_POINT('',(-3.455713224238,4.135963278127,
    3.495132405808));
#3907 = CARTESIAN_POINT('',(-3.45161734452,4.200304949683,3.527388228912
    ));
#3908 = CARTESIAN_POINT('',(-4.241397338366,3.496432432597,
    3.516232438725));
#3909 = CARTESIAN_POINT('',(-4.172312681655,3.495006294782,
    3.478552210313));
#3910 = CARTESIAN_POINT('',(-4.103514081548,3.493828563643,
    3.441039584535));
#3911 = CARTESIAN_POINT('',(-4.035379321727,3.493142432594,
    3.403981732003));
#3912 = CARTESIAN_POINT('',(-3.968214129564,3.492986852159,
    3.367704337588));
#3913 = CARTESIAN_POINT('',(-3.902039097592,3.493040239686,3.33244470522
    ));
#3914 = CARTESIAN_POINT('',(-3.836478501387,3.492543129173,
    3.298423871681));
#3915 = CARTESIAN_POINT('',(-3.772667323313,3.492661725265,
    3.267739245655));
#3916 = CARTESIAN_POINT('',(-3.715596600792,3.506960870916,
    3.245062255511));
#3917 = CARTESIAN_POINT('',(-3.66598236298,3.528130028486,3.230034309203
    ));
#3918 = CARTESIAN_POINT('',(-3.622894317095,3.553989732719,
    3.221665278759));
#3919 = CARTESIAN_POINT('',(-3.58564285127,3.58564285063,3.219037573195)
  );
#3920 = CARTESIAN_POINT('',(-3.553989730292,3.622894313225,
    3.221665288011));
#3921 = CARTESIAN_POINT('',(-3.528130018254,3.665982348121,
    3.230034344857));
#3922 = CARTESIAN_POINT('',(-3.50696086085,3.715596594599,3.245062291073
    ));
#3923 = CARTESIAN_POINT('',(-3.49266173062,3.772667301531,3.267739222784
    ));
#3924 = CARTESIAN_POINT('',(-3.492543115015,3.836478498253,
    3.298423925182));
#3925 = CARTESIAN_POINT('',(-3.493040234584,3.902039171445,
    3.332444578777));
#3926 = CARTESIAN_POINT('',(-3.492986776638,3.968214284882,
    3.367704174744));
#3927 = CARTESIAN_POINT('',(-3.493142243284,4.035379565128,
    3.403981608478));
#3928 = CARTESIAN_POINT('',(-3.493828244543,4.103514420611,
    3.441039510704));
#3929 = CARTESIAN_POINT('',(-3.495005838549,4.172313118572,3.47855218424
    ));
#3930 = CARTESIAN_POINT('',(-3.496431836171,4.241397873023,
    3.516232459289));
#3931 = CARTESIAN_POINT('',(-4.281454524135,3.540361887165,3.50291431422
    ));
#3932 = CARTESIAN_POINT('',(-4.207218898939,3.532671484308,3.45983430169
    ));
#3933 = CARTESIAN_POINT('',(-4.133291219154,3.525228701034,
    3.417034338036));
#3934 = CARTESIAN_POINT('',(-4.060140734069,3.518359881557,
    3.374954572451));
#3935 = CARTESIAN_POINT('',(-3.988302172831,3.512278897066,
    3.334118580689));
#3936 = CARTESIAN_POINT('',(-3.91831363756,3.506760253716,3.295133890403
    ));
#3937 = CARTESIAN_POINT('',(-3.849947298051,3.50057508096,3.258307409563
    ));
#3938 = CARTESIAN_POINT('',(-3.777677243475,3.499693134804,
    3.220733827994));
#3939 = CARTESIAN_POINT('',(-3.717422466775,3.509461169354,
    3.195548977008));
#3940 = CARTESIAN_POINT('',(-3.665957234168,3.525475487122,
    3.179797574448));
#3941 = CARTESIAN_POINT('',(-3.621047716138,3.549778898419,
    3.171475410889));
#3942 = CARTESIAN_POINT('',(-3.581838196109,3.581838196406,
    3.168852516039));
#3943 = CARTESIAN_POINT('',(-3.54977890204,3.621047720941,3.171475398378
    ));
#3944 = CARTESIAN_POINT('',(-3.525475496327,3.665957243513,
    3.179797544254));
#3945 = CARTESIAN_POINT('',(-3.509461174146,3.717422466887,
    3.195548959426));
#3946 = CARTESIAN_POINT('',(-3.49969313426,3.777677264859,3.220733831729
    ));
#3947 = CARTESIAN_POINT('',(-3.500575082012,3.849947281752,
    3.258307407475));
#3948 = CARTESIAN_POINT('',(-3.506760236291,3.918313658894,
    3.295133885231));
#3949 = CARTESIAN_POINT('',(-3.512278825619,3.988302295965,
    3.334118534718));
#3950 = CARTESIAN_POINT('',(-3.518359720698,4.060140957705,3.37495451537
    ));
#3951 = CARTESIAN_POINT('',(-3.525228427452,4.13329153448,3.417034298207
    ));
#3952 = CARTESIAN_POINT('',(-3.532671086335,4.207219301657,3.45983429116
    ));
#3953 = CARTESIAN_POINT('',(-3.540361360704,4.281455013082,
    3.502914335955));
#3954 = CARTESIAN_POINT('',(-4.321142592556,3.583937979459,
    3.488407268644));
#3955 = CARTESIAN_POINT('',(-4.24127358507,3.569273396076,3.439776038376
    ));
#3956 = CARTESIAN_POINT('',(-4.161684280218,3.554805943903,
    3.391462226102));
#3957 = CARTESIAN_POINT('',(-4.082812701249,3.540849106101,
    3.343971012688));
#3958 = CARTESIAN_POINT('',(-4.005060094869,3.527746447502,
    3.297819791852));
#3959 = CARTESIAN_POINT('',(-3.928400763739,3.515828109132,
    3.253194603792));
#3960 = CARTESIAN_POINT('',(-3.851928847192,3.505366089115,
    3.209402652858));
#3961 = CARTESIAN_POINT('',(-3.775350814837,3.497106054802,
    3.166224499905));
#3962 = CARTESIAN_POINT('',(-3.713082993858,3.500296384684,
    3.140060018585));
#3963 = CARTESIAN_POINT('',(-3.660814797747,3.514096895637,3.12523490778
    ));
#3964 = CARTESIAN_POINT('',(-3.614477787799,3.5405958295,3.116952683706)
  );
#3965 = CARTESIAN_POINT('',(-3.574151731378,3.574151763146,
    3.114239772189));
#3966 = CARTESIAN_POINT('',(-3.54059581311,3.61447783796,3.116952682704)
  );
#3967 = CARTESIAN_POINT('',(-3.514096879294,3.660814844674,
    3.125234934288));
#3968 = CARTESIAN_POINT('',(-3.500296372405,3.713082974432,
    3.140060077499));
#3969 = CARTESIAN_POINT('',(-3.49710605605,3.775350785344,3.166224476934
    ));
#3970 = CARTESIAN_POINT('',(-3.505366089254,3.851928859151,
    3.209402685461));
#3971 = CARTESIAN_POINT('',(-3.515828086423,3.928400842034,3.25319465958
    ));
#3972 = CARTESIAN_POINT('',(-3.52774637785,4.005060246974,3.297819829442
    ));
#3973 = CARTESIAN_POINT('',(-3.540848965727,4.082812925997,
    3.343971029253));
#3974 = CARTESIAN_POINT('',(-3.554805713053,4.161684572851,
    3.391462236599));
#3975 = CARTESIAN_POINT('',(-3.569273062878,4.241273942304,
    3.439776055539));
#3976 = CARTESIAN_POINT('',(-3.583937539473,4.321143013374,
    3.488407297536));
#3977 = CARTESIAN_POINT('',(-4.360820235483,3.627444724971,
    3.473404686822));
#3978 = CARTESIAN_POINT('',(-4.274907549798,3.605297408883,
    3.419014645848));
#3979 = CARTESIAN_POINT('',(-4.189142417068,3.583254514578,3.36488100229
    ));
#3980 = CARTESIAN_POINT('',(-4.103796647113,3.561580618566,
    3.311455949561));
#3981 = CARTESIAN_POINT('',(-4.019178983283,3.540739906483,
    3.259273650611));
#3982 = CARTESIAN_POINT('',(-3.9355668834,3.521406724183,3.208849265758)
  );
#3983 = CARTESIAN_POINT('',(-3.853741273511,3.504598417891,
    3.161139633684));
#3984 = CARTESIAN_POINT('',(-3.776872856907,3.492969972669,
    3.119351809208));
#3985 = CARTESIAN_POINT('',(-3.710624449174,3.493209999502,
    3.089375997069));
#3986 = CARTESIAN_POINT('',(-3.65428080464,3.505893282169,3.070689865782
    ));
#3987 = CARTESIAN_POINT('',(-3.605623071844,3.530434782107,
    3.060477239139));
#3988 = CARTESIAN_POINT('',(-3.564158493318,3.564158567639,
    3.057202148596));
#3989 = CARTESIAN_POINT('',(-3.530434740741,3.605623187524,
    3.060477254431));
#3990 = CARTESIAN_POINT('',(-3.505893261516,3.65428096095,3.070689901205
    ));
#3991 = CARTESIAN_POINT('',(-3.49320999683,3.710624651897,3.089376032711
    ));
#3992 = CARTESIAN_POINT('',(-3.492969981116,3.776873120146,
    3.119351815223));
#3993 = CARTESIAN_POINT('',(-3.504598416797,3.853741518976,
    3.161139673059));
#3994 = CARTESIAN_POINT('',(-3.521406698256,3.935567106612,3.20884934223
    ));
#3995 = CARTESIAN_POINT('',(-3.540739839959,4.019179208907,
    3.259273738073));
#3996 = CARTESIAN_POINT('',(-3.561580496643,4.103796891296,3.31145602882
    ));
#3997 = CARTESIAN_POINT('',(-3.583254324561,4.189142688681,
    3.364881068163));
#3998 = CARTESIAN_POINT('',(-3.605297142305,4.274907853524,
    3.419014699915));
#3999 = CARTESIAN_POINT('',(-3.627444378347,4.360820573164,
    3.473404730813));
#4000 = CARTESIAN_POINT('',(-4.400566442141,3.670969007984,
    3.458282535585));
#4001 = CARTESIAN_POINT('',(-4.30839328226,3.641112549572,3.397999586713
    ));
#4002 = CARTESIAN_POINT('',(-4.216151558576,3.611238553718,
    3.337836207306));
#4003 = CARTESIAN_POINT('',(-4.123920939554,3.581538355099,
    3.278165633437));
#4004 = CARTESIAN_POINT('',(-4.032230089,3.552667819922,3.219824672351)
  );
#4005 = CARTESIAN_POINT('',(-3.942467324145,3.52605659033,3.164425384287
    ));
#4006 = CARTESIAN_POINT('',(-3.857088744916,3.504199854004,
    3.114482666507));
#4007 = CARTESIAN_POINT('',(-3.778816130156,3.49052154753,3.07258995971)
  );
#4008 = CARTESIAN_POINT('',(-3.708836213657,3.488076500131,
    3.039734652584));
#4009 = CARTESIAN_POINT('',(-3.647914498019,3.498231884042,3.01679329262
    ));
#4010 = CARTESIAN_POINT('',(-3.596146176656,3.520401985697,
    3.003599750297));
#4011 = CARTESIAN_POINT('',(-3.553458756456,3.553458876223,
    2.999339427272));
#4012 = CARTESIAN_POINT('',(-3.520401923544,3.596146375759,
    3.003599769475));
#4013 = CARTESIAN_POINT('',(-3.498231862851,3.647914800354,
    3.016793320568));
#4014 = CARTESIAN_POINT('',(-3.488076504136,3.708836627388,
    3.039734680892));
#4015 = CARTESIAN_POINT('',(-3.490521558053,3.778816611105,
    3.072589998357));
#4016 = CARTESIAN_POINT('',(-3.504199852372,3.857089207725,
    3.114482727902));
#4017 = CARTESIAN_POINT('',(-3.526056562989,3.94246771732,3.164425479626
    ));
#4018 = CARTESIAN_POINT('',(-3.552667757768,4.032230411034,
    3.219824796386));
#4019 = CARTESIAN_POINT('',(-3.58153825167,4.123921213881,3.278165766291
    ));
#4020 = CARTESIAN_POINT('',(-3.611238403961,4.216151810679,
    3.337836327771));
#4021 = CARTESIAN_POINT('',(-3.641112349792,4.308393528964,
    3.397999681351));
#4022 = CARTESIAN_POINT('',(-3.670968756422,4.400566690101,
    3.458282599511));
#4023 = ADVANCED_FACE('',(#4024),#4035,.F.);
#4024 = FACE_BOUND('',#4025,.F.);
#4025 = EDGE_LOOP('',(#4026,#4027,#4028,#4029,#4030));
#4026 = ORIENTED_EDGE('',*,*,#3187,.T.);
#4027 = ORIENTED_EDGE('',*,*,#1977,.T.);
#4028 = ORIENTED_EDGE('',*,*,#3450,.T.);
#4029 = ORIENTED_EDGE('',*,*,#3466,.F.);
#4030 = ORIENTED_EDGE('',*,*,#4031,.F.);
#4031 = EDGE_CURVE('',#3188,#3467,#4032,.T.);
#4032 = B_SPLINE_CURVE_WITH_KNOTS('',1,(#4033,#4034),.UNSPECIFIED.,.F.,
  .F.,(2,2),(0.,92.000000000001),.PIECEWISE_BEZIER_KNOTS.);
#4033 = CARTESIAN_POINT('',(-3.21,4.71,3.5));
#4034 = CARTESIAN_POINT('',(-3.21,3.79,3.5));
#4035 = CYLINDRICAL_SURFACE('',#4036,0.29);
#4036 = AXIS2_PLACEMENT_3D('',#4037,#4038,#4039);
#4037 = CARTESIAN_POINT('',(-3.21,4.25,3.21));
#4038 = DIRECTION('',(0.,-1.,0.));
#4039 = DIRECTION('',(0.,0.,-1.));
#4040 = ADVANCED_FACE('',(#4041),#4094,.T.);
#4041 = FACE_BOUND('',#4042,.T.);
#4042 = EDGE_LOOP('',(#4043,#4044,#4045,#4046,#4053,#4054,#4055,#4064,
    #4080));
#4043 = ORIENTED_EDGE('',*,*,#2047,.T.);
#4044 = ORIENTED_EDGE('',*,*,#2181,.T.);
#4045 = ORIENTED_EDGE('',*,*,#2197,.F.);
#4046 = ORIENTED_EDGE('',*,*,#4047,.T.);
#4047 = EDGE_CURVE('',#2198,#3025,#4048,.T.);
#4048 = CIRCLE('',#4049,0.29);
#4049 = AXIS2_PLACEMENT_3D('',#4050,#4051,#4052);
#4050 = CARTESIAN_POINT('',(3.21,-3.79,3.79));
#4051 = DIRECTION('',(1.,-4.621233591912E-15,4.621233591912E-15));
#4052 = DIRECTION('',(4.621233591912E-15,-1.531342102931E-14,-1.));
#4053 = ORIENTED_EDGE('',*,*,#3024,.T.);
#4054 = ORIENTED_EDGE('',*,*,#3042,.F.);
#4055 = ORIENTED_EDGE('',*,*,#4056,.T.);
#4056 = EDGE_CURVE('',#2997,#4057,#4059,.T.);
#4057 = VERTEX_POINT('',#4058);
#4058 = CARTESIAN_POINT('',(3.79,-3.21,3.5));
#4059 = CIRCLE('',#4060,0.29);
#4060 = AXIS2_PLACEMENT_3D('',#4061,#4062,#4063);
#4061 = CARTESIAN_POINT('',(3.79,-3.21,3.79));
#4062 = DIRECTION('',(-9.18640221912E-14,-1.,-9.760655507719E-14));
#4063 = DIRECTION('',(-1.,9.18640221912E-14,1.914177628664E-15));
#4064 = ORIENTED_EDGE('',*,*,#4065,.T.);
#4065 = EDGE_CURVE('',#4057,#4066,#4068,.T.);
#4066 = VERTEX_POINT('',#4067);
#4067 = CARTESIAN_POINT('',(3.620121933088,-3.415060966544,
    3.415060966544));
#4068 = ( BOUNDED_CURVE() B_SPLINE_CURVE(3,(#4069,#4070,#4071,#4072,
    #4073,#4074,#4075,#4076,#4077,#4078,#4079),.UNSPECIFIED.,.F.,.F.) 
B_SPLINE_CURVE_WITH_KNOTS((4,1,1,1,1,1,1,1,4),(0.,5.225562490263,
    10.671409460221,16.371434799463,22.35682146474,28.651028806887,
    35.265103795654,42.194177461723,49.415742474403),.UNSPECIFIED.) 
CURVE() GEOMETRIC_REPRESENTATION_ITEM() RATIONAL_B_SPLINE_CURVE((1.,1.,
1.,1.,1.,1.,1.,1.,1.,1.,1.)) REPRESENTATION_ITEM('') );
#4069 = CARTESIAN_POINT('',(3.79,-3.21,3.5));
#4070 = CARTESIAN_POINT('',(3.790000552565,-3.218709312256,
    3.500000276282));
#4071 = CARTESIAN_POINT('',(3.788392284663,-3.236495023545,
    3.499196142332));
#4072 = CARTESIAN_POINT('',(3.780989697188,-3.263332746235,
    3.495494848593));
#4073 = CARTESIAN_POINT('',(3.768174830755,-3.290471948228,
    3.489087415379));
#4074 = CARTESIAN_POINT('',(3.749702248682,-3.317507878735,
    3.479851124341));
#4075 = CARTESIAN_POINT('',(3.725483109098,-3.3440024342,3.467741554549)
  );
#4076 = CARTESIAN_POINT('',(3.695603956161,-3.36950460751,3.45280197808)
  );
#4077 = CARTESIAN_POINT('',(3.660334437641,-3.393571714324,3.43516721882
    ));
#4078 = CARTESIAN_POINT('',(3.63401944295,-3.408112021826,3.422009721475
    ));
#4079 = CARTESIAN_POINT('',(3.620121933088,-3.415060966544,
    3.415060966544));
#4080 = ORIENTED_EDGE('',*,*,#4081,.F.);
#4081 = EDGE_CURVE('',#2039,#4066,#4082,.T.);
#4082 = ( BOUNDED_CURVE() B_SPLINE_CURVE(3,(#4083,#4084,#4085,#4086,
    #4087,#4088,#4089,#4090,#4091,#4092,#4093),.UNSPECIFIED.,.F.,.F.) 
B_SPLINE_CURVE_WITH_KNOTS((4,1,1,1,1,1,1,1,4),(0.,5.225562490263,
    10.67140946022,16.371434799463,22.35682146474,28.651028806887,
    35.265103795654,42.194177461723,49.415742474403),.UNSPECIFIED.) 
CURVE() GEOMETRIC_REPRESENTATION_ITEM() RATIONAL_B_SPLINE_CURVE((1.,1.,
1.,1.,1.,1.,1.,1.,1.,1.,1.)) REPRESENTATION_ITEM('') );
#4083 = CARTESIAN_POINT('',(3.79,-3.5,3.21));
#4084 = CARTESIAN_POINT('',(3.790000552564,-3.500000276282,
    3.218709312254));
#4085 = CARTESIAN_POINT('',(3.788392284665,-3.499196142331,
    3.236495023547));
#4086 = CARTESIAN_POINT('',(3.780989697186,-3.495494848594,
    3.263332746232));
#4087 = CARTESIAN_POINT('',(3.768174830758,-3.489087415378,3.29047194823
    ));
#4088 = CARTESIAN_POINT('',(3.749702248682,-3.479851124341,
    3.317507878735));
#4089 = CARTESIAN_POINT('',(3.725483109098,-3.467741554549,3.3440024342)
  );
#4090 = CARTESIAN_POINT('',(3.695603956161,-3.45280197808,3.36950460751)
  );
#4091 = CARTESIAN_POINT('',(3.660334437641,-3.43516721882,3.393571714324
    ));
#4092 = CARTESIAN_POINT('',(3.63401944295,-3.422009721475,3.408112021826
    ));
#4093 = CARTESIAN_POINT('',(3.620121933088,-3.415060966544,
    3.415060966544));
#4094 = B_SPLINE_SURFACE_WITH_KNOTS('',3,3,(
    (#4095,#4096,#4097,#4098,#4099,#4100,#4101,#4102,#4103,#4104,#4105
      ,#4106,#4107,#4108,#4109,#4110,#4111,#4112,#4113,#4114,#4115,#4116
      ,#4117)
    ,(#4118,#4119,#4120,#4121,#4122,#4123,#4124,#4125,#4126,#4127,#4128
      ,#4129,#4130,#4131,#4132,#4133,#4134,#4135,#4136,#4137,#4138,#4139
      ,#4140)
    ,(#4141,#4142,#4143,#4144,#4145,#4146,#4147,#4148,#4149,#4150,#4151
      ,#4152,#4153,#4154,#4155,#4156,#4157,#4158,#4159,#4160,#4161,#4162
      ,#4163)
    ,(#4164,#4165,#4166,#4167,#4168,#4169,#4170,#4171,#4172,#4173,#4174
      ,#4175,#4176,#4177,#4178,#4179,#4180,#4181,#4182,#4183,#4184,#4185
      ,#4186)
    ,(#4187,#4188,#4189,#4190,#4191,#4192,#4193,#4194,#4195,#4196,#4197
      ,#4198,#4199,#4200,#4201,#4202,#4203,#4204,#4205,#4206,#4207,#4208
      ,#4209)
    ,(#4210,#4211,#4212,#4213,#4214,#4215,#4216,#4217,#4218,#4219,#4220
      ,#4221,#4222,#4223,#4224,#4225,#4226,#4227,#4228,#4229,#4230,#4231
      ,#4232)
    ,(#4233,#4234,#4235,#4236,#4237,#4238,#4239,#4240,#4241,#4242,#4243
      ,#4244,#4245,#4246,#4247,#4248,#4249,#4250,#4251,#4252,#4253,#4254
      ,#4255)
    ,(#4256,#4257,#4258,#4259,#4260,#4261,#4262,#4263,#4264,#4265,#4266
      ,#4267,#4268,#4269,#4270,#4271,#4272,#4273,#4274,#4275,#4276,#4277
      ,#4278)
    ,(#4279,#4280,#4281,#4282,#4283,#4284,#4285,#4286,#4287,#4288,#4289
      ,#4290,#4291,#4292,#4293,#4294,#4295,#4296,#4297,#4298,#4299,#4300
      ,#4301)
    ,(#4302,#4303,#4304,#4305,#4306,#4307,#4308,#4309,#4310,#4311,#4312
      ,#4313,#4314,#4315,#4316,#4317,#4318,#4319,#4320,#4321,#4322,#4323
      ,#4324)
    ,(#4325,#4326,#4327,#4328,#4329,#4330,#4331,#4332,#4333,#4334,#4335
      ,#4336,#4337,#4338,#4339,#4340,#4341,#4342,#4343,#4344,#4345,#4346
      ,#4347)
    ,(#4348,#4349,#4350,#4351,#4352,#4353,#4354,#4355,#4356,#4357,#4358
      ,#4359,#4360,#4361,#4362,#4363,#4364,#4365,#4366,#4367,#4368,#4369
      ,#4370)
    ,(#4371,#4372,#4373,#4374,#4375,#4376,#4377,#4378,#4379,#4380,#4381
      ,#4382,#4383,#4384,#4385,#4386,#4387,#4388,#4389,#4390,#4391,#4392
      ,#4393)
    ,(#4394,#4395,#4396,#4397,#4398,#4399,#4400,#4401,#4402,#4403,#4404
      ,#4405,#4406,#4407,#4408,#4409,#4410,#4411,#4412,#4413,#4414,#4415
      ,#4416)
    ,(#4417,#4418,#4419,#4420,#4421,#4422,#4423,#4424,#4425,#4426,#4427
      ,#4428,#4429,#4430,#4431,#4432,#4433,#4434,#4435,#4436,#4437,#4438
      ,#4439)
    ,(#4440,#4441,#4442,#4443,#4444,#4445,#4446,#4447,#4448,#4449,#4450
      ,#4451,#4452,#4453,#4454,#4455,#4456,#4457,#4458,#4459,#4460,#4461
      ,#4462)
    ,(#4463,#4464,#4465,#4466,#4467,#4468,#4469,#4470,#4471,#4472,#4473
      ,#4474,#4475,#4476,#4477,#4478,#4479,#4480,#4481,#4482,#4483,#4484
      ,#4485)
    ,(#4486,#4487,#4488,#4489,#4490,#4491,#4492,#4493,#4494,#4495,#4496
      ,#4497,#4498,#4499,#4500,#4501,#4502,#4503,#4504,#4505,#4506,#4507
      ,#4508)
    ,(#4509,#4510,#4511,#4512,#4513,#4514,#4515,#4516,#4517,#4518,#4519
      ,#4520,#4521,#4522,#4523,#4524,#4525,#4526,#4527,#4528,#4529,#4530
      ,#4531)
    ,(#4532,#4533,#4534,#4535,#4536,#4537,#4538,#4539,#4540,#4541,#4542
      ,#4543,#4544,#4545,#4546,#4547,#4548,#4549,#4550,#4551,#4552,#4553
      ,#4554)
    ,(#4555,#4556,#4557,#4558,#4559,#4560,#4561,#4562,#4563,#4564,#4565
      ,#4566,#4567,#4568,#4569,#4570,#4571,#4572,#4573,#4574,#4575,#4576
      ,#4577)
    ,(#4578,#4579,#4580,#4581,#4582,#4583,#4584,#4585,#4586,#4587,#4588
      ,#4589,#4590,#4591,#4592,#4593,#4594,#4595,#4596,#4597,#4598,#4599
      ,#4600)
    ,(#4601,#4602,#4603,#4604,#4605,#4606,#4607,#4608,#4609,#4610,#4611
      ,#4612,#4613,#4614,#4615,#4616,#4617,#4618,#4619,#4620,#4621,#4622
      ,#4623
    )),.UNSPECIFIED.,.F.,.F.,.F.,(4,1,1,1,1,1,1,1,1,1,1,1,1,1,1,1,1,1,1,
    1,4),(4,1,1,1,1,1,1,1,1,1,1,1,1,1,1,1,1,1,1,1,4),(-42.62112152446,
    -38.35900937202,-34.09689721958,-29.83478506713,-25.57267291469,
    -21.31056076225,-17.04844860981,-12.78633645736,-8.524224304925,
    -4.262112152482,-3.962696837334E-11,4.262112152403,8.524224304846,
    12.786336457289,17.048448609731,21.310560762174,25.572672914617,
    29.834785067059,34.096897219502,38.359009371945,42.621121524387),(
    -49.2146319706,-44.29316877354,-39.37170557648,-34.45024237942,
    -29.52877918236,-24.6073159853,-19.68585278825,-14.76438959119,
    -9.842926394134,-4.921463197076,-1.718802877804E-11,4.921463197041,
    9.8429263941,14.764389591158,19.685852788216,24.607315985275,
    29.528779182333,34.450242379391,39.37170557645,44.293168773508,
    49.214631970566),.UNSPECIFIED.);
#4095 = CARTESIAN_POINT('',(3.321172439928,-2.603704866851,
    3.540160325137));
#4096 = CARTESIAN_POINT('',(3.352009392928,-2.693742767548,
    3.599363584607));
#4097 = CARTESIAN_POINT('',(3.382929295636,-2.783977976168,
    3.658560289401));
#4098 = CARTESIAN_POINT('',(3.413817749857,-2.874577032583,
    3.717611621955));
#4099 = CARTESIAN_POINT('',(3.444047469376,-2.965360984514,
    3.776038163994));
#4100 = CARTESIAN_POINT('',(3.472145004042,-3.05534204848,3.832660748921
    ));
#4101 = CARTESIAN_POINT('',(3.495613320778,-3.14233213794,3.885282055647
    ));
#4102 = CARTESIAN_POINT('',(3.511239839151,-3.223404331981,
    3.931134595727));
#4103 = CARTESIAN_POINT('',(3.515913030789,-3.296619143321,
    3.968408275204));
#4104 = CARTESIAN_POINT('',(3.507935240629,-3.360264382593,3.99531266558
    ));
#4105 = CARTESIAN_POINT('',(3.487781133568,-3.413475648547,
    4.011275731083));
#4106 = CARTESIAN_POINT('',(3.456085926301,-3.456085511539,
    4.016534885968));
#4107 = CARTESIAN_POINT('',(3.413476105553,-3.487780806758,
    4.011275631522));
#4108 = CARTESIAN_POINT('',(3.360264794773,-3.507935016961,
    3.995312516444));
#4109 = CARTESIAN_POINT('',(3.296619407943,-3.515912906271,
    3.968408147008));
#4110 = CARTESIAN_POINT('',(3.223404389827,-3.511239794524,
    3.931134535146));
#4111 = CARTESIAN_POINT('',(3.142331978963,-3.49561333013,3.885282083835
    ));
#4112 = CARTESIAN_POINT('',(3.0553417139,-3.472145043398,3.83266084689)
  );
#4113 = CARTESIAN_POINT('',(2.965360494383,-3.444047524026,
    3.776038329969));
#4114 = CARTESIAN_POINT('',(2.874576391745,-3.413817811181,
    3.717611863015));
#4115 = CARTESIAN_POINT('',(2.783977187756,-3.382929358257,
    3.658560610128));
#4116 = CARTESIAN_POINT('',(2.693741835224,-3.352009453858,
    3.599363985854));
#4117 = CARTESIAN_POINT('',(2.603703792759,-3.321172498069,
    3.540160806488));
#4118 = CARTESIAN_POINT('',(3.366107907675,-2.645219441649,
    3.526209968724));
#4119 = CARTESIAN_POINT('',(3.389106138885,-2.729282344231,
    3.580087390485));
#4120 = CARTESIAN_POINT('',(3.412020816677,-2.813264196294,
    3.633746135895));
#4121 = CARTESIAN_POINT('',(3.434644844343,-2.8970085294,3.686801161773)
  );
#4122 = CARTESIAN_POINT('',(3.456613290736,-2.980351825639,
    3.738810757001));
#4123 = CARTESIAN_POINT('',(3.477296803379,-3.06322079031,3.789417047139
    ));
#4124 = CARTESIAN_POINT('',(3.495383399684,-3.145272557296,
    3.838052377661));
#4125 = CARTESIAN_POINT('',(3.507674460803,-3.224086554381,
    3.882287411118));
#4126 = CARTESIAN_POINT('',(3.509196695685,-3.293620929121,
    3.916305073984));
#4127 = CARTESIAN_POINT('',(3.500222310071,-3.35320211344,3.93937680347)
  );
#4128 = CARTESIAN_POINT('',(3.478923444338,-3.404211407166,
    3.952844838356));
#4129 = CARTESIAN_POINT('',(3.446455826958,-3.446455517064,
    3.957301424047));
#4130 = CARTESIAN_POINT('',(3.404211773899,-3.478923209932,
    3.952844730177));
#4131 = CARTESIAN_POINT('',(3.353202492258,-3.500222158766,
    3.939376619385));
#4132 = CARTESIAN_POINT('',(3.29362119567,-3.509196624698,3.916304918848
    ));
#4133 = CARTESIAN_POINT('',(3.224086573515,-3.50767444612,3.882287395587
    ));
#4134 = CARTESIAN_POINT('',(3.145272436842,-3.495383407413,
    3.838052399025));
#4135 = CARTESIAN_POINT('',(3.063220538771,-3.477296825607,3.78941711803
    ));
#4136 = CARTESIAN_POINT('',(2.980351432559,-3.456613319767,
    3.738810900779));
#4137 = CARTESIAN_POINT('',(2.897008007202,-3.434644871151,
    3.686801377676));
#4138 = CARTESIAN_POINT('',(2.813263560622,-3.412020834708,
    3.633746417291));
#4139 = CARTESIAN_POINT('',(2.729281604111,-3.389106144964,
    3.580087732995));
#4140 = CARTESIAN_POINT('',(2.645218600072,-3.366107900867,
    3.526210370755));
#4141 = CARTESIAN_POINT('',(3.410960425714,-2.686536708523,
    3.512266166987));
#4142 = CARTESIAN_POINT('',(3.426400232664,-2.764852688922,
    3.560943459229));
#4143 = CARTESIAN_POINT('',(3.441625225738,-2.842895908572,
    3.609272583098));
#4144 = CARTESIAN_POINT('',(3.456318102767,-2.920248857416,
    3.656690449916));
#4145 = CARTESIAN_POINT('',(3.470202695017,-2.996542969828,
    3.702601504499));
#4146 = CARTESIAN_POINT('',(3.483164150079,-3.071838366505,
    3.746743512713));
#4147 = CARTESIAN_POINT('',(3.495052426651,-3.147225543016,
    3.789865305241));
#4148 = CARTESIAN_POINT('',(3.502695209048,-3.224541478869,
    3.833420561007));
#4149 = CARTESIAN_POINT('',(3.50030804064,-3.289774926803,3.862983480055
    ));
#4150 = CARTESIAN_POINT('',(3.492348827694,-3.345442872682,
    3.882631491321));
#4151 = CARTESIAN_POINT('',(3.470074485096,-3.395092900936,
    3.894465858606));
#4152 = CARTESIAN_POINT('',(3.437139090889,-3.43713887503,3.898438914708
    ));
#4153 = CARTESIAN_POINT('',(3.395093151708,-3.470074331737,
    3.894465771258));
#4154 = CARTESIAN_POINT('',(3.345443158961,-3.492348744852,3.88263131667
    ));
#4155 = CARTESIAN_POINT('',(3.289775189626,-3.500308014558,
    3.862983299644));
#4156 = CARTESIAN_POINT('',(3.224541457196,-3.502695215823,
    3.833420605201));
#4157 = CARTESIAN_POINT('',(3.147225533532,-3.495052425308,
    3.789865262371));
#4158 = CARTESIAN_POINT('',(3.071838192055,-3.483164158348,
    3.746743564886));
#4159 = CARTESIAN_POINT('',(2.996542660296,-3.47020270128,3.70260163743)
  );
#4160 = CARTESIAN_POINT('',(2.920248451619,-3.456318095908,
    3.656690641894));
#4161 = CARTESIAN_POINT('',(2.842895427687,-3.441625199682,
    3.609272822703));
#4162 = CARTESIAN_POINT('',(2.764852141676,-3.426400184762,
    3.560943741341));
#4163 = CARTESIAN_POINT('',(2.686536097317,-3.410960355055,
    3.512266490113));
#4164 = CARTESIAN_POINT('',(3.455730597752,-2.72754041007,3.498554150956
    ));
#4165 = CARTESIAN_POINT('',(3.46421256538,-2.800559987553,3.542230420534
    ));
#4166 = CARTESIAN_POINT('',(3.472413245272,-2.873225654622,
    3.585536899659));
#4167 = CARTESIAN_POINT('',(3.479948110401,-2.945016624627,
    3.627895398028));
#4168 = CARTESIAN_POINT('',(3.486521895251,-3.01540429156,3.668638341069
    ));
#4169 = CARTESIAN_POINT('',(3.492342273174,-3.084010778718,
    3.707070231856));
#4170 = CARTESIAN_POINT('',(3.499355596158,-3.151276306267,
    3.742854478705));
#4171 = CARTESIAN_POINT('',(3.50020745192,-3.221814370574,3.778839548047
    ));
#4172 = CARTESIAN_POINT('',(3.491151387644,-3.28303964676,3.805080097172
    ));
#4173 = CARTESIAN_POINT('',(3.481169007292,-3.337864805726,
    3.825017154302));
#4174 = CARTESIAN_POINT('',(3.461006398334,-3.387083804971,
    3.836684780575));
#4175 = CARTESIAN_POINT('',(3.428830190237,-3.42883003169,3.840514617528
    ));
#4176 = CARTESIAN_POINT('',(3.38708394191,-3.461006302668,3.836684732653
    ));
#4177 = CARTESIAN_POINT('',(3.337864812493,-3.481168995966,
    3.825017144517));
#4178 = CARTESIAN_POINT('',(3.283039624103,-3.491151390109,
    3.805080110354));
#4179 = CARTESIAN_POINT('',(3.221814346458,-3.50020745197,3.77883955843)
  );
#4180 = CARTESIAN_POINT('',(3.151276354217,-3.499355592275,
    3.742854468602));
#4181 = CARTESIAN_POINT('',(3.084010628048,-3.492342275284,
    3.707070316954));
#4182 = CARTESIAN_POINT('',(3.01540405823,-3.486521880644,3.668638467599
    ));
#4183 = CARTESIAN_POINT('',(2.945016340591,-3.479948070664,
    3.627895560424));
#4184 = CARTESIAN_POINT('',(2.87322533204,-3.472413177282,3.585537092012
    ));
#4185 = CARTESIAN_POINT('',(2.800559631468,-3.464212466539,
    3.542230640124));
#4186 = CARTESIAN_POINT('',(2.727540021956,-3.455730466378,
    3.498554397596));
#4187 = CARTESIAN_POINT('',(3.500633841374,-2.768387049634,3.48564732003
    ));
#4188 = CARTESIAN_POINT('',(3.502966516439,-2.83665517536,3.524461824401
    ));
#4189 = CARTESIAN_POINT('',(3.505014464303,-2.90455703163,3.562968820727
    ));
#4190 = CARTESIAN_POINT('',(3.506484136186,-2.971601752705,
    3.600698596707));
#4191 = CARTESIAN_POINT('',(3.507312293362,-3.037375290443,
    3.637138136477));
#4192 = CARTESIAN_POINT('',(3.507901174169,-3.101736196992,3.67182474566
    ));
#4193 = CARTESIAN_POINT('',(3.509381480584,-3.164845705197,
    3.704240370323));
#4194 = CARTESIAN_POINT('',(3.506941314643,-3.226837902159,
    3.731287975378));
#4195 = CARTESIAN_POINT('',(3.490509255043,-3.28254510518,3.75232685671)
  );
#4196 = CARTESIAN_POINT('',(3.47279241369,-3.333863125658,3.768639705871
    ));
#4197 = CARTESIAN_POINT('',(3.453574596163,-3.381069473475,
    3.780083608658));
#4198 = CARTESIAN_POINT('',(3.422267612374,-3.422267496268,3.7839260153)
  );
#4199 = CARTESIAN_POINT('',(3.381069614183,-3.453574525053,
    3.780083526269));
#4200 = CARTESIAN_POINT('',(3.333863085791,-3.472792432153,
    3.768639737248));
#4201 = CARTESIAN_POINT('',(3.282545118214,-3.490509254453,
    3.752326842224));
#4202 = CARTESIAN_POINT('',(3.226837911354,-3.50694131815,3.731287966742
    ));
#4203 = CARTESIAN_POINT('',(3.164845687177,-3.509381477685,
    3.704240378279));
#4204 = CARTESIAN_POINT('',(3.101736117425,-3.507901165359,
    3.671824786407));
#4205 = CARTESIAN_POINT('',(3.037375158695,-3.50731225429,3.637138236427
    ));
#4206 = CARTESIAN_POINT('',(2.971601598196,-3.50648406592,3.600698720967
    ));
#4207 = CARTESIAN_POINT('',(2.904556866218,-3.505014359863,
    3.562968960045));
#4208 = CARTESIAN_POINT('',(2.836655002415,-3.502966372698,
    3.524461981014));
#4209 = CARTESIAN_POINT('',(2.768386869802,-3.500633655368,
    3.485647496105));
#4210 = CARTESIAN_POINT('',(3.546166861901,-2.809587040973,
    3.474488864063));
#4211 = CARTESIAN_POINT('',(3.54318870454,-2.873556063818,3.508359620684
    ));
#4212 = CARTESIAN_POINT('',(3.539969210339,-2.937201456144,3.54208746572
    ));
#4213 = CARTESIAN_POINT('',(3.5363725102,-3.000143434018,3.575410558902)
  );
#4214 = CARTESIAN_POINT('',(3.532576612642,-3.062077369215,3.60795885525
    ));
#4215 = CARTESIAN_POINT('',(3.529051441934,-3.122725835192,
    3.639081441074));
#4216 = CARTESIAN_POINT('',(3.525833113196,-3.18151480645,3.667189570935
    ));
#4217 = CARTESIAN_POINT('',(3.517982272695,-3.236123654222,
    3.689748585804));
#4218 = CARTESIAN_POINT('',(3.496458698311,-3.286366256983,
    3.704632403085));
#4219 = CARTESIAN_POINT('',(3.472048389862,-3.333541780354,
    3.716584954966));
#4220 = CARTESIAN_POINT('',(3.448046656974,-3.378118966127,
    3.725455635857));
#4221 = CARTESIAN_POINT('',(3.41853336981,-3.418533341691,3.729426320968
    ));
#4222 = CARTESIAN_POINT('',(3.378118956386,-3.448046663379,
    3.725455632469));
#4223 = CARTESIAN_POINT('',(3.333541760939,-3.472048400285,
    3.716584970114));
#4224 = CARTESIAN_POINT('',(3.286366344932,-3.496458651985,
    3.704632349422));
#4225 = CARTESIAN_POINT('',(3.236123621058,-3.517982269079,3.68974862326
    ));
#4226 = CARTESIAN_POINT('',(3.181514841863,-3.525833121056,
    3.667189530172));
#4227 = CARTESIAN_POINT('',(3.122725790299,-3.529051401804,
    3.639081533946));
#4228 = CARTESIAN_POINT('',(3.062077332951,-3.532576549025,3.60795893236
    ));
#4229 = CARTESIAN_POINT('',(3.00014340653,-3.536372418068,3.57541063004)
  );
#4230 = CARTESIAN_POINT('',(2.937201438562,-3.539969077885,
    3.542087546559));
#4231 = CARTESIAN_POINT('',(2.873556057595,-3.543188524169,
    3.508359717873));
#4232 = CARTESIAN_POINT('',(2.809587045603,-3.546166631974,
    3.474488979182));
#4233 = CARTESIAN_POINT('',(3.593111091853,-2.852017067303,
    3.466329480953));
#4234 = CARTESIAN_POINT('',(3.585414569965,-2.911805060682,
    3.494807963492));
#4235 = CARTESIAN_POINT('',(3.577587500831,-2.971393527113,3.52345525762
    ));
#4236 = CARTESIAN_POINT('',(3.569594085456,-3.030508260645,
    3.552291476078));
#4237 = CARTESIAN_POINT('',(3.561589112744,-3.088829249912,
    3.581013821471));
#4238 = CARTESIAN_POINT('',(3.553651656408,-3.145641458914,
    3.608723079389));
#4239 = CARTESIAN_POINT('',(3.546332197991,-3.199563625576,3.63384949378
    ));
#4240 = CARTESIAN_POINT('',(3.532548679784,-3.248952775575,
    3.651981051262));
#4241 = CARTESIAN_POINT('',(3.505718450486,-3.294187064552,
    3.661648756283));
#4242 = CARTESIAN_POINT('',(3.474927786869,-3.336044695591,
    3.667834722754));
#4243 = CARTESIAN_POINT('',(3.447124612918,-3.377413643565,
    3.673526560539));
#4244 = CARTESIAN_POINT('',(3.416582562965,-3.416582568772,
    3.676826595279));
#4245 = CARTESIAN_POINT('',(3.377413641987,-3.447124615499,
    3.673526563831));
#4246 = CARTESIAN_POINT('',(3.336044715188,-3.474927773203,
    3.667834713375));
#4247 = CARTESIAN_POINT('',(3.29418712384,-3.505718426825,3.661648729074
    ));
#4248 = CARTESIAN_POINT('',(3.248952796872,-3.532548676783,
    3.651981044088));
#4249 = CARTESIAN_POINT('',(3.19956360052,-3.546332202482,3.633849507241
    ));
#4250 = CARTESIAN_POINT('',(3.145641521091,-3.553651630532,
    3.608723047366));
#4251 = CARTESIAN_POINT('',(3.088829309168,-3.561589053486,3.58101381646
    ));
#4252 = CARTESIAN_POINT('',(3.030508338333,-3.569593986535,
    3.552291486825));
#4253 = CARTESIAN_POINT('',(2.971393634051,-3.577587347439,
    3.523455286433));
#4254 = CARTESIAN_POINT('',(2.911805194285,-3.58541436266,3.494808010915
    ));
#4255 = CARTESIAN_POINT('',(2.852017222918,-3.59311083631,3.466329546247
    ));
#4256 = CARTESIAN_POINT('',(3.642489300587,-2.896877442358,
    3.462562780183));
#4257 = CARTESIAN_POINT('',(3.63007408526,-2.952000727125,3.484809935619
    ));
#4258 = CARTESIAN_POINT('',(3.61786547561,-3.007292687777,3.507742824117
    ));
#4259 = CARTESIAN_POINT('',(3.605837799216,-3.062535622982,
    3.531882408409));
#4260 = CARTESIAN_POINT('',(3.59405781536,-3.117246215296,3.557154233082
    ));
#4261 = CARTESIAN_POINT('',(3.582335985169,-3.170199680681,
    3.582624526806));
#4262 = CARTESIAN_POINT('',(3.569475598524,-3.21964063533,3.603976469277
    ));
#4263 = CARTESIAN_POINT('',(3.548342996906,-3.264164421926,
    3.616277837877));
#4264 = CARTESIAN_POINT('',(3.515822416941,-3.30469240218,3.620744858421
    ));
#4265 = CARTESIAN_POINT('',(3.47953541135,-3.342918787011,3.621699377287
    ));
#4266 = CARTESIAN_POINT('',(3.447611422989,-3.378056037859,
    3.622560378893));
#4267 = CARTESIAN_POINT('',(3.416085018984,-3.416085017549,
    3.624607614639));
#4268 = CARTESIAN_POINT('',(3.378056042889,-3.447611416783,3.6225603776)
  );
#4269 = CARTESIAN_POINT('',(3.342918784807,-3.479535408272,
    3.621699333793));
#4270 = CARTESIAN_POINT('',(3.304692416174,-3.515822405272,
    3.620744814122));
#4271 = CARTESIAN_POINT('',(3.264164443233,-3.548342961089,
    3.616277819052));
#4272 = CARTESIAN_POINT('',(3.219640636038,-3.569475615682,
    3.603976469715));
#4273 = CARTESIAN_POINT('',(3.170199671664,-3.582335967513,
    3.582624530646));
#4274 = CARTESIAN_POINT('',(3.117246286437,-3.594057795631,
    3.557154176922));
#4275 = CARTESIAN_POINT('',(3.062535765325,-3.605837704005,
    3.531882374118));
#4276 = CARTESIAN_POINT('',(3.007292884236,-3.61786530526,3.507742815303
    ));
#4277 = CARTESIAN_POINT('',(2.952000960719,-3.630073866457,
    3.484809945553));
#4278 = CARTESIAN_POINT('',(2.896877706333,-3.642489046967,
    3.462562806723));
#4279 = CARTESIAN_POINT('',(3.695454804708,-2.945568006817,
    3.464413559644));
#4280 = CARTESIAN_POINT('',(3.677502474715,-2.994816303323,
    3.479517318715));
#4281 = CARTESIAN_POINT('',(3.66060868661,-3.045104186785,3.495943703031
    ));
#4282 = CARTESIAN_POINT('',(3.644868303934,-3.096459936069,
    3.515320833087));
#4283 = CARTESIAN_POINT('',(3.629281454257,-3.147636228005,3.53817080744
    ));
#4284 = CARTESIAN_POINT('',(3.61321145506,-3.196790280135,3.560953480597
    ));
#4285 = CARTESIAN_POINT('',(3.593111937713,-3.241393940003,
    3.575855590669));
#4286 = CARTESIAN_POINT('',(3.563755736275,-3.280557097992,
    3.581413523337));
#4287 = CARTESIAN_POINT('',(3.527467071604,-3.316211255259,
    3.580811925769));
#4288 = CARTESIAN_POINT('',(3.48837499094,-3.349368403886,3.57733032917)
  );
#4289 = CARTESIAN_POINT('',(3.450281101616,-3.380788597932,
    3.573221836969));
#4290 = CARTESIAN_POINT('',(3.41506557135,-3.415065577675,3.571026228036
    ));
#4291 = CARTESIAN_POINT('',(3.380788599699,-3.450281106855,
    3.573221830214));
#4292 = CARTESIAN_POINT('',(3.349368398639,-3.488374993103,
    3.577330294707));
#4293 = CARTESIAN_POINT('',(3.316211244562,-3.527467078765,
    3.580811882137));
#4294 = CARTESIAN_POINT('',(3.280557085352,-3.563755767214,
    3.581413473311));
#4295 = CARTESIAN_POINT('',(3.241393940792,-3.59311190236,3.575855613093
    ));
#4296 = CARTESIAN_POINT('',(3.196790264143,-3.613211503182,
    3.560953450238));
#4297 = CARTESIAN_POINT('',(3.147636268313,-3.629281470431,
    3.538170789287));
#4298 = CARTESIAN_POINT('',(3.096460086723,-3.644868194467,
    3.515320807061));
#4299 = CARTESIAN_POINT('',(3.045104414753,-3.660608510429,
    3.495943678454));
#4300 = CARTESIAN_POINT('',(2.994816577404,-3.677502276382,
    3.479517304023));
#4301 = CARTESIAN_POINT('',(2.945568332033,-3.69545458411,3.464413559187
    ));
#4302 = CARTESIAN_POINT('',(3.752954315145,-2.999319925477,
    3.472420884166));
#4303 = CARTESIAN_POINT('',(3.728267240721,-3.04131140667,3.480246664755
    ));
#4304 = CARTESIAN_POINT('',(3.705530254061,-3.085298888902,
    3.489646850331));
#4305 = CARTESIAN_POINT('',(3.686707381932,-3.13325710801,3.504606809935
    ));
#4306 = CARTESIAN_POINT('',(3.666700157149,-3.180815023997,
    3.526337119614));
#4307 = CARTESIAN_POINT('',(3.64413331265,-3.225212669874,3.540722894007
    ));
#4308 = CARTESIAN_POINT('',(3.615900367607,-3.264120900616,
    3.547520803916));
#4309 = CARTESIAN_POINT('',(3.580419287954,-3.298237578434,
    3.546593157434));
#4310 = CARTESIAN_POINT('',(3.540824082713,-3.329450701023,
    3.541723135809));
#4311 = CARTESIAN_POINT('',(3.499695295793,-3.359287053603,
    3.535396264599));
#4312 = CARTESIAN_POINT('',(3.459468086362,-3.389512023307,
    3.529697105037));
#4313 = CARTESIAN_POINT('',(3.422542017783,-3.422542022988,
    3.527190339848));
#4314 = CARTESIAN_POINT('',(3.389512019416,-3.459468091484,
    3.529697094577));
#4315 = CARTESIAN_POINT('',(3.359287044907,-3.499695294347,
    3.535396248245));
#4316 = CARTESIAN_POINT('',(3.329450685975,-3.540824058832,
    3.541723137314));
#4317 = CARTESIAN_POINT('',(3.29823757017,-3.580419201411,3.546593220987
    ));
#4318 = CARTESIAN_POINT('',(3.26412092571,-3.615900191755,3.54752094134)
  );
#4319 = CARTESIAN_POINT('',(3.225212677814,-3.644133309819,
    3.540722888104));
#4320 = CARTESIAN_POINT('',(3.180815003158,-3.66670017617,3.526337126487
    ));
#4321 = CARTESIAN_POINT('',(3.133257186502,-3.686707259088,
    3.504606815723));
#4322 = CARTESIAN_POINT('',(3.08529905722,-3.705530129725,3.489646824394
    ));
#4323 = CARTESIAN_POINT('',(3.041311645548,-3.728267111938,
    3.480246641341));
#4324 = CARTESIAN_POINT('',(2.99932026707,-3.752954148591,3.47242087129)
  );
#4325 = CARTESIAN_POINT('',(3.814876000935,-3.058324776179,
    3.485801193334));
#4326 = CARTESIAN_POINT('',(3.783899564017,-3.093556962649,
    3.488009030469));
#4327 = CARTESIAN_POINT('',(3.753438038428,-3.129623260998,
    3.491547324272));
#4328 = CARTESIAN_POINT('',(3.730962670154,-3.174686945037,
    3.504478991164));
#4329 = CARTESIAN_POINT('',(3.7046956625,-3.216884329617,3.514297214891)
  );
#4330 = CARTESIAN_POINT('',(3.674028314123,-3.255220832416,
    3.518719629892));
#4331 = CARTESIAN_POINT('',(3.638935304164,-3.288578967375,
    3.517988435405));
#4332 = CARTESIAN_POINT('',(3.599054054868,-3.317893541561,
    3.512308355146));
#4333 = CARTESIAN_POINT('',(3.556393150634,-3.345369717309,
    3.504378894419));
#4334 = CARTESIAN_POINT('',(3.513423388884,-3.372755177266,
    3.496254775025));
#4335 = CARTESIAN_POINT('',(3.472265907992,-3.402011708419,
    3.490035207233));
#4336 = CARTESIAN_POINT('',(3.434867964798,-3.43486796446,3.487681905702
    ));
#4337 = CARTESIAN_POINT('',(3.402011705852,-3.472265903542,
    3.490035200741));
#4338 = CARTESIAN_POINT('',(3.372755171302,-3.513423373781,
    3.496254775099));
#4339 = CARTESIAN_POINT('',(3.345369707999,-3.556393108647,
    3.504378920596));
#4340 = CARTESIAN_POINT('',(3.317893530695,-3.599053972889,
    3.512308418051));
#4341 = CARTESIAN_POINT('',(3.288578958025,-3.638935227581,
    3.517988496457));
#4342 = CARTESIAN_POINT('',(3.255220853796,-3.674028289299,
    3.518719630539));
#4343 = CARTESIAN_POINT('',(3.216884338097,-3.704695668883,
    3.514297210061));
#4344 = CARTESIAN_POINT('',(3.174686925209,-3.730962667775,
    3.504478999975));
#4345 = CARTESIAN_POINT('',(3.129623210967,-3.753438100472,
    3.491547307115));
#4346 = CARTESIAN_POINT('',(3.09355711569,-3.783899526187,3.488009017532
    ));
#4347 = CARTESIAN_POINT('',(3.058325086521,-3.814875899489,
    3.485801181094));
#4348 = CARTESIAN_POINT('',(3.879157943352,-3.120778135723,
    3.502196521746));
#4349 = CARTESIAN_POINT('',(3.845916161197,-3.153644550124,
    3.501403533808));
#4350 = CARTESIAN_POINT('',(3.812814447921,-3.186351070731,
    3.500005937016));
#4351 = CARTESIAN_POINT('',(3.778530274954,-3.221030087755,
    3.500101707066));
#4352 = CARTESIAN_POINT('',(3.742586478528,-3.25550175858,3.499178239962
    ));
#4353 = CARTESIAN_POINT('',(3.705563360708,-3.287859851178,
    3.495953956655));
#4354 = CARTESIAN_POINT('',(3.664997659569,-3.315769059379,
    3.489901661603));
#4355 = CARTESIAN_POINT('',(3.620913949432,-3.340583590013,3.48067644989
    ));
#4356 = CARTESIAN_POINT('',(3.574819360478,-3.364688680032,
    3.470080571794));
#4357 = CARTESIAN_POINT('',(3.529521928958,-3.389202190191,
    3.459783330383));
#4358 = CARTESIAN_POINT('',(3.48757927407,-3.417404756792,3.453025028263
    ));
#4359 = CARTESIAN_POINT('',(3.450108807836,-3.450108798882,
    3.450710370792));
#4360 = CARTESIAN_POINT('',(3.41740476001,-3.487579256824,3.453025024729
    ));
#4361 = CARTESIAN_POINT('',(3.389202189619,-3.529521903937,3.4597833332)
  );
#4362 = CARTESIAN_POINT('',(3.364688677548,-3.574819338193,
    3.470080590048));
#4363 = CARTESIAN_POINT('',(3.340583583516,-3.620913907212,3.48067647634
    ));
#4364 = CARTESIAN_POINT('',(3.315769050261,-3.664997654541,
    3.489901668767));
#4365 = CARTESIAN_POINT('',(3.287859711705,-3.705563463731,
    3.495953977819));
#4366 = CARTESIAN_POINT('',(3.255501751158,-3.74258649214,3.499178233783
    ));
#4367 = CARTESIAN_POINT('',(3.22103010704,-3.77853026479,3.500101704958)
  );
#4368 = CARTESIAN_POINT('',(3.186351096751,-3.812814415478,
    3.500005941653));
#4369 = CARTESIAN_POINT('',(3.153644675357,-3.84591614428,3.501403535643
    ));
#4370 = CARTESIAN_POINT('',(3.120778332267,-3.879157941441,
    3.502196513655));
#4371 = CARTESIAN_POINT('',(3.943223312343,-3.184041469033,3.51791844733
    ));
#4372 = CARTESIAN_POINT('',(3.907869703718,-3.215979699516,
    3.513641592215));
#4373 = CARTESIAN_POINT('',(3.872009864463,-3.247900035019,
    3.507411665583));
#4374 = CARTESIAN_POINT('',(3.826717673676,-3.270611389396,
    3.495921164779));
#4375 = CARTESIAN_POINT('',(3.782830527877,-3.295351356684,
    3.486333874839));
#4376 = CARTESIAN_POINT('',(3.739142550611,-3.321222350589,
    3.477071280614));
#4377 = CARTESIAN_POINT('',(3.69442853419,-3.345544315035,3.466572357279
    ));
#4378 = CARTESIAN_POINT('',(3.646791399406,-3.36782409533,3.454459494151
    ));
#4379 = CARTESIAN_POINT('',(3.597097456399,-3.387913860764,
    3.440085049655));
#4380 = CARTESIAN_POINT('',(3.548127456302,-3.408290640987,
    3.425996896222));
#4381 = CARTESIAN_POINT('',(3.505478002446,-3.435594967497,
    3.418576837181));
#4382 = CARTESIAN_POINT('',(3.468054048746,-3.468054033076,
    3.416165827875));
#4383 = CARTESIAN_POINT('',(3.435594976186,-3.505477979775,
    3.418576833489));
#4384 = CARTESIAN_POINT('',(3.408290643748,-3.54812742607,3.425996891475
    ));
#4385 = CARTESIAN_POINT('',(3.387913857659,-3.597097461118,
    3.440085055568));
#4386 = CARTESIAN_POINT('',(3.36782408928,-3.646791402834,3.454459497422
    ));
#4387 = CARTESIAN_POINT('',(3.345544320353,-3.694428534436,
    3.466572351335));
#4388 = CARTESIAN_POINT('',(3.321222382357,-3.739142521798,
    3.477071277788));
#4389 = CARTESIAN_POINT('',(3.295351392685,-3.782830502148,
    3.486333876535));
#4390 = CARTESIAN_POINT('',(3.270611364602,-3.826717689355,3.49592117176
    ));
#4391 = CARTESIAN_POINT('',(3.247899902828,-3.872009932409,3.50741165638
    ));
#4392 = CARTESIAN_POINT('',(3.215979643059,-3.907869797535,
    3.513641587549));
#4393 = CARTESIAN_POINT('',(3.184041480081,-3.943223431498,
    3.517918440886));
#4394 = CARTESIAN_POINT('',(4.004355208973,-3.245636134827,
    3.529883156869));
#4395 = CARTESIAN_POINT('',(3.96266055003,-3.272135438416,3.520977857839
    ));
#4396 = CARTESIAN_POINT('',(3.918958319177,-3.296611617828,
    3.511402098584));
#4397 = CARTESIAN_POINT('',(3.870851345164,-3.316242003536,
    3.499671304745));
#4398 = CARTESIAN_POINT('',(3.822397354886,-3.336814658057,
    3.481048554261));
#4399 = CARTESIAN_POINT('',(3.773449409253,-3.357255404328,
    3.463649996106));
#4400 = CARTESIAN_POINT('',(3.725024811945,-3.377985140611,
    3.448261070844));
#4401 = CARTESIAN_POINT('',(3.676009386087,-3.397595262504,
    3.432559091769));
#4402 = CARTESIAN_POINT('',(3.624616213301,-3.415966903354,
    3.415971295411));
#4403 = CARTESIAN_POINT('',(3.570816125156,-3.432147532807,3.39720099771
    ));
#4404 = CARTESIAN_POINT('',(3.52685509321,-3.457033618297,3.387319941646
    ));
#4405 = CARTESIAN_POINT('',(3.4890523601,-3.489052340909,3.384309693345)
  );
#4406 = CARTESIAN_POINT('',(3.457033626833,-3.526855076155,
    3.387319943264));
#4407 = CARTESIAN_POINT('',(3.432147535646,-3.570816144648,
    3.397200992568));
#4408 = CARTESIAN_POINT('',(3.415966902559,-3.624616210298,
    3.415971295947));
#4409 = CARTESIAN_POINT('',(3.397595266316,-3.676009385991,
    3.432559087745));
#4410 = CARTESIAN_POINT('',(3.377985141332,-3.725024813243,
    3.448261074301));
#4411 = CARTESIAN_POINT('',(3.357255361732,-3.773449434804,
    3.463650005474));
#4412 = CARTESIAN_POINT('',(3.336814615089,-3.822397404597,
    3.481048522378));
#4413 = CARTESIAN_POINT('',(3.316241697929,-3.870851595827,
    3.499671318758));
#4414 = CARTESIAN_POINT('',(3.296611248328,-3.918958604496,
    3.511402098023));
#4415 = CARTESIAN_POINT('',(3.272135149009,-3.962660810431,
    3.520977849515));
#4416 = CARTESIAN_POINT('',(3.245635927434,-4.004355458356,
    3.529883150677));
#4417 = CARTESIAN_POINT('',(4.06034296494,-3.303101386802,3.536959908663
    ));
#4418 = CARTESIAN_POINT('',(4.011557809809,-3.322961426387,
    3.522504860117));
#4419 = CARTESIAN_POINT('',(3.961623314888,-3.341576137102,
    3.507417637595));
#4420 = CARTESIAN_POINT('',(3.910213384894,-3.358689752883,
    3.490168661894));
#4421 = CARTESIAN_POINT('',(3.857910110171,-3.375393850444,
    3.469059703898));
#4422 = CARTESIAN_POINT('',(3.805384971385,-3.392018296197,
    3.447424818698));
#4423 = CARTESIAN_POINT('',(3.75340668459,-3.408478826491,3.4263343842)
  );
#4424 = CARTESIAN_POINT('',(3.701624716239,-3.424978988974,
    3.407340776343));
#4425 = CARTESIAN_POINT('',(3.649050240549,-3.439917933814,
    3.387690319665));
#4426 = CARTESIAN_POINT('',(3.59706683782,-3.455603787725,3.368998532737
    ));
#4427 = CARTESIAN_POINT('',(3.551766870844,-3.48059272242,3.35841467953)
  );
#4428 = CARTESIAN_POINT('',(3.513001936478,-3.513001919819,
    3.355029311331));
#4429 = CARTESIAN_POINT('',(3.48059272194,-3.551766830581,3.358414694021
    ));
#4430 = CARTESIAN_POINT('',(3.45560377508,-3.597066768946,3.368998556014
    ));
#4431 = CARTESIAN_POINT('',(3.439917934387,-3.649050257738,
    3.387690317078));
#4432 = CARTESIAN_POINT('',(3.42497899027,-3.701624699735,3.407340778501
    ));
#4433 = CARTESIAN_POINT('',(3.408478811205,-3.753406670963,
    3.426334394988));
#4434 = CARTESIAN_POINT('',(3.392018220892,-3.805385057049,
    3.447424819695));
#4435 = CARTESIAN_POINT('',(3.375393679512,-3.857910286245,
    3.469059659405));
#4436 = CARTESIAN_POINT('',(3.358689411853,-3.910213693283,
    3.490168617756));
#4437 = CARTESIAN_POINT('',(3.341575704714,-3.961623688318,
    3.507417605108));
#4438 = CARTESIAN_POINT('',(3.322960988974,-4.011558191455,
    3.522504842289));
#4439 = CARTESIAN_POINT('',(3.303100975007,-4.06034334187,3.536959908752
    ));
#4440 = CARTESIAN_POINT('',(4.110983483853,-3.355999602834,
    3.538688421234));
#4441 = CARTESIAN_POINT('',(4.056220769743,-3.370107737243,
    3.518130002167));
#4442 = CARTESIAN_POINT('',(4.001161441755,-3.383923645021,
    3.496971673349));
#4443 = CARTESIAN_POINT('',(3.945734025237,-3.397444747134,
    3.474375025554));
#4444 = CARTESIAN_POINT('',(3.889879517353,-3.410543146484,
    3.450088261734));
#4445 = CARTESIAN_POINT('',(3.834029727229,-3.42330908065,3.424948477424
    ));
#4446 = CARTESIAN_POINT('',(3.77868513668,-3.435727593689,3.400412589641
    ));
#4447 = CARTESIAN_POINT('',(3.724454827912,-3.448188840681,
    3.377817324658));
#4448 = CARTESIAN_POINT('',(3.671335496792,-3.460493200536,
    3.356700372429));
#4449 = CARTESIAN_POINT('',(3.621465472488,-3.478380494846,
    3.339932614179));
#4450 = CARTESIAN_POINT('',(3.576954327923,-3.504934050371,
    3.329864245603));
#4451 = CARTESIAN_POINT('',(3.538078031227,-3.538078022148,
    3.326511415254));
#4452 = CARTESIAN_POINT('',(3.504934049602,-3.576954311154,
    3.329864253272));
#4453 = CARTESIAN_POINT('',(3.478380488417,-3.621465459515,
    3.339932635856));
#4454 = CARTESIAN_POINT('',(3.460493200169,-3.671335493891,
    3.356700368407));
#4455 = CARTESIAN_POINT('',(3.448188843286,-3.724454830616,
    3.377817323624));
#4456 = CARTESIAN_POINT('',(3.435727568308,-3.778685227794,
    3.400412594461));
#4457 = CARTESIAN_POINT('',(3.423308994361,-3.834029856364,
    3.424948409507));
#4458 = CARTESIAN_POINT('',(3.410542956646,-3.889879744676,
    3.450088141653));
#4459 = CARTESIAN_POINT('',(3.397444430256,-3.945734349491,
    3.474374914833));
#4460 = CARTESIAN_POINT('',(3.383923216718,-4.001161839319,
    3.496971602559));
#4461 = CARTESIAN_POINT('',(3.370107232832,-4.056221213499,
    3.518129973274));
#4462 = CARTESIAN_POINT('',(3.355999045735,-4.110983959908,
    3.538688431166));
#4463 = CARTESIAN_POINT('',(4.157223009108,-3.405138489669,
    3.535240587081));
#4464 = CARTESIAN_POINT('',(4.097485472015,-3.414234881997,3.50865809234
    ));
#4465 = CARTESIAN_POINT('',(4.037821104298,-3.423436850975,
    3.481746246487));
#4466 = CARTESIAN_POINT('',(3.978254109093,-3.432758805343,
    3.454219836423));
#4467 = CARTESIAN_POINT('',(3.918743375203,-3.441979057033,
    3.426092783311));
#4468 = CARTESIAN_POINT('',(3.859561200789,-3.450932336563,
    3.397584268475));
#4469 = CARTESIAN_POINT('',(3.801396701639,-3.459464061473,
    3.369593789609));
#4470 = CARTESIAN_POINT('',(3.744460019221,-3.467153711524,
    3.344702351963));
#4471 = CARTESIAN_POINT('',(3.69064775015,-3.478499664702,3.323510337861
    ));
#4472 = CARTESIAN_POINT('',(3.642285029527,-3.499501703927,
    3.308372380325));
#4473 = CARTESIAN_POINT('',(3.59918698356,-3.527904264397,3.299192460252
    ));
#4474 = CARTESIAN_POINT('',(3.56121203707,-3.561212036654,3.296087276005
    ));
#4475 = CARTESIAN_POINT('',(3.5279042678,-3.599186994384,3.299192437357)
  );
#4476 = CARTESIAN_POINT('',(3.499501702493,-3.642285053284,
    3.308372348201));
#4477 = CARTESIAN_POINT('',(3.478499656773,-3.690647751893,
    3.323510352689));
#4478 = CARTESIAN_POINT('',(3.467153719627,-3.744460009992,
    3.344702348869));
#4479 = CARTESIAN_POINT('',(3.459464018818,-3.801396609832,
    3.369593775279));
#4480 = CARTESIAN_POINT('',(3.450932292737,-3.859561326218,
    3.397584042206));
#4481 = CARTESIAN_POINT('',(3.441978913101,-3.918743614132,
    3.426092560757));
#4482 = CARTESIAN_POINT('',(3.432758532003,-3.978254423109,
    3.454219681159));
#4483 = CARTESIAN_POINT('',(3.423436449582,-4.037821493872,
    3.481746156677));
#4484 = CARTESIAN_POINT('',(3.414234362604,-4.097485935907,
    3.508658058611));
#4485 = CARTESIAN_POINT('',(3.405137860781,-4.157223543059,
    3.535240604688));
#4486 = CARTESIAN_POINT('',(4.20030439798,-3.451617980682,3.527388208457
    ));
#4487 = CARTESIAN_POINT('',(4.135962819585,-3.455713724068,
    3.495132438454));
#4488 = CARTESIAN_POINT('',(4.071838235219,-3.460023782428,
    3.462836785479));
#4489 = CARTESIAN_POINT('',(4.008123667396,-3.464665611899,
    3.430543642596));
#4490 = CARTESIAN_POINT('',(3.944870809795,-3.469523286468,
    3.398412002695));
#4491 = CARTESIAN_POINT('',(3.882048315686,-3.474287531784,
    3.366815678791));
#4492 = CARTESIAN_POINT('',(3.820048308453,-3.478550947898,
    3.336638108891));
#4493 = CARTESIAN_POINT('',(3.761052985492,-3.48209242251,3.307826401991
    ));
#4494 = CARTESIAN_POINT('',(3.705376454763,-3.49380271209,3.287761073185
    ));
#4495 = CARTESIAN_POINT('',(3.657519835899,-3.51634176366,3.272799051754
    ));
#4496 = CARTESIAN_POINT('',(3.615412857632,-3.546132280795,
    3.263949162201));
#4497 = CARTESIAN_POINT('',(3.578574708564,-3.578574710949,
    3.261068418414));
#4498 = CARTESIAN_POINT('',(3.546132287377,-3.615412872084,
    3.263949133337));
#4499 = CARTESIAN_POINT('',(3.516341807469,-3.657519910244,
    3.272798889638));
#4500 = CARTESIAN_POINT('',(3.493802846094,-3.705376646559,
    3.287760604394));
#4501 = CARTESIAN_POINT('',(3.482092336729,-3.76105288337,3.307826705866
    ));
#4502 = CARTESIAN_POINT('',(3.478551159479,-3.820048644953,
    3.336637370326));
#4503 = CARTESIAN_POINT('',(3.47428758672,-3.882048531672,3.366815234043
    ));
#4504 = CARTESIAN_POINT('',(3.469523189054,-3.9448710171,3.39841175878)
  );
#4505 = CARTESIAN_POINT('',(3.464665380689,-4.008123941966,
    3.430543492973));
#4506 = CARTESIAN_POINT('',(3.460023418206,-4.07183859981,3.462836698016
    ));
#4507 = CARTESIAN_POINT('',(3.455713224238,-4.135963278127,
    3.495132405808));
#4508 = CARTESIAN_POINT('',(3.45161734452,-4.200304949683,3.527388228912
    ));
#4509 = CARTESIAN_POINT('',(4.241397338366,-3.496432432597,
    3.516232438725));
#4510 = CARTESIAN_POINT('',(4.172312681655,-3.495006294782,
    3.478552210313));
#4511 = CARTESIAN_POINT('',(4.103514081548,-3.493828563643,
    3.441039584535));
#4512 = CARTESIAN_POINT('',(4.035379321727,-3.493142432594,
    3.403981732003));
#4513 = CARTESIAN_POINT('',(3.968214129564,-3.492986852159,
    3.367704337588));
#4514 = CARTESIAN_POINT('',(3.902039097592,-3.493040239686,3.33244470522
    ));
#4515 = CARTESIAN_POINT('',(3.836478501387,-3.492543129173,
    3.298423871681));
#4516 = CARTESIAN_POINT('',(3.772667323313,-3.492661725265,
    3.267739245655));
#4517 = CARTESIAN_POINT('',(3.715596600792,-3.506960870916,
    3.245062255511));
#4518 = CARTESIAN_POINT('',(3.66598236298,-3.528130028486,3.230034309203
    ));
#4519 = CARTESIAN_POINT('',(3.622894317095,-3.553989732719,
    3.221665278759));
#4520 = CARTESIAN_POINT('',(3.58564285127,-3.58564285063,3.219037573195)
  );
#4521 = CARTESIAN_POINT('',(3.553989730292,-3.622894313225,
    3.221665288011));
#4522 = CARTESIAN_POINT('',(3.528130018254,-3.665982348121,
    3.230034344857));
#4523 = CARTESIAN_POINT('',(3.50696086085,-3.715596594599,3.245062291073
    ));
#4524 = CARTESIAN_POINT('',(3.49266173062,-3.772667301531,3.267739222784
    ));
#4525 = CARTESIAN_POINT('',(3.492543115015,-3.836478498253,
    3.298423925182));
#4526 = CARTESIAN_POINT('',(3.493040234584,-3.902039171445,
    3.332444578777));
#4527 = CARTESIAN_POINT('',(3.492986776638,-3.968214284882,
    3.367704174744));
#4528 = CARTESIAN_POINT('',(3.493142243284,-4.035379565128,
    3.403981608478));
#4529 = CARTESIAN_POINT('',(3.493828244543,-4.103514420611,
    3.441039510704));
#4530 = CARTESIAN_POINT('',(3.495005838549,-4.172313118572,3.47855218424
    ));
#4531 = CARTESIAN_POINT('',(3.496431836171,-4.241397873023,
    3.516232459289));
#4532 = CARTESIAN_POINT('',(4.281454524135,-3.540361887165,3.50291431422
    ));
#4533 = CARTESIAN_POINT('',(4.207218898939,-3.532671484308,3.45983430169
    ));
#4534 = CARTESIAN_POINT('',(4.133291219154,-3.525228701034,
    3.417034338036));
#4535 = CARTESIAN_POINT('',(4.060140734069,-3.518359881557,
    3.374954572451));
#4536 = CARTESIAN_POINT('',(3.988302172831,-3.512278897066,
    3.334118580689));
#4537 = CARTESIAN_POINT('',(3.91831363756,-3.506760253716,3.295133890403
    ));
#4538 = CARTESIAN_POINT('',(3.849947298051,-3.50057508096,3.258307409563
    ));
#4539 = CARTESIAN_POINT('',(3.777677243475,-3.499693134804,
    3.220733827994));
#4540 = CARTESIAN_POINT('',(3.717422466775,-3.509461169354,
    3.195548977008));
#4541 = CARTESIAN_POINT('',(3.665957234168,-3.525475487122,
    3.179797574448));
#4542 = CARTESIAN_POINT('',(3.621047716138,-3.549778898419,
    3.171475410889));
#4543 = CARTESIAN_POINT('',(3.581838196109,-3.581838196406,
    3.168852516039));
#4544 = CARTESIAN_POINT('',(3.54977890204,-3.621047720941,3.171475398378
    ));
#4545 = CARTESIAN_POINT('',(3.525475496327,-3.665957243513,
    3.179797544254));
#4546 = CARTESIAN_POINT('',(3.509461174146,-3.717422466887,
    3.195548959426));
#4547 = CARTESIAN_POINT('',(3.49969313426,-3.777677264859,3.220733831729
    ));
#4548 = CARTESIAN_POINT('',(3.500575082012,-3.849947281752,
    3.258307407475));
#4549 = CARTESIAN_POINT('',(3.506760236291,-3.918313658894,
    3.295133885231));
#4550 = CARTESIAN_POINT('',(3.512278825619,-3.988302295965,
    3.334118534718));
#4551 = CARTESIAN_POINT('',(3.518359720698,-4.060140957705,3.37495451537
    ));
#4552 = CARTESIAN_POINT('',(3.525228427452,-4.13329153448,3.417034298207
    ));
#4553 = CARTESIAN_POINT('',(3.532671086335,-4.207219301657,3.45983429116
    ));
#4554 = CARTESIAN_POINT('',(3.540361360704,-4.281455013082,
    3.502914335955));
#4555 = CARTESIAN_POINT('',(4.321142592556,-3.583937979459,
    3.488407268644));
#4556 = CARTESIAN_POINT('',(4.24127358507,-3.569273396076,3.439776038376
    ));
#4557 = CARTESIAN_POINT('',(4.161684280218,-3.554805943903,
    3.391462226102));
#4558 = CARTESIAN_POINT('',(4.082812701249,-3.540849106101,
    3.343971012688));
#4559 = CARTESIAN_POINT('',(4.005060094869,-3.527746447502,
    3.297819791852));
#4560 = CARTESIAN_POINT('',(3.928400763739,-3.515828109132,
    3.253194603792));
#4561 = CARTESIAN_POINT('',(3.851928847192,-3.505366089115,
    3.209402652858));
#4562 = CARTESIAN_POINT('',(3.775350814837,-3.497106054802,
    3.166224499905));
#4563 = CARTESIAN_POINT('',(3.713082993858,-3.500296384684,
    3.140060018585));
#4564 = CARTESIAN_POINT('',(3.660814797747,-3.514096895637,3.12523490778
    ));
#4565 = CARTESIAN_POINT('',(3.614477787799,-3.5405958295,3.116952683706)
  );
#4566 = CARTESIAN_POINT('',(3.574151731378,-3.574151763146,
    3.114239772189));
#4567 = CARTESIAN_POINT('',(3.54059581311,-3.61447783796,3.116952682704)
  );
#4568 = CARTESIAN_POINT('',(3.514096879294,-3.660814844674,
    3.125234934288));
#4569 = CARTESIAN_POINT('',(3.500296372405,-3.713082974432,
    3.140060077499));
#4570 = CARTESIAN_POINT('',(3.49710605605,-3.775350785344,3.166224476934
    ));
#4571 = CARTESIAN_POINT('',(3.505366089254,-3.851928859151,
    3.209402685461));
#4572 = CARTESIAN_POINT('',(3.515828086423,-3.928400842034,3.25319465958
    ));
#4573 = CARTESIAN_POINT('',(3.52774637785,-4.005060246974,3.297819829442
    ));
#4574 = CARTESIAN_POINT('',(3.540848965727,-4.082812925997,
    3.343971029253));
#4575 = CARTESIAN_POINT('',(3.554805713053,-4.161684572851,
    3.391462236599));
#4576 = CARTESIAN_POINT('',(3.569273062878,-4.241273942304,
    3.439776055539));
#4577 = CARTESIAN_POINT('',(3.583937539473,-4.321143013374,
    3.488407297536));
#4578 = CARTESIAN_POINT('',(4.360820235483,-3.627444724971,
    3.473404686822));
#4579 = CARTESIAN_POINT('',(4.274907549798,-3.605297408883,
    3.419014645848));
#4580 = CARTESIAN_POINT('',(4.189142417068,-3.583254514578,3.36488100229
    ));
#4581 = CARTESIAN_POINT('',(4.103796647113,-3.561580618566,
    3.311455949561));
#4582 = CARTESIAN_POINT('',(4.019178983283,-3.540739906483,
    3.259273650611));
#4583 = CARTESIAN_POINT('',(3.9355668834,-3.521406724183,3.208849265758)
  );
#4584 = CARTESIAN_POINT('',(3.853741273511,-3.504598417891,
    3.161139633684));
#4585 = CARTESIAN_POINT('',(3.776872856907,-3.492969972669,
    3.119351809208));
#4586 = CARTESIAN_POINT('',(3.710624449174,-3.493209999502,
    3.089375997069));
#4587 = CARTESIAN_POINT('',(3.65428080464,-3.505893282169,3.070689865782
    ));
#4588 = CARTESIAN_POINT('',(3.605623071844,-3.530434782107,
    3.060477239139));
#4589 = CARTESIAN_POINT('',(3.564158493318,-3.564158567639,
    3.057202148596));
#4590 = CARTESIAN_POINT('',(3.530434740741,-3.605623187524,
    3.060477254431));
#4591 = CARTESIAN_POINT('',(3.505893261516,-3.65428096095,3.070689901205
    ));
#4592 = CARTESIAN_POINT('',(3.49320999683,-3.710624651897,3.089376032711
    ));
#4593 = CARTESIAN_POINT('',(3.492969981116,-3.776873120146,
    3.119351815223));
#4594 = CARTESIAN_POINT('',(3.504598416797,-3.853741518976,
    3.161139673059));
#4595 = CARTESIAN_POINT('',(3.521406698256,-3.935567106612,3.20884934223
    ));
#4596 = CARTESIAN_POINT('',(3.540739839959,-4.019179208907,
    3.259273738073));
#4597 = CARTESIAN_POINT('',(3.561580496643,-4.103796891296,3.31145602882
    ));
#4598 = CARTESIAN_POINT('',(3.583254324561,-4.189142688681,
    3.364881068163));
#4599 = CARTESIAN_POINT('',(3.605297142305,-4.274907853524,
    3.419014699915));
#4600 = CARTESIAN_POINT('',(3.627444378347,-4.360820573164,
    3.473404730813));
#4601 = CARTESIAN_POINT('',(4.400566442141,-3.670969007984,
    3.458282535585));
#4602 = CARTESIAN_POINT('',(4.30839328226,-3.641112549572,3.397999586713
    ));
#4603 = CARTESIAN_POINT('',(4.216151558576,-3.611238553718,
    3.337836207306));
#4604 = CARTESIAN_POINT('',(4.123920939554,-3.581538355099,
    3.278165633437));
#4605 = CARTESIAN_POINT('',(4.032230089,-3.552667819922,3.219824672351)
  );
#4606 = CARTESIAN_POINT('',(3.942467324145,-3.52605659033,3.164425384287
    ));
#4607 = CARTESIAN_POINT('',(3.857088744916,-3.504199854004,
    3.114482666507));
#4608 = CARTESIAN_POINT('',(3.778816130156,-3.49052154753,3.07258995971)
  );
#4609 = CARTESIAN_POINT('',(3.708836213657,-3.488076500131,
    3.039734652584));
#4610 = CARTESIAN_POINT('',(3.647914498019,-3.498231884042,3.01679329262
    ));
#4611 = CARTESIAN_POINT('',(3.596146176656,-3.520401985697,
    3.003599750297));
#4612 = CARTESIAN_POINT('',(3.553458756456,-3.553458876223,
    2.999339427272));
#4613 = CARTESIAN_POINT('',(3.520401923544,-3.596146375759,
    3.003599769475));
#4614 = CARTESIAN_POINT('',(3.498231862851,-3.647914800354,
    3.016793320568));
#4615 = CARTESIAN_POINT('',(3.488076504136,-3.708836627388,
    3.039734680892));
#4616 = CARTESIAN_POINT('',(3.490521558053,-3.778816611105,
    3.072589998357));
#4617 = CARTESIAN_POINT('',(3.504199852372,-3.857089207725,
    3.114482727902));
#4618 = CARTESIAN_POINT('',(3.526056562989,-3.94246771732,3.164425479626
    ));
#4619 = CARTESIAN_POINT('',(3.552667757768,-4.032230411034,
    3.219824796386));
#4620 = CARTESIAN_POINT('',(3.58153825167,-4.123921213881,3.278165766291
    ));
#4621 = CARTESIAN_POINT('',(3.611238403961,-4.216151810679,
    3.337836327771));
#4622 = CARTESIAN_POINT('',(3.641112349792,-4.308393528964,
    3.397999681351));
#4623 = CARTESIAN_POINT('',(3.670968756422,-4.400566690101,
    3.458282599511));
#4624 = ADVANCED_FACE('',(#4625),#4647,.F.);
#4625 = FACE_BOUND('',#4626,.F.);
#4626 = EDGE_LOOP('',(#4627,#4628,#4629,#4630,#4642));
#4627 = ORIENTED_EDGE('',*,*,#4065,.T.);
#4628 = ORIENTED_EDGE('',*,*,#4081,.F.);
#4629 = ORIENTED_EDGE('',*,*,#2064,.T.);
#4630 = ORIENTED_EDGE('',*,*,#4631,.F.);
#4631 = EDGE_CURVE('',#4632,#2065,#4634,.T.);
#4632 = VERTEX_POINT('',#4633);
#4633 = CARTESIAN_POINT('',(4.71,-3.21,3.5));
#4634 = ( BOUNDED_CURVE() B_SPLINE_CURVE(3,(#4635,#4636,#4637,#4638,
#4639,#4640,#4641),.UNSPECIFIED.,.F.,.F.) B_SPLINE_CURVE_WITH_KNOTS((4,1
    ,1,1,4),(0.,21.863496405469,45.552805753503,69.242115101538,
91.105611507007),.UNSPECIFIED.) CURVE() GEOMETRIC_REPRESENTATION_ITEM() 
RATIONAL_B_SPLINE_CURVE((1.,1.,1.,1.,1.,1.,1.)) REPRESENTATION_ITEM('') 
  );
#4635 = CARTESIAN_POINT('',(4.71,-3.21,3.5));
#4636 = CARTESIAN_POINT('',(4.71,-3.246437010464,3.50001318814));
#4637 = CARTESIAN_POINT('',(4.71,-3.322352986303,3.485533932411));
#4638 = CARTESIAN_POINT('',(4.71,-3.420857502839,3.420857502839));
#4639 = CARTESIAN_POINT('',(4.71,-3.485533932411,3.322352986303));
#4640 = CARTESIAN_POINT('',(4.71,-3.50001318814,3.246437010464));
#4641 = CARTESIAN_POINT('',(4.71,-3.5,3.21));
#4642 = ORIENTED_EDGE('',*,*,#4643,.F.);
#4643 = EDGE_CURVE('',#4057,#4632,#4644,.T.);
#4644 = B_SPLINE_CURVE_WITH_KNOTS('',1,(#4645,#4646),.UNSPECIFIED.,.F.,
  .F.,(2,2),(0.,92.000000000001),.PIECEWISE_BEZIER_KNOTS.);
#4645 = CARTESIAN_POINT('',(3.79,-3.21,3.5));
#4646 = CARTESIAN_POINT('',(4.71,-3.21,3.5));
#4647 = CYLINDRICAL_SURFACE('',#4648,0.29);
#4648 = AXIS2_PLACEMENT_3D('',#4649,#4650,#4651);
#4649 = CARTESIAN_POINT('',(4.25,-3.21,3.21));
#4650 = DIRECTION('',(1.,1.353527981624E-15,-3.267705610288E-15));
#4651 = DIRECTION('',(3.267705610288E-15,0.,1.));
#4652 = ADVANCED_FACE('',(#4653),#4665,.T.);
#4653 = FACE_BOUND('',#4654,.T.);
#4654 = EDGE_LOOP('',(#4655,#4662,#4663,#4664));
#4655 = ORIENTED_EDGE('',*,*,#4656,.F.);
#4656 = EDGE_CURVE('',#2129,#4632,#4657,.T.);
#4657 = CIRCLE('',#4658,0.29);
#4658 = AXIS2_PLACEMENT_3D('',#4659,#4660,#4661);
#4659 = CARTESIAN_POINT('',(4.71,-3.21,3.79));
#4660 = DIRECTION('',(-7.560518242704E-15,1.,2.478811690068E-14));
#4661 = DIRECTION('',(1.,7.560518242703E-15,3.828355257328E-15));
#4662 = ORIENTED_EDGE('',*,*,#2128,.T.);
#4663 = ORIENTED_EDGE('',*,*,#2085,.F.);
#4664 = ORIENTED_EDGE('',*,*,#4631,.F.);
#4665 = ( BOUNDED_SURFACE() B_SPLINE_SURFACE(2,3,(
    (#4666,#4667,#4668,#4669,#4670,#4671,#4672)
    ,(#4673,#4674,#4675,#4676,#4677,#4678,#4679)
    ,(#4680,#4681,#4682,#4683,#4684,#4685,#4686
)),.UNSPECIFIED.,.F.,.F.,.F.) B_SPLINE_SURFACE_WITH_KNOTS((3,3),(4,1,1,1
    ,4),(0.,45.553093477052),(0.,21.863496405469,45.552805753503,
    69.242115101538,91.105611507007),.UNSPECIFIED.) 
GEOMETRIC_REPRESENTATION_ITEM() RATIONAL_B_SPLINE_SURFACE((
    (1.,1.,1.,1.,1.,1.,1.)
    ,(0.707106781187,0.707106781187,0.707106781187,0.707106781187
      ,0.707106781187,0.707106781187,0.707106781187)
,(1.,1.,1.,1.,1.,1.,1.))) REPRESENTATION_ITEM('') SURFACE() );
#4666 = CARTESIAN_POINT('',(4.71,-3.21,3.5));
#4667 = CARTESIAN_POINT('',(4.71,-3.246437010464,3.50001318814));
#4668 = CARTESIAN_POINT('',(4.71,-3.322352986303,3.485533932411));
#4669 = CARTESIAN_POINT('',(4.71,-3.420857502839,3.420857502839));
#4670 = CARTESIAN_POINT('',(4.71,-3.485533932411,3.322352986303));
#4671 = CARTESIAN_POINT('',(4.71,-3.50001318814,3.246437010464));
#4672 = CARTESIAN_POINT('',(4.71,-3.5,3.21));
#4673 = CARTESIAN_POINT('',(5.,-3.21,3.5));
#4674 = CARTESIAN_POINT('',(5.,-3.246437010464,3.50001318814));
#4675 = CARTESIAN_POINT('',(5.,-3.322352986303,3.485533932411));
#4676 = CARTESIAN_POINT('',(5.,-3.420857502839,3.420857502839));
#4677 = CARTESIAN_POINT('',(5.,-3.485533932411,3.322352986303));
#4678 = CARTESIAN_POINT('',(5.,-3.50001318814,3.246437010464));
#4679 = CARTESIAN_POINT('',(5.,-3.5,3.21));
#4680 = CARTESIAN_POINT('',(5.,-3.21,3.79));
#4681 = CARTESIAN_POINT('',(5.,-3.282874020927,3.79002637628));
#4682 = CARTESIAN_POINT('',(5.,-3.434705972607,3.761067864822));
#4683 = CARTESIAN_POINT('',(5.,-3.631715005679,3.631715005679));
#4684 = CARTESIAN_POINT('',(5.,-3.761067864822,3.434705972607));
#4685 = CARTESIAN_POINT('',(5.,-3.79002637628,3.282874020927));
#4686 = CARTESIAN_POINT('',(5.,-3.79,3.21));
#4687 = ADVANCED_FACE('',(#4688),#4706,.T.);
#4688 = FACE_BOUND('',#4689,.T.);
#4689 = EDGE_LOOP('',(#4690,#4697,#4698,#4699));
#4690 = ORIENTED_EDGE('',*,*,#4691,.T.);
#4691 = EDGE_CURVE('',#4692,#3379,#4694,.T.);
#4692 = VERTEX_POINT('',#4693);
#4693 = CARTESIAN_POINT('',(4.71,3.5,3.21));
#4694 = B_SPLINE_CURVE_WITH_KNOTS('',1,(#4695,#4696),.UNSPECIFIED.,.F.,
  .F.,(2,2),(0.,321.),.PIECEWISE_BEZIER_KNOTS.);
#4695 = CARTESIAN_POINT('',(4.71,3.5,3.21));
#4696 = CARTESIAN_POINT('',(4.71,3.5,2.525757381022E-15));
#4697 = ORIENTED_EDGE('',*,*,#3386,.F.);
#4698 = ORIENTED_EDGE('',*,*,#2166,.F.);
#4699 = ORIENTED_EDGE('',*,*,#4700,.F.);
#4700 = EDGE_CURVE('',#4692,#2155,#4701,.T.);
#4701 = CIRCLE('',#4702,0.29);
#4702 = AXIS2_PLACEMENT_3D('',#4703,#4704,#4705);
#4703 = CARTESIAN_POINT('',(4.71,3.79,3.21));
#4704 = DIRECTION('',(-8.318220465441E-14,8.318220465442E-14,1.));
#4705 = DIRECTION('',(1.914177628664E-15,-1.,8.318220465442E-14));
#4706 = CYLINDRICAL_SURFACE('',#4707,0.29);
#4707 = AXIS2_PLACEMENT_3D('',#4708,#4709,#4710);
#4708 = CARTESIAN_POINT('',(4.71,3.79,-3.031952190792E-14));
#4709 = DIRECTION('',(1.007217202872E-13,-1.026358979159E-13,-1.));
#4710 = DIRECTION('',(0.,-1.,1.026358979159E-13));
#4711 = ADVANCED_FACE('',(#4712),#4735,.T.);
#4712 = FACE_BOUND('',#4713,.T.);
#4713 = EDGE_LOOP('',(#4714,#4726,#4727,#4728));
#4714 = ORIENTED_EDGE('',*,*,#4715,.T.);
#4715 = EDGE_CURVE('',#4716,#4692,#4718,.T.);
#4716 = VERTEX_POINT('',#4717);
#4717 = CARTESIAN_POINT('',(4.71,3.21,3.5));
#4718 = ( BOUNDED_CURVE() B_SPLINE_CURVE(3,(#4719,#4720,#4721,#4722,
#4723,#4724,#4725),.UNSPECIFIED.,.F.,.F.) B_SPLINE_CURVE_WITH_KNOTS((4,1
    ,1,1,4),(0.,21.863496405469,45.552805753503,69.242115101538,
91.105611507007),.UNSPECIFIED.) CURVE() GEOMETRIC_REPRESENTATION_ITEM() 
RATIONAL_B_SPLINE_CURVE((1.,1.,1.,1.,1.,1.,1.)) REPRESENTATION_ITEM('') 
  );
#4719 = CARTESIAN_POINT('',(4.71,3.21,3.5));
#4720 = CARTESIAN_POINT('',(4.71,3.246437010464,3.50001318814));
#4721 = CARTESIAN_POINT('',(4.71,3.322352986303,3.485533932411));
#4722 = CARTESIAN_POINT('',(4.71,3.420857502839,3.420857502839));
#4723 = CARTESIAN_POINT('',(4.71,3.485533932411,3.322352986303));
#4724 = CARTESIAN_POINT('',(4.71,3.50001318814,3.246437010464));
#4725 = CARTESIAN_POINT('',(4.71,3.5,3.21));
#4726 = ORIENTED_EDGE('',*,*,#4700,.T.);
#4727 = ORIENTED_EDGE('',*,*,#2154,.F.);
#4728 = ORIENTED_EDGE('',*,*,#4729,.T.);
#4729 = EDGE_CURVE('',#2148,#4716,#4730,.T.);
#4730 = CIRCLE('',#4731,0.29);
#4731 = AXIS2_PLACEMENT_3D('',#4732,#4733,#4734);
#4732 = CARTESIAN_POINT('',(4.71,3.21,3.79));
#4733 = DIRECTION('',(7.560518242704E-15,1.,-2.478811690068E-14));
#4734 = DIRECTION('',(1.,-7.560518242703E-15,3.828355257328E-15));
#4735 = ( BOUNDED_SURFACE() B_SPLINE_SURFACE(3,2,(
    (#4736,#4737,#4738)
    ,(#4739,#4740,#4741)
    ,(#4742,#4743,#4744)
    ,(#4745,#4746,#4747)
    ,(#4748,#4749,#4750)
    ,(#4751,#4752,#4753)
    ,(#4754,#4755,#4756
)),.UNSPECIFIED.,.F.,.F.,.F.) B_SPLINE_SURFACE_WITH_KNOTS((4,1,1,1,4),(3
    ,3),(0.,21.863496405469,45.552805753503,69.242115101538,
    91.105611507007),(0.,45.553093477052),.UNSPECIFIED.) 
GEOMETRIC_REPRESENTATION_ITEM() RATIONAL_B_SPLINE_SURFACE((
    (1.,0.707106781187,1.)
    ,(1.,0.707106781187,1.)
    ,(1.,0.707106781187,1.)
    ,(1.,0.707106781187,1.)
    ,(1.,0.707106781187,1.)
    ,(1.,0.707106781187,1.)
,(1.,0.707106781187,1.))) REPRESENTATION_ITEM('') SURFACE() );
#4736 = CARTESIAN_POINT('',(4.71,3.21,3.5));
#4737 = CARTESIAN_POINT('',(5.,3.21,3.5));
#4738 = CARTESIAN_POINT('',(5.,3.21,3.79));
#4739 = CARTESIAN_POINT('',(4.71,3.246437010464,3.50001318814));
#4740 = CARTESIAN_POINT('',(5.,3.246437010464,3.50001318814));
#4741 = CARTESIAN_POINT('',(5.,3.282874020927,3.79002637628));
#4742 = CARTESIAN_POINT('',(4.71,3.322352986303,3.485533932411));
#4743 = CARTESIAN_POINT('',(5.,3.322352986303,3.485533932411));
#4744 = CARTESIAN_POINT('',(5.,3.434705972607,3.761067864822));
#4745 = CARTESIAN_POINT('',(4.71,3.420857502839,3.420857502839));
#4746 = CARTESIAN_POINT('',(5.,3.420857502839,3.420857502839));
#4747 = CARTESIAN_POINT('',(5.,3.631715005679,3.631715005679));
#4748 = CARTESIAN_POINT('',(4.71,3.485533932411,3.322352986303));
#4749 = CARTESIAN_POINT('',(5.,3.485533932411,3.322352986303));
#4750 = CARTESIAN_POINT('',(5.,3.761067864822,3.434705972607));
#4751 = CARTESIAN_POINT('',(4.71,3.50001318814,3.246437010464));
#4752 = CARTESIAN_POINT('',(5.,3.50001318814,3.246437010464));
#4753 = CARTESIAN_POINT('',(5.,3.79002637628,3.282874020927));
#4754 = CARTESIAN_POINT('',(4.71,3.5,3.21));
#4755 = CARTESIAN_POINT('',(5.,3.5,3.21));
#4756 = CARTESIAN_POINT('',(5.,3.79,3.21));
#4757 = ADVANCED_FACE('',(#4758),#4776,.T.);
#4758 = FACE_BOUND('',#4759,.T.);
#4759 = EDGE_LOOP('',(#4760,#4769,#4774,#4775));
#4760 = ORIENTED_EDGE('',*,*,#4761,.T.);
#4761 = EDGE_CURVE('',#2141,#4762,#4764,.T.);
#4762 = VERTEX_POINT('',#4763);
#4763 = CARTESIAN_POINT('',(4.71,0.,3.5));
#4764 = CIRCLE('',#4765,0.29);
#4765 = AXIS2_PLACEMENT_3D('',#4766,#4767,#4768);
#4766 = CARTESIAN_POINT('',(4.71,-5.084587418202E-14,3.79));
#4767 = DIRECTION('',(-1.753306006276E-13,1.,1.753306006276E-13));
#4768 = DIRECTION('',(1.,1.753306006276E-13,1.914177628664E-15));
#4769 = ORIENTED_EDGE('',*,*,#4770,.T.);
#4770 = EDGE_CURVE('',#4762,#4716,#4771,.T.);
#4771 = B_SPLINE_CURVE_WITH_KNOTS('',1,(#4772,#4773),.UNSPECIFIED.,.F.,
  .F.,(2,2),(0.,321.),.PIECEWISE_BEZIER_KNOTS.);
#4772 = CARTESIAN_POINT('',(4.71,0.,3.5));
#4773 = CARTESIAN_POINT('',(4.71,3.21,3.5));
#4774 = ORIENTED_EDGE('',*,*,#4729,.F.);
#4775 = ORIENTED_EDGE('',*,*,#2147,.F.);
#4776 = CYLINDRICAL_SURFACE('',#4777,0.29);
#4777 = AXIS2_PLACEMENT_3D('',#4778,#4779,#4780);
#4778 = CARTESIAN_POINT('',(4.71,-4.807591106859E-14,3.79));
#4779 = DIRECTION('',(-1.763069806424E-13,1.,1.715215365708E-13));
#4780 = DIRECTION('',(1.,1.763069806424E-13,0.));
#4781 = ADVANCED_FACE('',(#4782),#4792,.T.);
#4782 = FACE_BOUND('',#4783,.T.);
#4783 = EDGE_LOOP('',(#4784,#4785,#4786,#4791));
#4784 = ORIENTED_EDGE('',*,*,#2140,.T.);
#4785 = ORIENTED_EDGE('',*,*,#4656,.T.);
#4786 = ORIENTED_EDGE('',*,*,#4787,.F.);
#4787 = EDGE_CURVE('',#4762,#4632,#4788,.T.);
#4788 = B_SPLINE_CURVE_WITH_KNOTS('',1,(#4789,#4790),.UNSPECIFIED.,.F.,
  .F.,(2,2),(0.,321.),.PIECEWISE_BEZIER_KNOTS.);
#4789 = CARTESIAN_POINT('',(4.71,0.,3.5));
#4790 = CARTESIAN_POINT('',(4.71,-3.21,3.5));
#4791 = ORIENTED_EDGE('',*,*,#4761,.F.);
#4792 = CYLINDRICAL_SURFACE('',#4793,0.29);
#4793 = AXIS2_PLACEMENT_3D('',#4794,#4795,#4796);
#4794 = CARTESIAN_POINT('',(4.71,4.807591106859E-14,3.79));
#4795 = DIRECTION('',(1.763069806424E-13,1.,-1.715215365708E-13));
#4796 = DIRECTION('',(1.,-1.763069806424E-13,0.));
#4797 = ADVANCED_FACE('',(#4798),#4810,.T.);
#4798 = FACE_BOUND('',#4799,.T.);
#4799 = EDGE_LOOP('',(#4800,#4807,#4808,#4809));
#4800 = ORIENTED_EDGE('',*,*,#4801,.T.);
#4801 = EDGE_CURVE('',#2227,#3074,#4802,.T.);
#4802 = CIRCLE('',#4803,0.29);
#4803 = AXIS2_PLACEMENT_3D('',#4804,#4805,#4806);
#4804 = CARTESIAN_POINT('',(1.328755248089E-15,-3.79,3.79));
#4805 = DIRECTION('',(1.,9.545480422661E-16,-1.232103798422E-15));
#4806 = DIRECTION('',(-1.232103798422E-15,-3.828355257328E-15,-1.));
#4807 = ORIENTED_EDGE('',*,*,#3073,.F.);
#4808 = ORIENTED_EDGE('',*,*,#4047,.F.);
#4809 = ORIENTED_EDGE('',*,*,#2226,.T.);
#4810 = CYLINDRICAL_SURFACE('',#4811,0.29);
#4811 = AXIS2_PLACEMENT_3D('',#4812,#4813,#4814);
#4812 = CARTESIAN_POINT('',(-1.923165012833E-15,-3.79,3.79));
#4813 = DIRECTION('',(-1.,-6.80182077955E-17,6.80182077955E-17));
#4814 = DIRECTION('',(-6.80182077955E-17,0.,-1.));
#4815 = ADVANCED_FACE('',(#4816),#4822,.T.);
#4816 = FACE_BOUND('',#4817,.T.);
#4817 = EDGE_LOOP('',(#4818,#4819,#4820,#4821));
#4818 = ORIENTED_EDGE('',*,*,#2243,.F.);
#4819 = ORIENTED_EDGE('',*,*,#2340,.T.);
#4820 = ORIENTED_EDGE('',*,*,#3080,.T.);
#4821 = ORIENTED_EDGE('',*,*,#4801,.F.);
#4822 = CYLINDRICAL_SURFACE('',#4823,0.29);
#4823 = AXIS2_PLACEMENT_3D('',#4824,#4825,#4826);
#4824 = CARTESIAN_POINT('',(3.846330025667E-15,-3.79,3.79));
#4825 = DIRECTION('',(-1.,1.093125229923E-15,8.21052398741E-16));
#4826 = DIRECTION('',(-1.093125229923E-15,-1.,0.));
#4827 = ADVANCED_FACE('',(#4828),#4846,.T.);
#4828 = FACE_BOUND('',#4829,.T.);
#4829 = EDGE_LOOP('',(#4830,#4839,#4840,#4841));
#4830 = ORIENTED_EDGE('',*,*,#4831,.T.);
#4831 = EDGE_CURVE('',#4832,#2920,#4834,.T.);
#4832 = VERTEX_POINT('',#4833);
#4833 = CARTESIAN_POINT('',(9.71445146547E-16,3.79,3.5));
#4834 = CIRCLE('',#4835,0.29);
#4835 = AXIS2_PLACEMENT_3D('',#4836,#4837,#4838);
#4836 = CARTESIAN_POINT('',(5.248679092434E-16,3.79,3.79));
#4837 = DIRECTION('',(-1.,-1.8174772641E-15,-1.539921507944E-15));
#4838 = DIRECTION('',(1.539921507944E-15,0.,-1.));
#4839 = ORIENTED_EDGE('',*,*,#2919,.F.);
#4840 = ORIENTED_EDGE('',*,*,#3482,.F.);
#4841 = ORIENTED_EDGE('',*,*,#4842,.T.);
#4842 = EDGE_CURVE('',#3467,#4832,#4843,.T.);
#4843 = B_SPLINE_CURVE_WITH_KNOTS('',1,(#4844,#4845),.UNSPECIFIED.,.F.,
  .F.,(2,2),(0.,321.),.PIECEWISE_BEZIER_KNOTS.);
#4844 = CARTESIAN_POINT('',(-3.21,3.79,3.5));
#4845 = CARTESIAN_POINT('',(9.71445146547E-16,3.79,3.5));
#4846 = CYLINDRICAL_SURFACE('',#4847,0.29);
#4847 = AXIS2_PLACEMENT_3D('',#4848,#4849,#4850);
#4848 = CARTESIAN_POINT('',(3.846330025667E-15,3.79,3.79));
#4849 = DIRECTION('',(1.,1.093125229923E-15,-8.21052398741E-16));
#4850 = DIRECTION('',(-1.093125229923E-15,1.,0.));
#4851 = ADVANCED_FACE('',(#4852),#4870,.T.);
#4852 = FACE_BOUND('',#4853,.T.);
#4853 = EDGE_LOOP('',(#4854,#4861,#4868,#4869));
#4854 = ORIENTED_EDGE('',*,*,#4855,.F.);
#4855 = EDGE_CURVE('',#4856,#4832,#4858,.T.);
#4856 = VERTEX_POINT('',#4857);
#4857 = CARTESIAN_POINT('',(3.21,3.79,3.5));
#4858 = B_SPLINE_CURVE_WITH_KNOTS('',1,(#4859,#4860),.UNSPECIFIED.,.F.,
  .F.,(2,2),(0.,321.),.PIECEWISE_BEZIER_KNOTS.);
#4859 = CARTESIAN_POINT('',(3.21,3.79,3.5));
#4860 = CARTESIAN_POINT('',(9.71445146547E-16,3.79,3.5));
#4861 = ORIENTED_EDGE('',*,*,#4862,.T.);
#4862 = EDGE_CURVE('',#4856,#2927,#4863,.T.);
#4863 = CIRCLE('',#4864,0.29);
#4864 = AXIS2_PLACEMENT_3D('',#4865,#4866,#4867);
#4865 = CARTESIAN_POINT('',(3.21,3.79,3.79));
#4866 = DIRECTION('',(-1.,-4.621233591912E-15,-4.621233591912E-15));
#4867 = DIRECTION('',(4.621233591912E-15,1.531342102931E-14,-1.));
#4868 = ORIENTED_EDGE('',*,*,#2926,.T.);
#4869 = ORIENTED_EDGE('',*,*,#4831,.F.);
#4870 = CYLINDRICAL_SURFACE('',#4871,0.29);
#4871 = AXIS2_PLACEMENT_3D('',#4872,#4873,#4874);
#4872 = CARTESIAN_POINT('',(-1.923165012833E-15,3.79,3.79));
#4873 = DIRECTION('',(1.,-6.80182077955E-17,-6.80182077955E-17));
#4874 = DIRECTION('',(6.80182077955E-17,0.,1.));
#4875 = ADVANCED_FACE('',(#4876),#4961,.T.);
#4876 = FACE_BOUND('',#4877,.T.);
#4877 = EDGE_LOOP('',(#4878,#4896,#4912,#4919,#4920,#4921,#4922,#4938,
    #4954));
#4878 = ORIENTED_EDGE('',*,*,#4879,.T.);
#4879 = EDGE_CURVE('',#4880,#4882,#4884,.T.);
#4880 = VERTEX_POINT('',#4881);
#4881 = CARTESIAN_POINT('',(3.79,3.5,3.21));
#4882 = VERTEX_POINT('',#4883);
#4883 = CARTESIAN_POINT('',(3.620121933088,3.415060966544,3.415060966544
    ));
#4884 = ( BOUNDED_CURVE() B_SPLINE_CURVE(3,(#4885,#4886,#4887,#4888,
    #4889,#4890,#4891,#4892,#4893,#4894,#4895),.UNSPECIFIED.,.F.,.F.) 
B_SPLINE_CURVE_WITH_KNOTS((4,1,1,1,1,1,1,1,4),(0.,5.225562490263,
    10.67140946022,16.371434799463,22.35682146474,28.651028806887,
    35.265103795654,42.194177461723,49.415742474403),.UNSPECIFIED.) 
CURVE() GEOMETRIC_REPRESENTATION_ITEM() RATIONAL_B_SPLINE_CURVE((1.,1.,
1.,1.,1.,1.,1.,1.,1.,1.,1.)) REPRESENTATION_ITEM('') );
#4885 = CARTESIAN_POINT('',(3.79,3.5,3.21));
#4886 = CARTESIAN_POINT('',(3.790000552564,3.500000276282,3.218709312254
    ));
#4887 = CARTESIAN_POINT('',(3.788392284665,3.499196142331,3.236495023547
    ));
#4888 = CARTESIAN_POINT('',(3.780989697186,3.495494848594,3.263332746232
    ));
#4889 = CARTESIAN_POINT('',(3.768174830758,3.489087415378,3.29047194823)
  );
#4890 = CARTESIAN_POINT('',(3.749702248682,3.479851124341,3.317507878735
    ));
#4891 = CARTESIAN_POINT('',(3.725483109098,3.467741554549,3.3440024342)
  );
#4892 = CARTESIAN_POINT('',(3.695603956161,3.45280197808,3.36950460751)
  );
#4893 = CARTESIAN_POINT('',(3.660334437641,3.43516721882,3.393571714324)
  );
#4894 = CARTESIAN_POINT('',(3.63401944295,3.422009721475,3.408112021826)
  );
#4895 = CARTESIAN_POINT('',(3.620121933088,3.415060966544,3.415060966544
    ));
#4896 = ORIENTED_EDGE('',*,*,#4897,.F.);
#4897 = EDGE_CURVE('',#4898,#4882,#4900,.T.);
#4898 = VERTEX_POINT('',#4899);
#4899 = CARTESIAN_POINT('',(3.79,3.21,3.5));
#4900 = ( BOUNDED_CURVE() B_SPLINE_CURVE(3,(#4901,#4902,#4903,#4904,
    #4905,#4906,#4907,#4908,#4909,#4910,#4911),.UNSPECIFIED.,.F.,.F.) 
B_SPLINE_CURVE_WITH_KNOTS((4,1,1,1,1,1,1,1,4),(0.,5.225562490263,
    10.671409460221,16.371434799463,22.35682146474,28.651028806887,
    35.265103795654,42.194177461723,49.415742474403),.UNSPECIFIED.) 
CURVE() GEOMETRIC_REPRESENTATION_ITEM() RATIONAL_B_SPLINE_CURVE((1.,1.,
1.,1.,1.,1.,1.,1.,1.,1.,1.)) REPRESENTATION_ITEM('') );
#4901 = CARTESIAN_POINT('',(3.79,3.21,3.5));
#4902 = CARTESIAN_POINT('',(3.790000552565,3.218709312256,3.500000276282
    ));
#4903 = CARTESIAN_POINT('',(3.788392284663,3.236495023545,3.499196142332
    ));
#4904 = CARTESIAN_POINT('',(3.780989697188,3.263332746235,3.495494848593
    ));
#4905 = CARTESIAN_POINT('',(3.768174830755,3.290471948228,3.489087415379
    ));
#4906 = CARTESIAN_POINT('',(3.749702248682,3.317507878735,3.479851124341
    ));
#4907 = CARTESIAN_POINT('',(3.725483109098,3.3440024342,3.467741554549)
  );
#4908 = CARTESIAN_POINT('',(3.695603956161,3.36950460751,3.45280197808)
  );
#4909 = CARTESIAN_POINT('',(3.660334437641,3.393571714324,3.43516721882)
  );
#4910 = CARTESIAN_POINT('',(3.63401944295,3.408112021826,3.422009721475)
  );
#4911 = CARTESIAN_POINT('',(3.620121933088,3.415060966544,3.415060966544
    ));
#4912 = ORIENTED_EDGE('',*,*,#4913,.F.);
#4913 = EDGE_CURVE('',#2950,#4898,#4914,.T.);
#4914 = CIRCLE('',#4915,0.29);
#4915 = AXIS2_PLACEMENT_3D('',#4916,#4917,#4918);
#4916 = CARTESIAN_POINT('',(3.79,3.21,3.79));
#4917 = DIRECTION('',(9.18640221912E-14,-1.,9.760655507719E-14));
#4918 = DIRECTION('',(-1.,-9.18640221912E-14,1.914177628664E-15));
#4919 = ORIENTED_EDGE('',*,*,#2956,.T.);
#4920 = ORIENTED_EDGE('',*,*,#2972,.F.);
#4921 = ORIENTED_EDGE('',*,*,#4862,.F.);
#4922 = ORIENTED_EDGE('',*,*,#4923,.T.);
#4923 = EDGE_CURVE('',#4856,#4924,#4926,.T.);
#4924 = VERTEX_POINT('',#4925);
#4925 = CARTESIAN_POINT('',(3.415060966544,3.620121933088,3.415060966544
    ));
#4926 = ( BOUNDED_CURVE() B_SPLINE_CURVE(3,(#4927,#4928,#4929,#4930,
    #4931,#4932,#4933,#4934,#4935,#4936,#4937),.UNSPECIFIED.,.F.,.F.) 
B_SPLINE_CURVE_WITH_KNOTS((4,1,1,1,1,1,1,1,4),(0.,5.225562490263,
    10.67140946022,16.371434799463,22.35682146474,28.651028806886,
    35.265103795654,42.194177461723,49.415742474403),.UNSPECIFIED.) 
CURVE() GEOMETRIC_REPRESENTATION_ITEM() RATIONAL_B_SPLINE_CURVE((1.,1.,
1.,1.,1.,1.,1.,1.,1.,1.,1.)) REPRESENTATION_ITEM('') );
#4927 = CARTESIAN_POINT('',(3.21,3.79,3.5));
#4928 = CARTESIAN_POINT('',(3.218709312256,3.790000552565,3.500000276282
    ));
#4929 = CARTESIAN_POINT('',(3.236495023545,3.788392284663,3.499196142332
    ));
#4930 = CARTESIAN_POINT('',(3.263332746235,3.780989697188,3.495494848593
    ));
#4931 = CARTESIAN_POINT('',(3.290471948228,3.768174830755,3.489087415379
    ));
#4932 = CARTESIAN_POINT('',(3.317507878735,3.749702248682,3.479851124341
    ));
#4933 = CARTESIAN_POINT('',(3.3440024342,3.725483109098,3.467741554549)
  );
#4934 = CARTESIAN_POINT('',(3.36950460751,3.695603956161,3.45280197808)
  );
#4935 = CARTESIAN_POINT('',(3.393571714324,3.660334437641,3.43516721882)
  );
#4936 = CARTESIAN_POINT('',(3.408112021826,3.63401944295,3.422009721475)
  );
#4937 = CARTESIAN_POINT('',(3.415060966544,3.620121933088,3.415060966544
    ));
#4938 = ORIENTED_EDGE('',*,*,#4939,.F.);
#4939 = EDGE_CURVE('',#4940,#4924,#4942,.T.);
#4940 = VERTEX_POINT('',#4941);
#4941 = CARTESIAN_POINT('',(3.5,3.79,3.21));
#4942 = ( BOUNDED_CURVE() B_SPLINE_CURVE(3,(#4943,#4944,#4945,#4946,
    #4947,#4948,#4949,#4950,#4951,#4952,#4953),.UNSPECIFIED.,.F.,.F.) 
B_SPLINE_CURVE_WITH_KNOTS((4,1,1,1,1,1,1,1,4),(0.,5.225562490263,
    10.67140946022,16.371434799463,22.35682146474,28.651028806887,
    35.265103795654,42.194177461723,49.415742474403),.UNSPECIFIED.) 
CURVE() GEOMETRIC_REPRESENTATION_ITEM() RATIONAL_B_SPLINE_CURVE((1.,1.,
1.,1.,1.,1.,1.,1.,1.,1.,1.)) REPRESENTATION_ITEM('') );
#4943 = CARTESIAN_POINT('',(3.5,3.79,3.21));
#4944 = CARTESIAN_POINT('',(3.500000276282,3.790000552565,3.218709312256
    ));
#4945 = CARTESIAN_POINT('',(3.499196142332,3.788392284663,3.236495023545
    ));
#4946 = CARTESIAN_POINT('',(3.495494848593,3.780989697188,3.263332746235
    ));
#4947 = CARTESIAN_POINT('',(3.489087415379,3.768174830755,3.290471948228
    ));
#4948 = CARTESIAN_POINT('',(3.479851124341,3.749702248682,3.317507878735
    ));
#4949 = CARTESIAN_POINT('',(3.467741554549,3.725483109098,3.3440024342)
  );
#4950 = CARTESIAN_POINT('',(3.45280197808,3.695603956161,3.36950460751)
  );
#4951 = CARTESIAN_POINT('',(3.43516721882,3.660334437641,3.393571714324)
  );
#4952 = CARTESIAN_POINT('',(3.422009721475,3.63401944295,3.408112021826)
  );
#4953 = CARTESIAN_POINT('',(3.415060966544,3.620121933088,3.415060966544
    ));
#4954 = ORIENTED_EDGE('',*,*,#4955,.F.);
#4955 = EDGE_CURVE('',#4880,#4940,#4956,.T.);
#4956 = CIRCLE('',#4957,0.29);
#4957 = AXIS2_PLACEMENT_3D('',#4958,#4959,#4960);
#4958 = CARTESIAN_POINT('',(3.79,3.79,3.21));
#4959 = DIRECTION('',(-7.8889392022E-15,-5.974761573536E-15,-1.));
#4960 = DIRECTION('',(7.656710514656E-15,-1.,5.974761573536E-15));
#4961 = B_SPLINE_SURFACE_WITH_KNOTS('',3,3,(
    (#4962,#4963,#4964,#4965,#4966,#4967,#4968,#4969,#4970,#4971,#4972
      ,#4973,#4974,#4975,#4976,#4977,#4978,#4979,#4980,#4981,#4982,#4983
      ,#4984)
    ,(#4985,#4986,#4987,#4988,#4989,#4990,#4991,#4992,#4993,#4994,#4995
      ,#4996,#4997,#4998,#4999,#5000,#5001,#5002,#5003,#5004,#5005,#5006
      ,#5007)
    ,(#5008,#5009,#5010,#5011,#5012,#5013,#5014,#5015,#5016,#5017,#5018
      ,#5019,#5020,#5021,#5022,#5023,#5024,#5025,#5026,#5027,#5028,#5029
      ,#5030)
    ,(#5031,#5032,#5033,#5034,#5035,#5036,#5037,#5038,#5039,#5040,#5041
      ,#5042,#5043,#5044,#5045,#5046,#5047,#5048,#5049,#5050,#5051,#5052
      ,#5053)
    ,(#5054,#5055,#5056,#5057,#5058,#5059,#5060,#5061,#5062,#5063,#5064
      ,#5065,#5066,#5067,#5068,#5069,#5070,#5071,#5072,#5073,#5074,#5075
      ,#5076)
    ,(#5077,#5078,#5079,#5080,#5081,#5082,#5083,#5084,#5085,#5086,#5087
      ,#5088,#5089,#5090,#5091,#5092,#5093,#5094,#5095,#5096,#5097,#5098
      ,#5099)
    ,(#5100,#5101,#5102,#5103,#5104,#5105,#5106,#5107,#5108,#5109,#5110
      ,#5111,#5112,#5113,#5114,#5115,#5116,#5117,#5118,#5119,#5120,#5121
      ,#5122)
    ,(#5123,#5124,#5125,#5126,#5127,#5128,#5129,#5130,#5131,#5132,#5133
      ,#5134,#5135,#5136,#5137,#5138,#5139,#5140,#5141,#5142,#5143,#5144
      ,#5145)
    ,(#5146,#5147,#5148,#5149,#5150,#5151,#5152,#5153,#5154,#5155,#5156
      ,#5157,#5158,#5159,#5160,#5161,#5162,#5163,#5164,#5165,#5166,#5167
      ,#5168)
    ,(#5169,#5170,#5171,#5172,#5173,#5174,#5175,#5176,#5177,#5178,#5179
      ,#5180,#5181,#5182,#5183,#5184,#5185,#5186,#5187,#5188,#5189,#5190
      ,#5191)
    ,(#5192,#5193,#5194,#5195,#5196,#5197,#5198,#5199,#5200,#5201,#5202
      ,#5203,#5204,#5205,#5206,#5207,#5208,#5209,#5210,#5211,#5212,#5213
      ,#5214)
    ,(#5215,#5216,#5217,#5218,#5219,#5220,#5221,#5222,#5223,#5224,#5225
      ,#5226,#5227,#5228,#5229,#5230,#5231,#5232,#5233,#5234,#5235,#5236
      ,#5237)
    ,(#5238,#5239,#5240,#5241,#5242,#5243,#5244,#5245,#5246,#5247,#5248
      ,#5249,#5250,#5251,#5252,#5253,#5254,#5255,#5256,#5257,#5258,#5259
      ,#5260)
    ,(#5261,#5262,#5263,#5264,#5265,#5266,#5267,#5268,#5269,#5270,#5271
      ,#5272,#5273,#5274,#5275,#5276,#5277,#5278,#5279,#5280,#5281,#5282
      ,#5283)
    ,(#5284,#5285,#5286,#5287,#5288,#5289,#5290,#5291,#5292,#5293,#5294
      ,#5295,#5296,#5297,#5298,#5299,#5300,#5301,#5302,#5303,#5304,#5305
      ,#5306)
    ,(#5307,#5308,#5309,#5310,#5311,#5312,#5313,#5314,#5315,#5316,#5317
      ,#5318,#5319,#5320,#5321,#5322,#5323,#5324,#5325,#5326,#5327,#5328
      ,#5329)
    ,(#5330,#5331,#5332,#5333,#5334,#5335,#5336,#5337,#5338,#5339,#5340
      ,#5341,#5342,#5343,#5344,#5345,#5346,#5347,#5348,#5349,#5350,#5351
      ,#5352)
    ,(#5353,#5354,#5355,#5356,#5357,#5358,#5359,#5360,#5361,#5362,#5363
      ,#5364,#5365,#5366,#5367,#5368,#5369,#5370,#5371,#5372,#5373,#5374
      ,#5375)
    ,(#5376,#5377,#5378,#5379,#5380,#5381,#5382,#5383,#5384,#5385,#5386
      ,#5387,#5388,#5389,#5390,#5391,#5392,#5393,#5394,#5395,#5396,#5397
      ,#5398)
    ,(#5399,#5400,#5401,#5402,#5403,#5404,#5405,#5406,#5407,#5408,#5409
      ,#5410,#5411,#5412,#5413,#5414,#5415,#5416,#5417,#5418,#5419,#5420
      ,#5421)
    ,(#5422,#5423,#5424,#5425,#5426,#5427,#5428,#5429,#5430,#5431,#5432
      ,#5433,#5434,#5435,#5436,#5437,#5438,#5439,#5440,#5441,#5442,#5443
      ,#5444)
    ,(#5445,#5446,#5447,#5448,#5449,#5450,#5451,#5452,#5453,#5454,#5455
      ,#5456,#5457,#5458,#5459,#5460,#5461,#5462,#5463,#5464,#5465,#5466
      ,#5467)
    ,(#5468,#5469,#5470,#5471,#5472,#5473,#5474,#5475,#5476,#5477,#5478
      ,#5479,#5480,#5481,#5482,#5483,#5484,#5485,#5486,#5487,#5488,#5489
      ,#5490
    )),.UNSPECIFIED.,.F.,.F.,.F.,(4,1,1,1,1,1,1,1,1,1,1,1,1,1,1,1,1,1,1,
    1,4),(4,1,1,1,1,1,1,1,1,1,1,1,1,1,1,1,1,1,1,1,4),(-49.2146319706,
    -44.29316877354,-39.37170557648,-34.45024237942,-29.52877918236,
    -24.6073159853,-19.68585278825,-14.76438959119,-9.842926394134,
    -4.921463197076,-1.718802877804E-11,4.921463197041,9.8429263941,
    14.764389591158,19.685852788216,24.607315985275,29.528779182333,
    34.450242379391,39.37170557645,44.293168773508,49.214631970566),(
    -42.62112152446,-38.35900937202,-34.09689721958,-29.83478506713,
    -25.57267291469,-21.31056076225,-17.04844860981,-12.78633645736,
    -8.524224304925,-4.262112152482,-3.962696837334E-11,4.262112152403,
    8.524224304846,12.786336457289,17.048448609731,21.310560762174,
    25.572672914617,29.834785067059,34.096897219502,38.359009371945,
    42.621121524387),.UNSPECIFIED.);
#4962 = CARTESIAN_POINT('',(3.321172439928,2.603704866851,3.540160325137
    ));
#4963 = CARTESIAN_POINT('',(3.366107907675,2.645219441649,3.526209968724
    ));
#4964 = CARTESIAN_POINT('',(3.410960425714,2.686536708523,3.512266166987
    ));
#4965 = CARTESIAN_POINT('',(3.455730597752,2.72754041007,3.498554150956)
  );
#4966 = CARTESIAN_POINT('',(3.500633841374,2.768387049634,3.48564732003)
  );
#4967 = CARTESIAN_POINT('',(3.546166861901,2.809587040973,3.474488864063
    ));
#4968 = CARTESIAN_POINT('',(3.593111091853,2.852017067303,3.466329480953
    ));
#4969 = CARTESIAN_POINT('',(3.642489300587,2.896877442358,3.462562780183
    ));
#4970 = CARTESIAN_POINT('',(3.695454804708,2.945568006817,3.464413559644
    ));
#4971 = CARTESIAN_POINT('',(3.752954315145,2.999319925477,3.472420884166
    ));
#4972 = CARTESIAN_POINT('',(3.814876000935,3.058324776179,3.485801193334
    ));
#4973 = CARTESIAN_POINT('',(3.879157943352,3.120778135723,3.502196521746
    ));
#4974 = CARTESIAN_POINT('',(3.943223312343,3.184041469033,3.51791844733)
  );
#4975 = CARTESIAN_POINT('',(4.004355208973,3.245636134827,3.529883156869
    ));
#4976 = CARTESIAN_POINT('',(4.06034296494,3.303101386802,3.536959908663)
  );
#4977 = CARTESIAN_POINT('',(4.110983483853,3.355999602834,3.538688421234
    ));
#4978 = CARTESIAN_POINT('',(4.157223009108,3.405138489669,3.535240587081
    ));
#4979 = CARTESIAN_POINT('',(4.20030439798,3.451617980682,3.527388208457)
  );
#4980 = CARTESIAN_POINT('',(4.241397338366,3.496432432597,3.516232438725
    ));
#4981 = CARTESIAN_POINT('',(4.281454524135,3.540361887165,3.50291431422)
  );
#4982 = CARTESIAN_POINT('',(4.321142592556,3.583937979459,3.488407268644
    ));
#4983 = CARTESIAN_POINT('',(4.360820235483,3.627444724971,3.473404686822
    ));
#4984 = CARTESIAN_POINT('',(4.400566442141,3.670969007984,3.458282535585
    ));
#4985 = CARTESIAN_POINT('',(3.352009392928,2.693742767548,3.599363584607
    ));
#4986 = CARTESIAN_POINT('',(3.389106138885,2.729282344231,3.580087390485
    ));
#4987 = CARTESIAN_POINT('',(3.426400232664,2.764852688922,3.560943459229
    ));
#4988 = CARTESIAN_POINT('',(3.46421256538,2.800559987553,3.542230420534)
  );
#4989 = CARTESIAN_POINT('',(3.502966516439,2.83665517536,3.524461824401)
  );
#4990 = CARTESIAN_POINT('',(3.54318870454,2.873556063818,3.508359620684)
  );
#4991 = CARTESIAN_POINT('',(3.585414569965,2.911805060682,3.494807963492
    ));
#4992 = CARTESIAN_POINT('',(3.63007408526,2.952000727125,3.484809935619)
  );
#4993 = CARTESIAN_POINT('',(3.677502474715,2.994816303323,3.479517318715
    ));
#4994 = CARTESIAN_POINT('',(3.728267240721,3.04131140667,3.480246664755)
  );
#4995 = CARTESIAN_POINT('',(3.783899564017,3.093556962649,3.488009030469
    ));
#4996 = CARTESIAN_POINT('',(3.845916161197,3.153644550124,3.501403533808
    ));
#4997 = CARTESIAN_POINT('',(3.907869703718,3.215979699516,3.513641592215
    ));
#4998 = CARTESIAN_POINT('',(3.96266055003,3.272135438416,3.520977857839)
  );
#4999 = CARTESIAN_POINT('',(4.011557809809,3.322961426387,3.522504860117
    ));
#5000 = CARTESIAN_POINT('',(4.056220769743,3.370107737243,3.518130002167
    ));
#5001 = CARTESIAN_POINT('',(4.097485472015,3.414234881997,3.50865809234)
  );
#5002 = CARTESIAN_POINT('',(4.135962819585,3.455713724068,3.495132438454
    ));
#5003 = CARTESIAN_POINT('',(4.172312681655,3.495006294782,3.478552210313
    ));
#5004 = CARTESIAN_POINT('',(4.207218898939,3.532671484308,3.45983430169)
  );
#5005 = CARTESIAN_POINT('',(4.24127358507,3.569273396076,3.439776038376)
  );
#5006 = CARTESIAN_POINT('',(4.274907549798,3.605297408883,3.419014645848
    ));
#5007 = CARTESIAN_POINT('',(4.30839328226,3.641112549572,3.397999586713)
  );
#5008 = CARTESIAN_POINT('',(3.382929295636,2.783977976168,3.658560289401
    ));
#5009 = CARTESIAN_POINT('',(3.412020816677,2.813264196294,3.633746135895
    ));
#5010 = CARTESIAN_POINT('',(3.441625225738,2.842895908572,3.609272583098
    ));
#5011 = CARTESIAN_POINT('',(3.472413245272,2.873225654622,3.585536899659
    ));
#5012 = CARTESIAN_POINT('',(3.505014464303,2.90455703163,3.562968820727)
  );
#5013 = CARTESIAN_POINT('',(3.539969210339,2.937201456144,3.54208746572)
  );
#5014 = CARTESIAN_POINT('',(3.577587500831,2.971393527113,3.52345525762)
  );
#5015 = CARTESIAN_POINT('',(3.61786547561,3.007292687777,3.507742824117)
  );
#5016 = CARTESIAN_POINT('',(3.66060868661,3.045104186785,3.495943703031)
  );
#5017 = CARTESIAN_POINT('',(3.705530254061,3.085298888902,3.489646850331
    ));
#5018 = CARTESIAN_POINT('',(3.753438038428,3.129623260998,3.491547324272
    ));
#5019 = CARTESIAN_POINT('',(3.812814447921,3.186351070731,3.500005937016
    ));
#5020 = CARTESIAN_POINT('',(3.872009864463,3.247900035019,3.507411665583
    ));
#5021 = CARTESIAN_POINT('',(3.918958319177,3.296611617828,3.511402098584
    ));
#5022 = CARTESIAN_POINT('',(3.961623314888,3.341576137102,3.507417637595
    ));
#5023 = CARTESIAN_POINT('',(4.001161441755,3.383923645021,3.496971673349
    ));
#5024 = CARTESIAN_POINT('',(4.037821104298,3.423436850975,3.481746246487
    ));
#5025 = CARTESIAN_POINT('',(4.071838235219,3.460023782428,3.462836785479
    ));
#5026 = CARTESIAN_POINT('',(4.103514081548,3.493828563643,3.441039584535
    ));
#5027 = CARTESIAN_POINT('',(4.133291219154,3.525228701034,3.417034338036
    ));
#5028 = CARTESIAN_POINT('',(4.161684280218,3.554805943903,3.391462226102
    ));
#5029 = CARTESIAN_POINT('',(4.189142417068,3.583254514578,3.36488100229)
  );
#5030 = CARTESIAN_POINT('',(4.216151558576,3.611238553718,3.337836207306
    ));
#5031 = CARTESIAN_POINT('',(3.413817749857,2.874577032583,3.717611621955
    ));
#5032 = CARTESIAN_POINT('',(3.434644844343,2.8970085294,3.686801161773)
  );
#5033 = CARTESIAN_POINT('',(3.456318102767,2.920248857416,3.656690449916
    ));
#5034 = CARTESIAN_POINT('',(3.479948110401,2.945016624627,3.627895398028
    ));
#5035 = CARTESIAN_POINT('',(3.506484136186,2.971601752705,3.600698596707
    ));
#5036 = CARTESIAN_POINT('',(3.5363725102,3.000143434018,3.575410558902)
  );
#5037 = CARTESIAN_POINT('',(3.569594085456,3.030508260645,3.552291476078
    ));
#5038 = CARTESIAN_POINT('',(3.605837799216,3.062535622982,3.531882408409
    ));
#5039 = CARTESIAN_POINT('',(3.644868303934,3.096459936069,3.515320833087
    ));
#5040 = CARTESIAN_POINT('',(3.686707381932,3.13325710801,3.504606809935)
  );
#5041 = CARTESIAN_POINT('',(3.730962670154,3.174686945037,3.504478991164
    ));
#5042 = CARTESIAN_POINT('',(3.778530274954,3.221030087755,3.500101707066
    ));
#5043 = CARTESIAN_POINT('',(3.826717673676,3.270611389396,3.495921164779
    ));
#5044 = CARTESIAN_POINT('',(3.870851345164,3.316242003536,3.499671304745
    ));
#5045 = CARTESIAN_POINT('',(3.910213384894,3.358689752883,3.490168661894
    ));
#5046 = CARTESIAN_POINT('',(3.945734025237,3.397444747134,3.474375025554
    ));
#5047 = CARTESIAN_POINT('',(3.978254109093,3.432758805343,3.454219836423
    ));
#5048 = CARTESIAN_POINT('',(4.008123667396,3.464665611899,3.430543642596
    ));
#5049 = CARTESIAN_POINT('',(4.035379321727,3.493142432594,3.403981732003
    ));
#5050 = CARTESIAN_POINT('',(4.060140734069,3.518359881557,3.374954572451
    ));
#5051 = CARTESIAN_POINT('',(4.082812701249,3.540849106101,3.343971012688
    ));
#5052 = CARTESIAN_POINT('',(4.103796647113,3.561580618566,3.311455949561
    ));
#5053 = CARTESIAN_POINT('',(4.123920939554,3.581538355099,3.278165633437
    ));
#5054 = CARTESIAN_POINT('',(3.444047469376,2.965360984514,3.776038163994
    ));
#5055 = CARTESIAN_POINT('',(3.456613290736,2.980351825639,3.738810757001
    ));
#5056 = CARTESIAN_POINT('',(3.470202695017,2.996542969828,3.702601504499
    ));
#5057 = CARTESIAN_POINT('',(3.486521895251,3.01540429156,3.668638341069)
  );
#5058 = CARTESIAN_POINT('',(3.507312293362,3.037375290443,3.637138136477
    ));
#5059 = CARTESIAN_POINT('',(3.532576612642,3.062077369215,3.60795885525)
  );
#5060 = CARTESIAN_POINT('',(3.561589112744,3.088829249912,3.581013821471
    ));
#5061 = CARTESIAN_POINT('',(3.59405781536,3.117246215296,3.557154233082)
  );
#5062 = CARTESIAN_POINT('',(3.629281454257,3.147636228005,3.53817080744)
  );
#5063 = CARTESIAN_POINT('',(3.666700157149,3.180815023997,3.526337119614
    ));
#5064 = CARTESIAN_POINT('',(3.7046956625,3.216884329617,3.514297214891)
  );
#5065 = CARTESIAN_POINT('',(3.742586478528,3.25550175858,3.499178239962)
  );
#5066 = CARTESIAN_POINT('',(3.782830527877,3.295351356684,3.486333874839
    ));
#5067 = CARTESIAN_POINT('',(3.822397354886,3.336814658057,3.481048554261
    ));
#5068 = CARTESIAN_POINT('',(3.857910110171,3.375393850444,3.469059703898
    ));
#5069 = CARTESIAN_POINT('',(3.889879517353,3.410543146484,3.450088261734
    ));
#5070 = CARTESIAN_POINT('',(3.918743375203,3.441979057033,3.426092783311
    ));
#5071 = CARTESIAN_POINT('',(3.944870809795,3.469523286468,3.398412002695
    ));
#5072 = CARTESIAN_POINT('',(3.968214129564,3.492986852159,3.367704337588
    ));
#5073 = CARTESIAN_POINT('',(3.988302172831,3.512278897066,3.334118580689
    ));
#5074 = CARTESIAN_POINT('',(4.005060094869,3.527746447502,3.297819791852
    ));
#5075 = CARTESIAN_POINT('',(4.019178983283,3.540739906483,3.259273650611
    ));
#5076 = CARTESIAN_POINT('',(4.032230089,3.552667819922,3.219824672351));
#5077 = CARTESIAN_POINT('',(3.472145004042,3.05534204848,3.832660748921)
  );
#5078 = CARTESIAN_POINT('',(3.477296803379,3.06322079031,3.789417047139)
  );
#5079 = CARTESIAN_POINT('',(3.483164150079,3.071838366505,3.746743512713
    ));
#5080 = CARTESIAN_POINT('',(3.492342273174,3.084010778718,3.707070231856
    ));
#5081 = CARTESIAN_POINT('',(3.507901174169,3.101736196992,3.67182474566)
  );
#5082 = CARTESIAN_POINT('',(3.529051441934,3.122725835192,3.639081441074
    ));
#5083 = CARTESIAN_POINT('',(3.553651656408,3.145641458914,3.608723079389
    ));
#5084 = CARTESIAN_POINT('',(3.582335985169,3.170199680681,3.582624526806
    ));
#5085 = CARTESIAN_POINT('',(3.61321145506,3.196790280135,3.560953480597)
  );
#5086 = CARTESIAN_POINT('',(3.64413331265,3.225212669874,3.540722894007)
  );
#5087 = CARTESIAN_POINT('',(3.674028314123,3.255220832416,3.518719629892
    ));
#5088 = CARTESIAN_POINT('',(3.705563360708,3.287859851178,3.495953956655
    ));
#5089 = CARTESIAN_POINT('',(3.739142550611,3.321222350589,3.477071280614
    ));
#5090 = CARTESIAN_POINT('',(3.773449409253,3.357255404328,3.463649996106
    ));
#5091 = CARTESIAN_POINT('',(3.805384971385,3.392018296197,3.447424818698
    ));
#5092 = CARTESIAN_POINT('',(3.834029727229,3.42330908065,3.424948477424)
  );
#5093 = CARTESIAN_POINT('',(3.859561200789,3.450932336563,3.397584268475
    ));
#5094 = CARTESIAN_POINT('',(3.882048315686,3.474287531784,3.366815678791
    ));
#5095 = CARTESIAN_POINT('',(3.902039097592,3.493040239686,3.33244470522)
  );
#5096 = CARTESIAN_POINT('',(3.91831363756,3.506760253716,3.295133890403)
  );
#5097 = CARTESIAN_POINT('',(3.928400763739,3.515828109132,3.253194603792
    ));
#5098 = CARTESIAN_POINT('',(3.9355668834,3.521406724183,3.208849265758)
  );
#5099 = CARTESIAN_POINT('',(3.942467324145,3.52605659033,3.164425384287)
  );
#5100 = CARTESIAN_POINT('',(3.495613320778,3.14233213794,3.885282055647)
  );
#5101 = CARTESIAN_POINT('',(3.495383399684,3.145272557296,3.838052377661
    ));
#5102 = CARTESIAN_POINT('',(3.495052426651,3.147225543016,3.789865305241
    ));
#5103 = CARTESIAN_POINT('',(3.499355596158,3.151276306267,3.742854478705
    ));
#5104 = CARTESIAN_POINT('',(3.509381480584,3.164845705197,3.704240370323
    ));
#5105 = CARTESIAN_POINT('',(3.525833113196,3.18151480645,3.667189570935)
  );
#5106 = CARTESIAN_POINT('',(3.546332197991,3.199563625576,3.63384949378)
  );
#5107 = CARTESIAN_POINT('',(3.569475598524,3.21964063533,3.603976469277)
  );
#5108 = CARTESIAN_POINT('',(3.593111937713,3.241393940003,3.575855590669
    ));
#5109 = CARTESIAN_POINT('',(3.615900367607,3.264120900616,3.547520803916
    ));
#5110 = CARTESIAN_POINT('',(3.638935304164,3.288578967375,3.517988435405
    ));
#5111 = CARTESIAN_POINT('',(3.664997659569,3.315769059379,3.489901661603
    ));
#5112 = CARTESIAN_POINT('',(3.69442853419,3.345544315035,3.466572357279)
  );
#5113 = CARTESIAN_POINT('',(3.725024811945,3.377985140611,3.448261070844
    ));
#5114 = CARTESIAN_POINT('',(3.75340668459,3.408478826491,3.4263343842));
#5115 = CARTESIAN_POINT('',(3.77868513668,3.435727593689,3.400412589641)
  );
#5116 = CARTESIAN_POINT('',(3.801396701639,3.459464061473,3.369593789609
    ));
#5117 = CARTESIAN_POINT('',(3.820048308453,3.478550947898,3.336638108891
    ));
#5118 = CARTESIAN_POINT('',(3.836478501387,3.492543129173,3.298423871681
    ));
#5119 = CARTESIAN_POINT('',(3.849947298051,3.50057508096,3.258307409563)
  );
#5120 = CARTESIAN_POINT('',(3.851928847192,3.505366089115,3.209402652858
    ));
#5121 = CARTESIAN_POINT('',(3.853741273511,3.504598417891,3.161139633684
    ));
#5122 = CARTESIAN_POINT('',(3.857088744916,3.504199854004,3.114482666507
    ));
#5123 = CARTESIAN_POINT('',(3.511239839151,3.223404331981,3.931134595727
    ));
#5124 = CARTESIAN_POINT('',(3.507674460803,3.224086554381,3.882287411118
    ));
#5125 = CARTESIAN_POINT('',(3.502695209048,3.224541478869,3.833420561007
    ));
#5126 = CARTESIAN_POINT('',(3.50020745192,3.221814370574,3.778839548047)
  );
#5127 = CARTESIAN_POINT('',(3.506941314643,3.226837902159,3.731287975378
    ));
#5128 = CARTESIAN_POINT('',(3.517982272695,3.236123654222,3.689748585804
    ));
#5129 = CARTESIAN_POINT('',(3.532548679784,3.248952775575,3.651981051262
    ));
#5130 = CARTESIAN_POINT('',(3.548342996906,3.264164421926,3.616277837877
    ));
#5131 = CARTESIAN_POINT('',(3.563755736275,3.280557097992,3.581413523337
    ));
#5132 = CARTESIAN_POINT('',(3.580419287954,3.298237578434,3.546593157434
    ));
#5133 = CARTESIAN_POINT('',(3.599054054868,3.317893541561,3.512308355146
    ));
#5134 = CARTESIAN_POINT('',(3.620913949432,3.340583590013,3.48067644989)
  );
#5135 = CARTESIAN_POINT('',(3.646791399406,3.36782409533,3.454459494151)
  );
#5136 = CARTESIAN_POINT('',(3.676009386087,3.397595262504,3.432559091769
    ));
#5137 = CARTESIAN_POINT('',(3.701624716239,3.424978988974,3.407340776343
    ));
#5138 = CARTESIAN_POINT('',(3.724454827912,3.448188840681,3.377817324658
    ));
#5139 = CARTESIAN_POINT('',(3.744460019221,3.467153711524,3.344702351963
    ));
#5140 = CARTESIAN_POINT('',(3.761052985492,3.48209242251,3.307826401991)
  );
#5141 = CARTESIAN_POINT('',(3.772667323313,3.492661725265,3.267739245655
    ));
#5142 = CARTESIAN_POINT('',(3.777677243475,3.499693134804,3.220733827994
    ));
#5143 = CARTESIAN_POINT('',(3.775350814837,3.497106054802,3.166224499905
    ));
#5144 = CARTESIAN_POINT('',(3.776872856907,3.492969972669,3.119351809208
    ));
#5145 = CARTESIAN_POINT('',(3.778816130156,3.49052154753,3.07258995971)
  );
#5146 = CARTESIAN_POINT('',(3.515913030789,3.296619143321,3.968408275204
    ));
#5147 = CARTESIAN_POINT('',(3.509196695685,3.293620929121,3.916305073984
    ));
#5148 = CARTESIAN_POINT('',(3.50030804064,3.289774926803,3.862983480055)
  );
#5149 = CARTESIAN_POINT('',(3.491151387644,3.28303964676,3.805080097172)
  );
#5150 = CARTESIAN_POINT('',(3.490509255043,3.28254510518,3.75232685671)
  );
#5151 = CARTESIAN_POINT('',(3.496458698311,3.286366256983,3.704632403085
    ));
#5152 = CARTESIAN_POINT('',(3.505718450486,3.294187064552,3.661648756283
    ));
#5153 = CARTESIAN_POINT('',(3.515822416941,3.30469240218,3.620744858421)
  );
#5154 = CARTESIAN_POINT('',(3.527467071604,3.316211255259,3.580811925769
    ));
#5155 = CARTESIAN_POINT('',(3.540824082713,3.329450701023,3.541723135809
    ));
#5156 = CARTESIAN_POINT('',(3.556393150634,3.345369717309,3.504378894419
    ));
#5157 = CARTESIAN_POINT('',(3.574819360478,3.364688680032,3.470080571794
    ));
#5158 = CARTESIAN_POINT('',(3.597097456399,3.387913860764,3.440085049655
    ));
#5159 = CARTESIAN_POINT('',(3.624616213301,3.415966903354,3.415971295411
    ));
#5160 = CARTESIAN_POINT('',(3.649050240549,3.439917933814,3.387690319665
    ));
#5161 = CARTESIAN_POINT('',(3.671335496792,3.460493200536,3.356700372429
    ));
#5162 = CARTESIAN_POINT('',(3.69064775015,3.478499664702,3.323510337861)
  );
#5163 = CARTESIAN_POINT('',(3.705376454763,3.49380271209,3.287761073185)
  );
#5164 = CARTESIAN_POINT('',(3.715596600792,3.506960870916,3.245062255511
    ));
#5165 = CARTESIAN_POINT('',(3.717422466775,3.509461169354,3.195548977008
    ));
#5166 = CARTESIAN_POINT('',(3.713082993858,3.500296384684,3.140060018585
    ));
#5167 = CARTESIAN_POINT('',(3.710624449174,3.493209999502,3.089375997069
    ));
#5168 = CARTESIAN_POINT('',(3.708836213657,3.488076500131,3.039734652584
    ));
#5169 = CARTESIAN_POINT('',(3.507935240629,3.360264382593,3.99531266558)
  );
#5170 = CARTESIAN_POINT('',(3.500222310071,3.35320211344,3.93937680347)
  );
#5171 = CARTESIAN_POINT('',(3.492348827694,3.345442872682,3.882631491321
    ));
#5172 = CARTESIAN_POINT('',(3.481169007292,3.337864805726,3.825017154302
    ));
#5173 = CARTESIAN_POINT('',(3.47279241369,3.333863125658,3.768639705871)
  );
#5174 = CARTESIAN_POINT('',(3.472048389862,3.333541780354,3.716584954966
    ));
#5175 = CARTESIAN_POINT('',(3.474927786869,3.336044695591,3.667834722754
    ));
#5176 = CARTESIAN_POINT('',(3.47953541135,3.342918787011,3.621699377287)
  );
#5177 = CARTESIAN_POINT('',(3.48837499094,3.349368403886,3.57733032917)
  );
#5178 = CARTESIAN_POINT('',(3.499695295793,3.359287053603,3.535396264599
    ));
#5179 = CARTESIAN_POINT('',(3.513423388884,3.372755177266,3.496254775025
    ));
#5180 = CARTESIAN_POINT('',(3.529521928958,3.389202190191,3.459783330383
    ));
#5181 = CARTESIAN_POINT('',(3.548127456302,3.408290640987,3.425996896222
    ));
#5182 = CARTESIAN_POINT('',(3.570816125156,3.432147532807,3.39720099771)
  );
#5183 = CARTESIAN_POINT('',(3.59706683782,3.455603787725,3.368998532737)
  );
#5184 = CARTESIAN_POINT('',(3.621465472488,3.478380494846,3.339932614179
    ));
#5185 = CARTESIAN_POINT('',(3.642285029527,3.499501703927,3.308372380325
    ));
#5186 = CARTESIAN_POINT('',(3.657519835899,3.51634176366,3.272799051754)
  );
#5187 = CARTESIAN_POINT('',(3.66598236298,3.528130028486,3.230034309203)
  );
#5188 = CARTESIAN_POINT('',(3.665957234168,3.525475487122,3.179797574448
    ));
#5189 = CARTESIAN_POINT('',(3.660814797747,3.514096895637,3.12523490778)
  );
#5190 = CARTESIAN_POINT('',(3.65428080464,3.505893282169,3.070689865782)
  );
#5191 = CARTESIAN_POINT('',(3.647914498019,3.498231884042,3.01679329262)
  );
#5192 = CARTESIAN_POINT('',(3.487781133568,3.413475648547,4.011275731083
    ));
#5193 = CARTESIAN_POINT('',(3.478923444338,3.404211407166,3.952844838356
    ));
#5194 = CARTESIAN_POINT('',(3.470074485096,3.395092900936,3.894465858606
    ));
#5195 = CARTESIAN_POINT('',(3.461006398334,3.387083804971,3.836684780575
    ));
#5196 = CARTESIAN_POINT('',(3.453574596163,3.381069473475,3.780083608658
    ));
#5197 = CARTESIAN_POINT('',(3.448046656974,3.378118966127,3.725455635857
    ));
#5198 = CARTESIAN_POINT('',(3.447124612918,3.377413643565,3.673526560539
    ));
#5199 = CARTESIAN_POINT('',(3.447611422989,3.378056037859,3.622560378893
    ));
#5200 = CARTESIAN_POINT('',(3.450281101616,3.380788597932,3.573221836969
    ));
#5201 = CARTESIAN_POINT('',(3.459468086362,3.389512023307,3.529697105037
    ));
#5202 = CARTESIAN_POINT('',(3.472265907992,3.402011708419,3.490035207233
    ));
#5203 = CARTESIAN_POINT('',(3.48757927407,3.417404756792,3.453025028263)
  );
#5204 = CARTESIAN_POINT('',(3.505478002446,3.435594967497,3.418576837181
    ));
#5205 = CARTESIAN_POINT('',(3.52685509321,3.457033618297,3.387319941646)
  );
#5206 = CARTESIAN_POINT('',(3.551766870844,3.48059272242,3.35841467953)
  );
#5207 = CARTESIAN_POINT('',(3.576954327923,3.504934050371,3.329864245603
    ));
#5208 = CARTESIAN_POINT('',(3.59918698356,3.527904264397,3.299192460252)
  );
#5209 = CARTESIAN_POINT('',(3.615412857632,3.546132280795,3.263949162201
    ));
#5210 = CARTESIAN_POINT('',(3.622894317095,3.553989732719,3.221665278759
    ));
#5211 = CARTESIAN_POINT('',(3.621047716138,3.549778898419,3.171475410889
    ));
#5212 = CARTESIAN_POINT('',(3.614477787799,3.5405958295,3.116952683706)
  );
#5213 = CARTESIAN_POINT('',(3.605623071844,3.530434782107,3.060477239139
    ));
#5214 = CARTESIAN_POINT('',(3.596146176656,3.520401985697,3.003599750297
    ));
#5215 = CARTESIAN_POINT('',(3.456085926301,3.456085511539,4.016534885968
    ));
#5216 = CARTESIAN_POINT('',(3.446455826958,3.446455517064,3.957301424047
    ));
#5217 = CARTESIAN_POINT('',(3.437139090889,3.43713887503,3.898438914708)
  );
#5218 = CARTESIAN_POINT('',(3.428830190237,3.42883003169,3.840514617528)
  );
#5219 = CARTESIAN_POINT('',(3.422267612374,3.422267496268,3.7839260153)
  );
#5220 = CARTESIAN_POINT('',(3.41853336981,3.418533341691,3.729426320968)
  );
#5221 = CARTESIAN_POINT('',(3.416582562965,3.416582568772,3.676826595279
    ));
#5222 = CARTESIAN_POINT('',(3.416085018984,3.416085017549,3.624607614639
    ));
#5223 = CARTESIAN_POINT('',(3.41506557135,3.415065577675,3.571026228036)
  );
#5224 = CARTESIAN_POINT('',(3.422542017783,3.422542022988,3.527190339848
    ));
#5225 = CARTESIAN_POINT('',(3.434867964798,3.43486796446,3.487681905702)
  );
#5226 = CARTESIAN_POINT('',(3.450108807836,3.450108798882,3.450710370792
    ));
#5227 = CARTESIAN_POINT('',(3.468054048746,3.468054033076,3.416165827875
    ));
#5228 = CARTESIAN_POINT('',(3.4890523601,3.489052340909,3.384309693345)
  );
#5229 = CARTESIAN_POINT('',(3.513001936478,3.513001919819,3.355029311331
    ));
#5230 = CARTESIAN_POINT('',(3.538078031227,3.538078022148,3.326511415254
    ));
#5231 = CARTESIAN_POINT('',(3.56121203707,3.561212036654,3.296087276005)
  );
#5232 = CARTESIAN_POINT('',(3.578574708564,3.578574710949,3.261068418414
    ));
#5233 = CARTESIAN_POINT('',(3.58564285127,3.58564285063,3.219037573195)
  );
#5234 = CARTESIAN_POINT('',(3.581838196109,3.581838196406,3.168852516039
    ));
#5235 = CARTESIAN_POINT('',(3.574151731378,3.574151763146,3.114239772189
    ));
#5236 = CARTESIAN_POINT('',(3.564158493318,3.564158567639,3.057202148596
    ));
#5237 = CARTESIAN_POINT('',(3.553458756456,3.553458876223,2.999339427272
    ));
#5238 = CARTESIAN_POINT('',(3.413476105553,3.487780806758,4.011275631522
    ));
#5239 = CARTESIAN_POINT('',(3.404211773899,3.478923209932,3.952844730177
    ));
#5240 = CARTESIAN_POINT('',(3.395093151708,3.470074331737,3.894465771258
    ));
#5241 = CARTESIAN_POINT('',(3.38708394191,3.461006302668,3.836684732653)
  );
#5242 = CARTESIAN_POINT('',(3.381069614183,3.453574525053,3.780083526269
    ));
#5243 = CARTESIAN_POINT('',(3.378118956386,3.448046663379,3.725455632469
    ));
#5244 = CARTESIAN_POINT('',(3.377413641987,3.447124615499,3.673526563831
    ));
#5245 = CARTESIAN_POINT('',(3.378056042889,3.447611416783,3.6225603776)
  );
#5246 = CARTESIAN_POINT('',(3.380788599699,3.450281106855,3.573221830214
    ));
#5247 = CARTESIAN_POINT('',(3.389512019416,3.459468091484,3.529697094577
    ));
#5248 = CARTESIAN_POINT('',(3.402011705852,3.472265903542,3.490035200741
    ));
#5249 = CARTESIAN_POINT('',(3.41740476001,3.487579256824,3.453025024729)
  );
#5250 = CARTESIAN_POINT('',(3.435594976186,3.505477979775,3.418576833489
    ));
#5251 = CARTESIAN_POINT('',(3.457033626833,3.526855076155,3.387319943264
    ));
#5252 = CARTESIAN_POINT('',(3.48059272194,3.551766830581,3.358414694021)
  );
#5253 = CARTESIAN_POINT('',(3.504934049602,3.576954311154,3.329864253272
    ));
#5254 = CARTESIAN_POINT('',(3.5279042678,3.599186994384,3.299192437357)
  );
#5255 = CARTESIAN_POINT('',(3.546132287377,3.615412872084,3.263949133337
    ));
#5256 = CARTESIAN_POINT('',(3.553989730292,3.622894313225,3.221665288011
    ));
#5257 = CARTESIAN_POINT('',(3.54977890204,3.621047720941,3.171475398378)
  );
#5258 = CARTESIAN_POINT('',(3.54059581311,3.61447783796,3.116952682704)
  );
#5259 = CARTESIAN_POINT('',(3.530434740741,3.605623187524,3.060477254431
    ));
#5260 = CARTESIAN_POINT('',(3.520401923544,3.596146375759,3.003599769475
    ));
#5261 = CARTESIAN_POINT('',(3.360264794773,3.507935016961,3.995312516444
    ));
#5262 = CARTESIAN_POINT('',(3.353202492258,3.500222158766,3.939376619385
    ));
#5263 = CARTESIAN_POINT('',(3.345443158961,3.492348744852,3.88263131667)
  );
#5264 = CARTESIAN_POINT('',(3.337864812493,3.481168995966,3.825017144517
    ));
#5265 = CARTESIAN_POINT('',(3.333863085791,3.472792432153,3.768639737248
    ));
#5266 = CARTESIAN_POINT('',(3.333541760939,3.472048400285,3.716584970114
    ));
#5267 = CARTESIAN_POINT('',(3.336044715188,3.474927773203,3.667834713375
    ));
#5268 = CARTESIAN_POINT('',(3.342918784807,3.479535408272,3.621699333793
    ));
#5269 = CARTESIAN_POINT('',(3.349368398639,3.488374993103,3.577330294707
    ));
#5270 = CARTESIAN_POINT('',(3.359287044907,3.499695294347,3.535396248245
    ));
#5271 = CARTESIAN_POINT('',(3.372755171302,3.513423373781,3.496254775099
    ));
#5272 = CARTESIAN_POINT('',(3.389202189619,3.529521903937,3.4597833332)
  );
#5273 = CARTESIAN_POINT('',(3.408290643748,3.54812742607,3.425996891475)
  );
#5274 = CARTESIAN_POINT('',(3.432147535646,3.570816144648,3.397200992568
    ));
#5275 = CARTESIAN_POINT('',(3.45560377508,3.597066768946,3.368998556014)
  );
#5276 = CARTESIAN_POINT('',(3.478380488417,3.621465459515,3.339932635856
    ));
#5277 = CARTESIAN_POINT('',(3.499501702493,3.642285053284,3.308372348201
    ));
#5278 = CARTESIAN_POINT('',(3.516341807469,3.657519910244,3.272798889638
    ));
#5279 = CARTESIAN_POINT('',(3.528130018254,3.665982348121,3.230034344857
    ));
#5280 = CARTESIAN_POINT('',(3.525475496327,3.665957243513,3.179797544254
    ));
#5281 = CARTESIAN_POINT('',(3.514096879294,3.660814844674,3.125234934288
    ));
#5282 = CARTESIAN_POINT('',(3.505893261516,3.65428096095,3.070689901205)
  );
#5283 = CARTESIAN_POINT('',(3.498231862851,3.647914800354,3.016793320568
    ));
#5284 = CARTESIAN_POINT('',(3.296619407943,3.515912906271,3.968408147008
    ));
#5285 = CARTESIAN_POINT('',(3.29362119567,3.509196624698,3.916304918848)
  );
#5286 = CARTESIAN_POINT('',(3.289775189626,3.500308014558,3.862983299644
    ));
#5287 = CARTESIAN_POINT('',(3.283039624103,3.491151390109,3.805080110354
    ));
#5288 = CARTESIAN_POINT('',(3.282545118214,3.490509254453,3.752326842224
    ));
#5289 = CARTESIAN_POINT('',(3.286366344932,3.496458651985,3.704632349422
    ));
#5290 = CARTESIAN_POINT('',(3.29418712384,3.505718426825,3.661648729074)
  );
#5291 = CARTESIAN_POINT('',(3.304692416174,3.515822405272,3.620744814122
    ));
#5292 = CARTESIAN_POINT('',(3.316211244562,3.527467078765,3.580811882137
    ));
#5293 = CARTESIAN_POINT('',(3.329450685975,3.540824058832,3.541723137314
    ));
#5294 = CARTESIAN_POINT('',(3.345369707999,3.556393108647,3.504378920596
    ));
#5295 = CARTESIAN_POINT('',(3.364688677548,3.574819338193,3.470080590048
    ));
#5296 = CARTESIAN_POINT('',(3.387913857659,3.597097461118,3.440085055568
    ));
#5297 = CARTESIAN_POINT('',(3.415966902559,3.624616210298,3.415971295947
    ));
#5298 = CARTESIAN_POINT('',(3.439917934387,3.649050257738,3.387690317078
    ));
#5299 = CARTESIAN_POINT('',(3.460493200169,3.671335493891,3.356700368407
    ));
#5300 = CARTESIAN_POINT('',(3.478499656773,3.690647751893,3.323510352689
    ));
#5301 = CARTESIAN_POINT('',(3.493802846094,3.705376646559,3.287760604394
    ));
#5302 = CARTESIAN_POINT('',(3.50696086085,3.715596594599,3.245062291073)
  );
#5303 = CARTESIAN_POINT('',(3.509461174146,3.717422466887,3.195548959426
    ));
#5304 = CARTESIAN_POINT('',(3.500296372405,3.713082974432,3.140060077499
    ));
#5305 = CARTESIAN_POINT('',(3.49320999683,3.710624651897,3.089376032711)
  );
#5306 = CARTESIAN_POINT('',(3.488076504136,3.708836627388,3.039734680892
    ));
#5307 = CARTESIAN_POINT('',(3.223404389827,3.511239794524,3.931134535146
    ));
#5308 = CARTESIAN_POINT('',(3.224086573515,3.50767444612,3.882287395587)
  );
#5309 = CARTESIAN_POINT('',(3.224541457196,3.502695215823,3.833420605201
    ));
#5310 = CARTESIAN_POINT('',(3.221814346458,3.50020745197,3.77883955843)
  );
#5311 = CARTESIAN_POINT('',(3.226837911354,3.50694131815,3.731287966742)
  );
#5312 = CARTESIAN_POINT('',(3.236123621058,3.517982269079,3.68974862326)
  );
#5313 = CARTESIAN_POINT('',(3.248952796872,3.532548676783,3.651981044088
    ));
#5314 = CARTESIAN_POINT('',(3.264164443233,3.548342961089,3.616277819052
    ));
#5315 = CARTESIAN_POINT('',(3.280557085352,3.563755767214,3.581413473311
    ));
#5316 = CARTESIAN_POINT('',(3.29823757017,3.580419201411,3.546593220987)
  );
#5317 = CARTESIAN_POINT('',(3.317893530695,3.599053972889,3.512308418051
    ));
#5318 = CARTESIAN_POINT('',(3.340583583516,3.620913907212,3.48067647634)
  );
#5319 = CARTESIAN_POINT('',(3.36782408928,3.646791402834,3.454459497422)
  );
#5320 = CARTESIAN_POINT('',(3.397595266316,3.676009385991,3.432559087745
    ));
#5321 = CARTESIAN_POINT('',(3.42497899027,3.701624699735,3.407340778501)
  );
#5322 = CARTESIAN_POINT('',(3.448188843286,3.724454830616,3.377817323624
    ));
#5323 = CARTESIAN_POINT('',(3.467153719627,3.744460009992,3.344702348869
    ));
#5324 = CARTESIAN_POINT('',(3.482092336729,3.76105288337,3.307826705866)
  );
#5325 = CARTESIAN_POINT('',(3.49266173062,3.772667301531,3.267739222784)
  );
#5326 = CARTESIAN_POINT('',(3.49969313426,3.777677264859,3.220733831729)
  );
#5327 = CARTESIAN_POINT('',(3.49710605605,3.775350785344,3.166224476934)
  );
#5328 = CARTESIAN_POINT('',(3.492969981116,3.776873120146,3.119351815223
    ));
#5329 = CARTESIAN_POINT('',(3.490521558053,3.778816611105,3.072589998357
    ));
#5330 = CARTESIAN_POINT('',(3.142331978963,3.49561333013,3.885282083835)
  );
#5331 = CARTESIAN_POINT('',(3.145272436842,3.495383407413,3.838052399025
    ));
#5332 = CARTESIAN_POINT('',(3.147225533532,3.495052425308,3.789865262371
    ));
#5333 = CARTESIAN_POINT('',(3.151276354217,3.499355592275,3.742854468602
    ));
#5334 = CARTESIAN_POINT('',(3.164845687177,3.509381477685,3.704240378279
    ));
#5335 = CARTESIAN_POINT('',(3.181514841863,3.525833121056,3.667189530172
    ));
#5336 = CARTESIAN_POINT('',(3.19956360052,3.546332202482,3.633849507241)
  );
#5337 = CARTESIAN_POINT('',(3.219640636038,3.569475615682,3.603976469715
    ));
#5338 = CARTESIAN_POINT('',(3.241393940792,3.59311190236,3.575855613093)
  );
#5339 = CARTESIAN_POINT('',(3.26412092571,3.615900191755,3.54752094134)
  );
#5340 = CARTESIAN_POINT('',(3.288578958025,3.638935227581,3.517988496457
    ));
#5341 = CARTESIAN_POINT('',(3.315769050261,3.664997654541,3.489901668767
    ));
#5342 = CARTESIAN_POINT('',(3.345544320353,3.694428534436,3.466572351335
    ));
#5343 = CARTESIAN_POINT('',(3.377985141332,3.725024813243,3.448261074301
    ));
#5344 = CARTESIAN_POINT('',(3.408478811205,3.753406670963,3.426334394988
    ));
#5345 = CARTESIAN_POINT('',(3.435727568308,3.778685227794,3.400412594461
    ));
#5346 = CARTESIAN_POINT('',(3.459464018818,3.801396609832,3.369593775279
    ));
#5347 = CARTESIAN_POINT('',(3.478551159479,3.820048644953,3.336637370326
    ));
#5348 = CARTESIAN_POINT('',(3.492543115015,3.836478498253,3.298423925182
    ));
#5349 = CARTESIAN_POINT('',(3.500575082012,3.849947281752,3.258307407475
    ));
#5350 = CARTESIAN_POINT('',(3.505366089254,3.851928859151,3.209402685461
    ));
#5351 = CARTESIAN_POINT('',(3.504598416797,3.853741518976,3.161139673059
    ));
#5352 = CARTESIAN_POINT('',(3.504199852372,3.857089207725,3.114482727902
    ));
#5353 = CARTESIAN_POINT('',(3.0553417139,3.472145043398,3.83266084689));
#5354 = CARTESIAN_POINT('',(3.063220538771,3.477296825607,3.78941711803)
  );
#5355 = CARTESIAN_POINT('',(3.071838192055,3.483164158348,3.746743564886
    ));
#5356 = CARTESIAN_POINT('',(3.084010628048,3.492342275284,3.707070316954
    ));
#5357 = CARTESIAN_POINT('',(3.101736117425,3.507901165359,3.671824786407
    ));
#5358 = CARTESIAN_POINT('',(3.122725790299,3.529051401804,3.639081533946
    ));
#5359 = CARTESIAN_POINT('',(3.145641521091,3.553651630532,3.608723047366
    ));
#5360 = CARTESIAN_POINT('',(3.170199671664,3.582335967513,3.582624530646
    ));
#5361 = CARTESIAN_POINT('',(3.196790264143,3.613211503182,3.560953450238
    ));
#5362 = CARTESIAN_POINT('',(3.225212677814,3.644133309819,3.540722888104
    ));
#5363 = CARTESIAN_POINT('',(3.255220853796,3.674028289299,3.518719630539
    ));
#5364 = CARTESIAN_POINT('',(3.287859711705,3.705563463731,3.495953977819
    ));
#5365 = CARTESIAN_POINT('',(3.321222382357,3.739142521798,3.477071277788
    ));
#5366 = CARTESIAN_POINT('',(3.357255361732,3.773449434804,3.463650005474
    ));
#5367 = CARTESIAN_POINT('',(3.392018220892,3.805385057049,3.447424819695
    ));
#5368 = CARTESIAN_POINT('',(3.423308994361,3.834029856364,3.424948409507
    ));
#5369 = CARTESIAN_POINT('',(3.450932292737,3.859561326218,3.397584042206
    ));
#5370 = CARTESIAN_POINT('',(3.47428758672,3.882048531672,3.366815234043)
  );
#5371 = CARTESIAN_POINT('',(3.493040234584,3.902039171445,3.332444578777
    ));
#5372 = CARTESIAN_POINT('',(3.506760236291,3.918313658894,3.295133885231
    ));
#5373 = CARTESIAN_POINT('',(3.515828086423,3.928400842034,3.25319465958)
  );
#5374 = CARTESIAN_POINT('',(3.521406698256,3.935567106612,3.20884934223)
  );
#5375 = CARTESIAN_POINT('',(3.526056562989,3.94246771732,3.164425479626)
  );
#5376 = CARTESIAN_POINT('',(2.965360494383,3.444047524026,3.776038329969
    ));
#5377 = CARTESIAN_POINT('',(2.980351432559,3.456613319767,3.738810900779
    ));
#5378 = CARTESIAN_POINT('',(2.996542660296,3.47020270128,3.70260163743)
  );
#5379 = CARTESIAN_POINT('',(3.01540405823,3.486521880644,3.668638467599)
  );
#5380 = CARTESIAN_POINT('',(3.037375158695,3.50731225429,3.637138236427)
  );
#5381 = CARTESIAN_POINT('',(3.062077332951,3.532576549025,3.60795893236)
  );
#5382 = CARTESIAN_POINT('',(3.088829309168,3.561589053486,3.58101381646)
  );
#5383 = CARTESIAN_POINT('',(3.117246286437,3.594057795631,3.557154176922
    ));
#5384 = CARTESIAN_POINT('',(3.147636268313,3.629281470431,3.538170789287
    ));
#5385 = CARTESIAN_POINT('',(3.180815003158,3.66670017617,3.526337126487)
  );
#5386 = CARTESIAN_POINT('',(3.216884338097,3.704695668883,3.514297210061
    ));
#5387 = CARTESIAN_POINT('',(3.255501751158,3.74258649214,3.499178233783)
  );
#5388 = CARTESIAN_POINT('',(3.295351392685,3.782830502148,3.486333876535
    ));
#5389 = CARTESIAN_POINT('',(3.336814615089,3.822397404597,3.481048522378
    ));
#5390 = CARTESIAN_POINT('',(3.375393679512,3.857910286245,3.469059659405
    ));
#5391 = CARTESIAN_POINT('',(3.410542956646,3.889879744676,3.450088141653
    ));
#5392 = CARTESIAN_POINT('',(3.441978913101,3.918743614132,3.426092560757
    ));
#5393 = CARTESIAN_POINT('',(3.469523189054,3.9448710171,3.39841175878));
#5394 = CARTESIAN_POINT('',(3.492986776638,3.968214284882,3.367704174744
    ));
#5395 = CARTESIAN_POINT('',(3.512278825619,3.988302295965,3.334118534718
    ));
#5396 = CARTESIAN_POINT('',(3.52774637785,4.005060246974,3.297819829442)
  );
#5397 = CARTESIAN_POINT('',(3.540739839959,4.019179208907,3.259273738073
    ));
#5398 = CARTESIAN_POINT('',(3.552667757768,4.032230411034,3.219824796386
    ));
#5399 = CARTESIAN_POINT('',(2.874576391745,3.413817811181,3.717611863015
    ));
#5400 = CARTESIAN_POINT('',(2.897008007202,3.434644871151,3.686801377676
    ));
#5401 = CARTESIAN_POINT('',(2.920248451619,3.456318095908,3.656690641894
    ));
#5402 = CARTESIAN_POINT('',(2.945016340591,3.479948070664,3.627895560424
    ));
#5403 = CARTESIAN_POINT('',(2.971601598196,3.50648406592,3.600698720967)
  );
#5404 = CARTESIAN_POINT('',(3.00014340653,3.536372418068,3.57541063004)
  );
#5405 = CARTESIAN_POINT('',(3.030508338333,3.569593986535,3.552291486825
    ));
#5406 = CARTESIAN_POINT('',(3.062535765325,3.605837704005,3.531882374118
    ));
#5407 = CARTESIAN_POINT('',(3.096460086723,3.644868194467,3.515320807061
    ));
#5408 = CARTESIAN_POINT('',(3.133257186502,3.686707259088,3.504606815723
    ));
#5409 = CARTESIAN_POINT('',(3.174686925209,3.730962667775,3.504478999975
    ));
#5410 = CARTESIAN_POINT('',(3.22103010704,3.77853026479,3.500101704958)
  );
#5411 = CARTESIAN_POINT('',(3.270611364602,3.826717689355,3.49592117176)
  );
#5412 = CARTESIAN_POINT('',(3.316241697929,3.870851595827,3.499671318758
    ));
#5413 = CARTESIAN_POINT('',(3.358689411853,3.910213693283,3.490168617756
    ));
#5414 = CARTESIAN_POINT('',(3.397444430256,3.945734349491,3.474374914833
    ));
#5415 = CARTESIAN_POINT('',(3.432758532003,3.978254423109,3.454219681159
    ));
#5416 = CARTESIAN_POINT('',(3.464665380689,4.008123941966,3.430543492973
    ));
#5417 = CARTESIAN_POINT('',(3.493142243284,4.035379565128,3.403981608478
    ));
#5418 = CARTESIAN_POINT('',(3.518359720698,4.060140957705,3.37495451537)
  );
#5419 = CARTESIAN_POINT('',(3.540848965727,4.082812925997,3.343971029253
    ));
#5420 = CARTESIAN_POINT('',(3.561580496643,4.103796891296,3.31145602882)
  );
#5421 = CARTESIAN_POINT('',(3.58153825167,4.123921213881,3.278165766291)
  );
#5422 = CARTESIAN_POINT('',(2.783977187756,3.382929358257,3.658560610128
    ));
#5423 = CARTESIAN_POINT('',(2.813263560622,3.412020834708,3.633746417291
    ));
#5424 = CARTESIAN_POINT('',(2.842895427687,3.441625199682,3.609272822703
    ));
#5425 = CARTESIAN_POINT('',(2.87322533204,3.472413177282,3.585537092012)
  );
#5426 = CARTESIAN_POINT('',(2.904556866218,3.505014359863,3.562968960045
    ));
#5427 = CARTESIAN_POINT('',(2.937201438562,3.539969077885,3.542087546559
    ));
#5428 = CARTESIAN_POINT('',(2.971393634051,3.577587347439,3.523455286433
    ));
#5429 = CARTESIAN_POINT('',(3.007292884236,3.61786530526,3.507742815303)
  );
#5430 = CARTESIAN_POINT('',(3.045104414753,3.660608510429,3.495943678454
    ));
#5431 = CARTESIAN_POINT('',(3.08529905722,3.705530129725,3.489646824394)
  );
#5432 = CARTESIAN_POINT('',(3.129623210967,3.753438100472,3.491547307115
    ));
#5433 = CARTESIAN_POINT('',(3.186351096751,3.812814415478,3.500005941653
    ));
#5434 = CARTESIAN_POINT('',(3.247899902828,3.872009932409,3.50741165638)
  );
#5435 = CARTESIAN_POINT('',(3.296611248328,3.918958604496,3.511402098023
    ));
#5436 = CARTESIAN_POINT('',(3.341575704714,3.961623688318,3.507417605108
    ));
#5437 = CARTESIAN_POINT('',(3.383923216718,4.001161839319,3.496971602559
    ));
#5438 = CARTESIAN_POINT('',(3.423436449582,4.037821493872,3.481746156677
    ));
#5439 = CARTESIAN_POINT('',(3.460023418206,4.07183859981,3.462836698016)
  );
#5440 = CARTESIAN_POINT('',(3.493828244543,4.103514420611,3.441039510704
    ));
#5441 = CARTESIAN_POINT('',(3.525228427452,4.13329153448,3.417034298207)
  );
#5442 = CARTESIAN_POINT('',(3.554805713053,4.161684572851,3.391462236599
    ));
#5443 = CARTESIAN_POINT('',(3.583254324561,4.189142688681,3.364881068163
    ));
#5444 = CARTESIAN_POINT('',(3.611238403961,4.216151810679,3.337836327771
    ));
#5445 = CARTESIAN_POINT('',(2.693741835224,3.352009453858,3.599363985854
    ));
#5446 = CARTESIAN_POINT('',(2.729281604111,3.389106144964,3.580087732995
    ));
#5447 = CARTESIAN_POINT('',(2.764852141676,3.426400184762,3.560943741341
    ));
#5448 = CARTESIAN_POINT('',(2.800559631468,3.464212466539,3.542230640124
    ));
#5449 = CARTESIAN_POINT('',(2.836655002415,3.502966372698,3.524461981014
    ));
#5450 = CARTESIAN_POINT('',(2.873556057595,3.543188524169,3.508359717873
    ));
#5451 = CARTESIAN_POINT('',(2.911805194285,3.58541436266,3.494808010915)
  );
#5452 = CARTESIAN_POINT('',(2.952000960719,3.630073866457,3.484809945553
    ));
#5453 = CARTESIAN_POINT('',(2.994816577404,3.677502276382,3.479517304023
    ));
#5454 = CARTESIAN_POINT('',(3.041311645548,3.728267111938,3.480246641341
    ));
#5455 = CARTESIAN_POINT('',(3.09355711569,3.783899526187,3.488009017532)
  );
#5456 = CARTESIAN_POINT('',(3.153644675357,3.84591614428,3.501403535643)
  );
#5457 = CARTESIAN_POINT('',(3.215979643059,3.907869797535,3.513641587549
    ));
#5458 = CARTESIAN_POINT('',(3.272135149009,3.962660810431,3.520977849515
    ));
#5459 = CARTESIAN_POINT('',(3.322960988974,4.011558191455,3.522504842289
    ));
#5460 = CARTESIAN_POINT('',(3.370107232832,4.056221213499,3.518129973274
    ));
#5461 = CARTESIAN_POINT('',(3.414234362604,4.097485935907,3.508658058611
    ));
#5462 = CARTESIAN_POINT('',(3.455713224238,4.135963278127,3.495132405808
    ));
#5463 = CARTESIAN_POINT('',(3.495005838549,4.172313118572,3.47855218424)
  );
#5464 = CARTESIAN_POINT('',(3.532671086335,4.207219301657,3.45983429116)
  );
#5465 = CARTESIAN_POINT('',(3.569273062878,4.241273942304,3.439776055539
    ));
#5466 = CARTESIAN_POINT('',(3.605297142305,4.274907853524,3.419014699915
    ));
#5467 = CARTESIAN_POINT('',(3.641112349792,4.308393528964,3.397999681351
    ));
#5468 = CARTESIAN_POINT('',(2.603703792759,3.321172498069,3.540160806488
    ));
#5469 = CARTESIAN_POINT('',(2.645218600072,3.366107900867,3.526210370755
    ));
#5470 = CARTESIAN_POINT('',(2.686536097317,3.410960355055,3.512266490113
    ));
#5471 = CARTESIAN_POINT('',(2.727540021956,3.455730466378,3.498554397596
    ));
#5472 = CARTESIAN_POINT('',(2.768386869802,3.500633655368,3.485647496105
    ));
#5473 = CARTESIAN_POINT('',(2.809587045603,3.546166631974,3.474488979182
    ));
#5474 = CARTESIAN_POINT('',(2.852017222918,3.59311083631,3.466329546247)
  );
#5475 = CARTESIAN_POINT('',(2.896877706333,3.642489046967,3.462562806723
    ));
#5476 = CARTESIAN_POINT('',(2.945568332033,3.69545458411,3.464413559187)
  );
#5477 = CARTESIAN_POINT('',(2.99932026707,3.752954148591,3.47242087129)
  );
#5478 = CARTESIAN_POINT('',(3.058325086521,3.814875899489,3.485801181094
    ));
#5479 = CARTESIAN_POINT('',(3.120778332267,3.879157941441,3.502196513655
    ));
#5480 = CARTESIAN_POINT('',(3.184041480081,3.943223431498,3.517918440886
    ));
#5481 = CARTESIAN_POINT('',(3.245635927434,4.004355458356,3.529883150677
    ));
#5482 = CARTESIAN_POINT('',(3.303100975007,4.06034334187,3.536959908752)
  );
#5483 = CARTESIAN_POINT('',(3.355999045735,4.110983959908,3.538688431166
    ));
#5484 = CARTESIAN_POINT('',(3.405137860781,4.157223543059,3.535240604688
    ));
#5485 = CARTESIAN_POINT('',(3.45161734452,4.200304949683,3.527388228912)
  );
#5486 = CARTESIAN_POINT('',(3.496431836171,4.241397873023,3.516232459289
    ));
#5487 = CARTESIAN_POINT('',(3.540361360704,4.281455013082,3.502914335955
    ));
#5488 = CARTESIAN_POINT('',(3.583937539473,4.321143013374,3.488407297536
    ));
#5489 = CARTESIAN_POINT('',(3.627444378347,4.360820573164,3.473404730813
    ));
#5490 = CARTESIAN_POINT('',(3.670968756422,4.400566690101,3.458282599511
    ));
#5491 = ADVANCED_FACE('',(#5492),#5510,.T.);
#5492 = FACE_BOUND('',#5493,.T.);
#5493 = EDGE_LOOP('',(#5494,#5503,#5508,#5509));
#5494 = ORIENTED_EDGE('',*,*,#5495,.T.);
#5495 = EDGE_CURVE('',#2995,#5496,#5498,.T.);
#5496 = VERTEX_POINT('',#5497);
#5497 = CARTESIAN_POINT('',(3.79,0.,3.5));
#5498 = CIRCLE('',#5499,0.29);
#5499 = AXIS2_PLACEMENT_3D('',#5500,#5501,#5502);
#5500 = CARTESIAN_POINT('',(3.79,2.932969688187E-14,3.79));
#5501 = DIRECTION('',(1.011368857995E-13,-1.,1.011368857995E-13));
#5502 = DIRECTION('',(-1.,-1.011368857995E-13,3.828355257328E-15));
#5503 = ORIENTED_EDGE('',*,*,#5504,.T.);
#5504 = EDGE_CURVE('',#5496,#4057,#5505,.T.);
#5505 = B_SPLINE_CURVE_WITH_KNOTS('',1,(#5506,#5507),.UNSPECIFIED.,.F.,
  .F.,(2,2),(0.,321.),.PIECEWISE_BEZIER_KNOTS.);
#5506 = CARTESIAN_POINT('',(3.79,0.,3.5));
#5507 = CARTESIAN_POINT('',(3.79,-3.21,3.5));
#5508 = ORIENTED_EDGE('',*,*,#4056,.F.);
#5509 = ORIENTED_EDGE('',*,*,#2994,.F.);
#5510 = CYLINDRICAL_SURFACE('',#5511,0.29);
#5511 = AXIS2_PLACEMENT_3D('',#5512,#5513,#5514);
#5512 = CARTESIAN_POINT('',(3.79,-2.95402530794E-14,3.79));
#5513 = DIRECTION('',(-1.047342080961E-13,-1.,-1.047342080961E-13));
#5514 = DIRECTION('',(-1.,1.047342080961E-13,0.));
#5515 = ADVANCED_FACE('',(#5516),#5526,.T.);
#5516 = FACE_BOUND('',#5517,.T.);
#5517 = EDGE_LOOP('',(#5518,#5519,#5520,#5525));
#5518 = ORIENTED_EDGE('',*,*,#3011,.T.);
#5519 = ORIENTED_EDGE('',*,*,#4913,.T.);
#5520 = ORIENTED_EDGE('',*,*,#5521,.F.);
#5521 = EDGE_CURVE('',#5496,#4898,#5522,.T.);
#5522 = B_SPLINE_CURVE_WITH_KNOTS('',1,(#5523,#5524),.UNSPECIFIED.,.F.,
  .F.,(2,2),(0.,321.),.PIECEWISE_BEZIER_KNOTS.);
#5523 = CARTESIAN_POINT('',(3.79,0.,3.5));
#5524 = CARTESIAN_POINT('',(3.79,3.21,3.5));
#5525 = ORIENTED_EDGE('',*,*,#5495,.F.);
#5526 = CYLINDRICAL_SURFACE('',#5527,0.29);
#5527 = AXIS2_PLACEMENT_3D('',#5528,#5529,#5530);
#5528 = CARTESIAN_POINT('',(3.79,2.95402530794E-14,3.79));
#5529 = DIRECTION('',(1.047342080961E-13,-1.,1.047342080961E-13));
#5530 = DIRECTION('',(-1.,-1.047342080961E-13,0.));
#5531 = ADVANCED_FACE('',(#5532),#5544,.T.);
#5532 = FACE_BOUND('',#5533,.T.);
#5533 = EDGE_LOOP('',(#5534,#5535,#5536,#5537,#5538,#5543));
#5534 = ORIENTED_EDGE('',*,*,#4842,.F.);
#5535 = ORIENTED_EDGE('',*,*,#4031,.F.);
#5536 = ORIENTED_EDGE('',*,*,#3242,.F.);
#5537 = ORIENTED_EDGE('',*,*,#3267,.T.);
#5538 = ORIENTED_EDGE('',*,*,#5539,.T.);
#5539 = EDGE_CURVE('',#3259,#4856,#5540,.T.);
#5540 = B_SPLINE_CURVE_WITH_KNOTS('',1,(#5541,#5542),.UNSPECIFIED.,.F.,
  .F.,(2,2),(0.,92.000000000001),.PIECEWISE_BEZIER_KNOTS.);
#5541 = CARTESIAN_POINT('',(3.21,4.71,3.5));
#5542 = CARTESIAN_POINT('',(3.21,3.79,3.5));
#5543 = ORIENTED_EDGE('',*,*,#4855,.T.);
#5544 = PLANE('',#5545);
#5545 = AXIS2_PLACEMENT_3D('',#5546,#5547,#5548);
#5546 = CARTESIAN_POINT('',(-3.5,3.698,3.5));
#5547 = DIRECTION('',(0.,0.,-1.));
#5548 = DIRECTION('',(-1.,0.,0.));
#5549 = ADVANCED_FACE('',(#5550),#5561,.F.);
#5550 = FACE_BOUND('',#5551,.F.);
#5551 = EDGE_LOOP('',(#5552,#5553,#5554,#5555,#5560));
#5552 = ORIENTED_EDGE('',*,*,#5539,.T.);
#5553 = ORIENTED_EDGE('',*,*,#4923,.T.);
#5554 = ORIENTED_EDGE('',*,*,#4939,.F.);
#5555 = ORIENTED_EDGE('',*,*,#5556,.F.);
#5556 = EDGE_CURVE('',#3284,#4940,#5557,.T.);
#5557 = B_SPLINE_CURVE_WITH_KNOTS('',1,(#5558,#5559),.UNSPECIFIED.,.F.,
  .F.,(2,2),(0.,92.),.PIECEWISE_BEZIER_KNOTS.);
#5558 = CARTESIAN_POINT('',(3.5,4.71,3.21));
#5559 = CARTESIAN_POINT('',(3.5,3.79,3.21));
#5560 = ORIENTED_EDGE('',*,*,#3292,.F.);
#5561 = CYLINDRICAL_SURFACE('',#5562,0.29);
#5562 = AXIS2_PLACEMENT_3D('',#5563,#5564,#5565);
#5563 = CARTESIAN_POINT('',(3.21,4.25,3.21));
#5564 = DIRECTION('',(0.,1.,0.));
#5565 = DIRECTION('',(0.,0.,1.));
#5566 = ADVANCED_FACE('',(#5567),#5577,.T.);
#5567 = FACE_BOUND('',#5568,.T.);
#5568 = EDGE_LOOP('',(#5569,#5570,#5571,#5576));
#5569 = ORIENTED_EDGE('',*,*,#3327,.T.);
#5570 = ORIENTED_EDGE('',*,*,#3361,.F.);
#5571 = ORIENTED_EDGE('',*,*,#5572,.T.);
#5572 = EDGE_CURVE('',#3362,#4940,#5573,.T.);
#5573 = B_SPLINE_CURVE_WITH_KNOTS('',1,(#5574,#5575),.UNSPECIFIED.,.F.,
  .F.,(2,2),(0.,321.),.PIECEWISE_BEZIER_KNOTS.);
#5574 = CARTESIAN_POINT('',(3.5,3.79,2.735034421164E-15));
#5575 = CARTESIAN_POINT('',(3.5,3.79,3.21));
#5576 = ORIENTED_EDGE('',*,*,#5556,.F.);
#5577 = PLANE('',#5578);
#5578 = AXIS2_PLACEMENT_3D('',#5579,#5580,#5581);
#5579 = CARTESIAN_POINT('',(3.5,3.698,3.5));
#5580 = DIRECTION('',(-1.,0.,0.));
#5581 = DIRECTION('',(0.,0.,-1.));
#5582 = ADVANCED_FACE('',(#5583),#5597,.T.);
#5583 = FACE_BOUND('',#5584,.T.);
#5584 = EDGE_LOOP('',(#5585,#5590,#5591,#5592));
#5585 = ORIENTED_EDGE('',*,*,#5586,.F.);
#5586 = EDGE_CURVE('',#3370,#4880,#5587,.T.);
#5587 = B_SPLINE_CURVE_WITH_KNOTS('',1,(#5588,#5589),.UNSPECIFIED.,.F.,
  .F.,(2,2),(0.,321.),.PIECEWISE_BEZIER_KNOTS.);
#5588 = CARTESIAN_POINT('',(3.79,3.5,2.525757381022E-15));
#5589 = CARTESIAN_POINT('',(3.79,3.5,3.21));
#5590 = ORIENTED_EDGE('',*,*,#3378,.F.);
#5591 = ORIENTED_EDGE('',*,*,#4691,.F.);
#5592 = ORIENTED_EDGE('',*,*,#5593,.F.);
#5593 = EDGE_CURVE('',#4880,#4692,#5594,.T.);
#5594 = B_SPLINE_CURVE_WITH_KNOTS('',1,(#5595,#5596),.UNSPECIFIED.,.F.,
  .F.,(2,2),(0.,92.),.PIECEWISE_BEZIER_KNOTS.);
#5595 = CARTESIAN_POINT('',(3.79,3.5,3.21));
#5596 = CARTESIAN_POINT('',(4.71,3.5,3.21));
#5597 = PLANE('',#5598);
#5598 = AXIS2_PLACEMENT_3D('',#5599,#5600,#5601);
#5599 = CARTESIAN_POINT('',(3.698,3.5,-3.5));
#5600 = DIRECTION('',(0.,-1.,0.));
#5601 = DIRECTION('',(0.,0.,-1.));
#5602 = ADVANCED_FACE('',(#5603),#5609,.T.);
#5603 = FACE_BOUND('',#5604,.T.);
#5604 = EDGE_LOOP('',(#5605,#5606,#5607,#5608));
#5605 = ORIENTED_EDGE('',*,*,#3369,.F.);
#5606 = ORIENTED_EDGE('',*,*,#5586,.T.);
#5607 = ORIENTED_EDGE('',*,*,#4955,.T.);
#5608 = ORIENTED_EDGE('',*,*,#5572,.F.);
#5609 = CYLINDRICAL_SURFACE('',#5610,0.29);
#5610 = AXIS2_PLACEMENT_3D('',#5611,#5612,#5613);
#5611 = CARTESIAN_POINT('',(3.79,3.79,-4.642931056664E-15));
#5612 = DIRECTION('',(-1.601010709194E-14,-1.218175183462E-14,-1.));
#5613 = DIRECTION('',(-1.,0.,1.601010709194E-14));
#5614 = ADVANCED_FACE('',(#5615),#5627,.T.);
#5615 = FACE_BOUND('',#5616,.T.);
#5616 = EDGE_LOOP('',(#5617,#5618,#5619,#5620,#5621,#5626));
#5617 = ORIENTED_EDGE('',*,*,#4787,.T.);
#5618 = ORIENTED_EDGE('',*,*,#4643,.F.);
#5619 = ORIENTED_EDGE('',*,*,#5504,.F.);
#5620 = ORIENTED_EDGE('',*,*,#5521,.T.);
#5621 = ORIENTED_EDGE('',*,*,#5622,.T.);
#5622 = EDGE_CURVE('',#4898,#4716,#5623,.T.);
#5623 = B_SPLINE_CURVE_WITH_KNOTS('',1,(#5624,#5625),.UNSPECIFIED.,.F.,
  .F.,(2,2),(0.,92.000000000001),.PIECEWISE_BEZIER_KNOTS.);
#5624 = CARTESIAN_POINT('',(3.79,3.21,3.5));
#5625 = CARTESIAN_POINT('',(4.71,3.21,3.5));
#5626 = ORIENTED_EDGE('',*,*,#4770,.F.);
#5627 = PLANE('',#5628);
#5628 = AXIS2_PLACEMENT_3D('',#5629,#5630,#5631);
#5629 = CARTESIAN_POINT('',(3.698,3.5,3.5));
#5630 = DIRECTION('',(0.,0.,-1.));
#5631 = DIRECTION('',(-1.,0.,0.));
#5632 = ADVANCED_FACE('',(#5633),#5640,.F.);
#5633 = FACE_BOUND('',#5634,.F.);
#5634 = EDGE_LOOP('',(#5635,#5636,#5637,#5638,#5639));
#5635 = ORIENTED_EDGE('',*,*,#5622,.T.);
#5636 = ORIENTED_EDGE('',*,*,#4715,.T.);
#5637 = ORIENTED_EDGE('',*,*,#5593,.F.);
#5638 = ORIENTED_EDGE('',*,*,#4879,.T.);
#5639 = ORIENTED_EDGE('',*,*,#4897,.F.);
#5640 = CYLINDRICAL_SURFACE('',#5641,0.29);
#5641 = AXIS2_PLACEMENT_3D('',#5642,#5643,#5644);
#5642 = CARTESIAN_POINT('',(4.25,3.21,3.21));
#5643 = DIRECTION('',(-1.,1.353527981624E-15,3.267705610288E-15));
#5644 = DIRECTION('',(-3.267705610288E-15,0.,-1.));
#5645 = ( GEOMETRIC_REPRESENTATION_CONTEXT(3) 
GLOBAL_UNCERTAINTY_ASSIGNED_CONTEXT((#5649)) 
GLOBAL_UNIT_ASSIGNED_CONTEXT((#5646,#5647,#5648)) REPRESENTATION_CONTEXT
('Context #1','3D Context with UNIT and UNCERTAINTY') );
#5646 = ( LENGTH_UNIT() NAMED_UNIT(*) SI_UNIT(.MILLI.,.METRE.) );
#5647 = ( NAMED_UNIT(*) PLANE_ANGLE_UNIT() SI_UNIT($,.RADIAN.) );
#5648 = ( NAMED_UNIT(*) SI_UNIT($,.STERADIAN.) SOLID_ANGLE_UNIT() );
#5649 = UNCERTAINTY_MEASURE_WITH_UNIT(LENGTH_MEASURE(2.E-02),#5646,
  'distance_accuracy_value','confusion accuracy');
#5650 = CONTEXT_DEPENDENT_SHAPE_REPRESENTATION(#5651,#5653);
#5651 = ( REPRESENTATION_RELATIONSHIP('','',#36,#10) 
REPRESENTATION_RELATIONSHIP_WITH_TRANSFORMATION(#5652) 
SHAPE_REPRESENTATION_RELATIONSHIP() );
#5652 = ITEM_DEFINED_TRANSFORMATION('','',#11,#15);
#5653 = PRODUCT_DEFINITION_SHAPE('Placement','Placement of an item',
  #5654);
#5654 = NEXT_ASSEMBLY_USAGE_OCCURRENCE('9','Slice.0','',#5,#31,$);
#5655 = PRODUCT_RELATED_PRODUCT_CATEGORY('part',$,(#33));
#5656 = SHAPE_DEFINITION_REPRESENTATION(#5657,#5663);
#5657 = PRODUCT_DEFINITION_SHAPE('','',#5658);
#5658 = PRODUCT_DEFINITION('design','',#5659,#5662);
#5659 = PRODUCT_DEFINITION_FORMATION('','',#5660);
#5660 = PRODUCT('Slice.3','Slice.3','',(#5661));
#5661 = PRODUCT_CONTEXT('',#2,'mechanical');
#5662 = PRODUCT_DEFINITION_CONTEXT('part definition',#2,'design');
#5663 = ADVANCED_BREP_SHAPE_REPRESENTATION('',(#11,#5664),#6248);
#5664 = MANIFOLD_SOLID_BREP('',#5665);
#5665 = CLOSED_SHELL('',(#5666,#6239));
#5666 = ADVANCED_FACE('',(#5667),#6213,.T.);
#5667 = FACE_BOUND('',#5668,.T.);
#5668 = EDGE_LOOP('',(#5669));
#5669 = ORIENTED_EDGE('',*,*,#5670,.T.);
#5670 = EDGE_CURVE('',#5671,#5671,#5673,.T.);
#5671 = VERTEX_POINT('',#5672);
#5672 = CARTESIAN_POINT('',(2.653297741131E-02,4.999919599465,1.E-02));
#5673 = B_SPLINE_CURVE_WITH_KNOTS('',8,(#5674,#5675,#5676,#5677,#5678,
    #5679,#5680,#5681,#5682,#5683,#5684,#5685,#5686,#5687,#5688,#5689,
    #5690,#5691,#5692,#5693,#5694,#5695,#5696,#5697,#5698,#5699,#5700,
    #5701,#5702,#5703,#5704,#5705,#5706,#5707,#5708,#5709,#5710,#5711,
    #5712,#5713,#5714,#5715,#5716,#5717,#5718,#5719,#5720,#5721,#5722,
    #5723,#5724,#5725,#5726,#5727,#5728,#5729,#5730,#5731,#5732,#5733,
    #5734,#5735,#5736,#5737,#5738,#5739,#5740,#5741,#5742,#5743,#5744,
    #5745,#5746,#5747,#5748,#5749,#5750,#5751,#5752,#5753,#5754,#5755,
    #5756,#5757,#5758,#5759,#5760,#5761,#5762,#5763,#5764,#5765,#5766,
    #5767,#5768,#5769,#5770,#5771,#5772,#5773,#5774,#5775,#5776,#5777,
    #5778,#5779,#5780,#5781,#5782,#5783,#5784,#5785,#5786,#5787,#5788,
    #5789,#5790,#5791,#5792,#5793,#5794,#5795,#5796,#5797,#5798,#5799,
    #5800,#5801,#5802,#5803,#5804,#5805,#5806,#5807,#5808,#5809,#5810,
    #5811,#5812,#5813,#5814,#5815,#5816,#5817,#5818,#5819,#5820,#5821,
    #5822,#5823,#5824,#5825,#5826,#5827,#5828,#5829,#5830,#5831,#5832,
    #5833,#5834,#5835,#5836,#5837,#5838,#5839,#5840,#5841,#5842,#5843,
    #5844,#5845,#5846,#5847,#5848,#5849,#5850,#5851,#5852,#5853,#5854,
    #5855,#5856,#5857,#5858,#5859,#5860,#5861,#5862,#5863,#5864,#5865,
    #5866,#5867,#5868,#5869,#5870,#5871,#5872,#5873,#5874,#5875,#5876,
    #5877,#5878,#5879,#5880,#5881,#5882,#5883,#5884,#5885,#5886,#5887,
    #5888,#5889,#5890,#5891,#5892,#5893,#5894,#5895,#5896,#5897,#5898,
    #5899,#5900,#5901,#5902,#5903,#5904,#5905,#5906,#5907,#5908,#5909,
    #5910,#5911,#5912,#5913,#5914,#5915,#5916,#5917,#5918,#5919,#5920,
    #5921,#5922,#5923,#5924,#5925,#5926,#5927,#5928,#5929,#5930,#5931,
    #5932,#5933,#5934,#5935,#5936,#5937,#5938,#5939,#5940,#5941,#5942,
    #5943,#5944,#5945,#5946,#5947,#5948,#5949,#5950,#5951,#5952,#5953,
    #5954,#5955,#5956,#5957,#5958,#5959,#5960,#5961,#5962,#5963,#5964,
    #5965,#5966,#5967,#5968,#5969,#5970,#5971,#5972,#5973,#5974,#5975,
    #5976,#5977,#5978,#5979,#5980,#5981,#5982,#5983,#5984,#5985,#5986,
    #5987,#5988,#5989,#5990,#5991,#5992,#5993,#5994,#5995,#5996,#5997,
    #5998,#5999,#6000,#6001,#6002,#6003,#6004,#6005,#6006,#6007,#6008,
    #6009,#6010,#6011,#6012,#6013,#6014,#6015,#6016,#6017,#6018,#6019,
    #6020,#6021,#6022,#6023,#6024,#6025,#6026,#6027,#6028,#6029,#6030,
    #6031,#6032,#6033,#6034,#6035,#6036,#6037,#6038,#6039,#6040,#6041,
    #6042,#6043,#6044,#6045,#6046,#6047,#6048,#6049,#6050,#6051,#6052,
    #6053,#6054,#6055,#6056,#6057,#6058,#6059,#6060,#6061,#6062,#6063,
    #6064,#6065,#6066,#6067,#6068,#6069,#6070,#6071,#6072,#6073,#6074,
    #6075,#6076,#6077,#6078,#6079,#6080,#6081,#6082,#6083,#6084,#6085,
    #6086,#6087,#6088,#6089,#6090,#6091,#6092,#6093,#6094,#6095,#6096,
    #6097,#6098,#6099,#6100,#6101,#6102,#6103,#6104,#6105,#6106,#6107,
    #6108,#6109,#6110,#6111,#6112,#6113,#6114,#6115,#6116,#6117,#6118,
    #6119,#6120,#6121,#6122,#6123,#6124,#6125,#6126,#6127,#6128,#6129,
    #6130,#6131,#6132,#6133,#6134,#6135,#6136,#6137,#6138,#6139,#6140,
    #6141,#6142,#6143,#6144,#6145,#6146,#6147,#6148,#6149,#6150,#6151,
    #6152,#6153,#6154,#6155,#6156,#6157,#6158,#6159,#6160,#6161,#6162,
    #6163,#6164,#6165,#6166,#6167,#6168,#6169,#6170,#6171,#6172,#6173,
    #6174,#6175,#6176,#6177,#6178,#6179,#6180,#6181,#6182,#6183,#6184,
    #6185,#6186,#6187,#6188,#6189,#6190,#6191,#6192,#6193,#6194,#6195,
    #6196,#6197,#6198,#6199,#6200,#6201,#6202,#6203,#6204,#6205,#6206,
    #6207,#6208,#6209,#6210,#6211,#6212),.UNSPECIFIED.,.T.,.F.,(9,7,7,7,
    7,7,7,7,7,7,7,7,7,7,7,7,7,7,7,7,7,7,7,7,7,7,7,7,7,7,7,7,8,8,7,7,7,7,
    7,7,7,7,7,7,7,7,7,7,7,7,8,8,7,7,7,7,7,7,7,7,7,7,7,7,7,7,7,7,7,8,7,7,
    7,7,7,7,9),(0.,4.877673063679E-03,1.197207511685E-02,
    2.305695231258E-02,3.369841528336E-02,5.010566393852E-02,
    5.906227105059E-02,6.500391977475E-02,6.90837004396E-02,
    7.192321681377E-02,7.387982109324E-02,7.531866833082E-02,
    7.587481930341E-02,7.682020485083E-02,7.762447493202E-02,
    7.874122350108E-02,7.990080569019E-02,8.173506261098E-02,
    8.43819239033E-02,8.85209944834E-02,9.374550078962E-02,
    0.101548254746,0.109418786526,0.110018074227,0.120331198701,
    0.125487806541,0.130712306164,0.135054907555,0.137769546255,
    0.13967144577,0.140967126756,0.141869026523,0.142305247522,
    0.147182920586,0.15206059365,0.15647554397,0.163423444757,
    0.173251393899,0.187433384,0.207792900546,0.237967205302,
    0.285954790632,0.323763136547,0.390990169743,0.427708067189,
    0.452066052553,0.468791276948,0.480432120996,0.488454000042,
    0.493236619281,0.498661659178,0.503539332241,0.508417005305,
    0.513298171512,0.521679321508,0.533535946054,0.55064568831,
    0.577840026931,0.612050830992,0.663366516262,0.714681721128,
    0.71680765581,0.783912281507,0.817245593359,0.851017780422,
    0.878650642131,0.896198839483,0.908054600177,0.916431687522,
    0.922729922404,0.927607595467,0.934100454662,0.941056600356,
    0.948317724402,0.960786831926,0.978427912791,1.),.UNSPECIFIED.);
#5674 = CARTESIAN_POINT('',(2.653297741131E-02,4.999919599465,1.E-02));
#5675 = CARTESIAN_POINT('',(2.478292079499E-02,4.999928886374,1.E-02));
#5676 = CARTESIAN_POINT('',(2.325439984308E-02,4.999936298147,1.E-02));
#5677 = CARTESIAN_POINT('',(2.189659041245E-02,4.9999424123,1.E-02));
#5678 = CARTESIAN_POINT('',(2.067688400259E-02,4.999947548784,1.E-02));
#5679 = CARTESIAN_POINT('',(1.957160239293E-02,4.999951922941,1.E-02));
#5680 = CARTESIAN_POINT('',(1.856247300623E-02,4.999955693952,1.E-02));
#5681 = CARTESIAN_POINT('',(1.763559128728E-02,4.999958971628,1.E-02));
#5682 = CARTESIAN_POINT('',(1.553459112252E-02,4.999966022499,1.E-02));
#5683 = CARTESIAN_POINT('',(1.443957664503E-02,4.999969343229,1.E-02));
#5684 = CARTESIAN_POINT('',(1.345999022274E-02,4.999972070837,1.E-02));
#5685 = CARTESIAN_POINT('',(1.257361816679E-02,4.999974351582,1.E-02));
#5686 = CARTESIAN_POINT('',(1.17643112736E-02,4.999976283788,1.E-02));
#5687 = CARTESIAN_POINT('',(1.101959454195E-02,4.999977940055,1.E-02));
#5688 = CARTESIAN_POINT('',(1.032995972642E-02,4.999979370377,1.E-02));
#5689 = CARTESIAN_POINT('',(8.684007007265E-03,4.999982559468,1.E-02));
#5690 = CARTESIAN_POINT('',(7.795887811277E-03,4.999984050169,1.E-02));
#5691 = CARTESIAN_POINT('',(6.993955548488E-03,4.999985235735,1.E-02));
#5692 = CARTESIAN_POINT('',(6.260011089759E-03,4.999986193551,1.E-02));
#5693 = CARTESIAN_POINT('',(5.58099293845E-03,4.999986974295,1.E-02));
#5694 = CARTESIAN_POINT('',(4.946847808412E-03,4.999987614961,1.E-02));
#5695 = CARTESIAN_POINT('',(4.350010758298E-03,4.999988139711,1.E-02));
#5696 = CARTESIAN_POINT('',(3.241133420659E-03,4.999988978983,1.E-02));
#5697 = CARTESIAN_POINT('',(2.72666546528E-03,4.999989300969,1.E-02));
#5698 = CARTESIAN_POINT('',(2.235424673765E-03,4.999989550313,1.E-02));
#5699 = CARTESIAN_POINT('',(1.763239989712E-03,4.999989738106,1.E-02));
#5700 = CARTESIAN_POINT('',(1.306784664967E-03,4.999989872053,1.E-02));
#5701 = CARTESIAN_POINT('',(8.632882914075E-04,4.999989957776,1.E-02));
#5702 = CARTESIAN_POINT('',(4.303714293385E-04,4.999989999483,1.E-02));
#5703 = CARTESIAN_POINT('',(-6.47981335602E-04,4.99999000077,1.E-02));
#5704 = CARTESIAN_POINT('',(-1.322150480579E-03,4.999989903815,1.E-02));
#5705 = CARTESIAN_POINT('',(-2.024032283419E-03,4.999989698649,1.E-02));
#5706 = CARTESIAN_POINT('',(-2.762855189525E-03,4.999989367536,1.E-02));
#5707 = CARTESIAN_POINT('',(-3.550404737561E-03,4.999988884705,1.E-02));
#5708 = CARTESIAN_POINT('',(-4.403124382055E-03,4.999988203879,1.E-02));
#5709 = CARTESIAN_POINT('',(-5.343478948571E-03,4.999987258973,1.E-02));
#5710 = CARTESIAN_POINT('',(-6.996089725659E-03,4.99998513948,1.E-02));
#5711 = CARTESIAN_POINT('',(-7.618004431148E-03,4.999984264175,1.E-02));
#5712 = CARTESIAN_POINT('',(-8.285008857937E-03,4.999983234792,1.E-02));
#5713 = CARTESIAN_POINT('',(-9.00535101275E-03,4.999982017528,1.E-02));
#5714 = CARTESIAN_POINT('',(-9.789920361767E-03,4.999980562265,1.E-02));
#5715 = CARTESIAN_POINT('',(-1.065284661657E-02,4.999978800848,1.E-02));
#5716 = CARTESIAN_POINT('',(-1.161368335831E-02,4.999976630881,1.E-02));
#5717 = CARTESIAN_POINT('',(-1.342615570804E-02,4.999972025965,1.E-02));
#5718 = CARTESIAN_POINT('',(-1.420566833055E-02,4.999969926275,1.E-02));
#5719 = CARTESIAN_POINT('',(-1.505096675771E-02,4.999967506441,1.E-02));
#5720 = CARTESIAN_POINT('',(-1.597320247895E-02,4.999964695504,1.E-02));
#5721 = CARTESIAN_POINT('',(-1.698699314317E-02,4.999961390932,1.E-02));
#5722 = CARTESIAN_POINT('',(-1.811125625822E-02,4.999957454033,1.E-02));
#5723 = CARTESIAN_POINT('',(-1.93719875519E-02,4.999952678988,1.E-02));
#5724 = CARTESIAN_POINT('',(-2.179660788072E-02,4.999942587803,1.E-02));
#5725 = CARTESIAN_POINT('',(-2.286703169327E-02,4.99993791053,1.E-02));
#5726 = CARTESIAN_POINT('',(-2.403400101684E-02,4.999932541226,1.E-02));
#5727 = CARTESIAN_POINT('',(-2.531366960874E-02,4.99992632693,1.E-02));
#5728 = CARTESIAN_POINT('',(-2.672720513999E-02,4.999919047192,1.E-02));
#5729 = CARTESIAN_POINT('',(-2.830200156142E-02,4.99991040413,1.E-02));
#5730 = CARTESIAN_POINT('',(-3.007568829726E-02,4.99989995666,1.E-02));
#5731 = CARTESIAN_POINT('',(-3.352008371809E-02,4.999877838741,1.E-02));
#5732 = CARTESIAN_POINT('',(-3.505818425153E-02,4.999867504977,1.E-02));
#5733 = CARTESIAN_POINT('',(-3.674057550809E-02,4.999855647954,1.E-02));
#5734 = CARTESIAN_POINT('',(-3.859204396167E-02,4.999841911168,1.E-02));
#5735 = CARTESIAN_POINT('',(-4.064398312905E-02,4.999825825613,1.E-02));
#5736 = CARTESIAN_POINT('',(-4.293851119065E-02,4.999806701377,1.E-02));
#5737 = CARTESIAN_POINT('',(-4.553236427069E-02,4.999783565233,1.E-02));
#5738 = CARTESIAN_POINT('',(-5.056987703026E-02,4.999734684147,1.E-02));
#5739 = CARTESIAN_POINT('',(-5.280934368615E-02,4.999711987749,1.E-02));
#5740 = CARTESIAN_POINT('',(-5.526242763351E-02,4.999685951692,1.E-02));
#5741 = CARTESIAN_POINT('',(-5.79658124044E-02,4.999655795028,1.E-02));
#5742 = CARTESIAN_POINT('',(-6.096591630646E-02,4.999620488546,1.E-02));
#5743 = CARTESIAN_POINT('',(-6.432462095798E-02,4.999578527657,1.E-02));
#5744 = CARTESIAN_POINT('',(-6.812514387992E-02,4.999527785335,1.E-02));
#5745 = CARTESIAN_POINT('',(-7.57110175815E-02,4.999417782895,1.E-02));
#5746 = CARTESIAN_POINT('',(-7.923314497425E-02,4.999364351446,1.E-02));
#5747 = CARTESIAN_POINT('',(-8.311479856005E-02,4.999302535197,1.E-02));
#5748 = CARTESIAN_POINT('',(-8.742020845156E-02,4.999230338419,1.E-02));
#5749 = CARTESIAN_POINT('',(-9.223182621679E-02,4.999144907663,1.E-02));
#5750 = CARTESIAN_POINT('',(-9.765634773368E-02,4.999042328538,1.E-02));
#5751 = CARTESIAN_POINT('',(-0.103838295795,4.998916757605,1.E-02));
#5752 = CARTESIAN_POINT('',(-0.113752443988,4.998696646045,1.E-02));
#5753 = CARTESIAN_POINT('',(-0.116660363161,4.998630313351,1.E-02));
#5754 = CARTESIAN_POINT('',(-0.119724253364,4.998558464681,1.E-02));
#5755 = CARTESIAN_POINT('',(-0.122957204473,4.998480431486,1.E-02));
#5756 = CARTESIAN_POINT('',(-0.126373563144,4.998395411323,1.E-02));
#5757 = CARTESIAN_POINT('',(-0.129988932815,4.998302467851,1.E-02));
#5758 = CARTESIAN_POINT('',(-0.133820173704,4.998200530835,1.E-02));
#5759 = CARTESIAN_POINT('',(-0.144795910328,4.997897834688,1.E-02));
#5760 = CARTESIAN_POINT('',(-0.152488333136,4.997674382131,1.E-02));
#5761 = CARTESIAN_POINT('',(-0.161096117737,4.997411158299,1.E-02));
#5762 = CARTESIAN_POINT('',(-0.170800654466,4.997095672071,1.E-02));
#5763 = CARTESIAN_POINT('',(-0.18185561746,4.996711882833,1.E-02));
#5764 = CARTESIAN_POINT('',(-0.194628248208,4.996235864791,1.E-02));
#5765 = CARTESIAN_POINT('',(-0.209657582697,4.995625074155,1.E-02));
#5766 = CARTESIAN_POINT('',(-0.243104126989,4.994100236814,1.E-02));
#5767 = CARTESIAN_POINT('',(-0.259626800269,4.993292741258,1.E-02));
#5768 = CARTESIAN_POINT('',(-0.27716625688,4.992370439837,1.E-02));
#5769 = CARTESIAN_POINT('',(-0.295545978002,4.991328342586,1.E-02));
#5770 = CARTESIAN_POINT('',(-0.314584545566,4.990165010379,1.E-02));
#5771 = CARTESIAN_POINT('',(-0.334124510203,4.98888170056,1.E-02));
#5772 = CARTESIAN_POINT('',(-0.354049892669,4.987480410082,1.E-02));
#5773 = CARTESIAN_POINT('',(-0.402399365781,4.983850841247,1.E-02));
#5774 = CARTESIAN_POINT('',(-0.431074787958,4.981516097695,1.E-02));
#5775 = CARTESIAN_POINT('',(-0.460154640675,4.978955693023,1.E-02));
#5776 = CARTESIAN_POINT('',(-0.489517294241,4.976171063069,1.E-02));
#5777 = CARTESIAN_POINT('',(-0.519078494071,4.973164446097,1.E-02));
#5778 = CARTESIAN_POINT('',(-0.548785965509,4.969937341431,1.E-02));
#5779 = CARTESIAN_POINT('',(-0.578617578108,4.966488992277,1.E-02));
#5780 = CARTESIAN_POINT('',(-0.639690465144,4.958999754124,1.E-02));
#5781 = CARTESIAN_POINT('',(-0.67091596408,4.954944394328,1.E-02));
#5782 = CARTESIAN_POINT('',(-0.702235891555,4.950647604158,1.E-02));
#5783 = CARTESIAN_POINT('',(-0.733634741101,4.946108391261,1.E-02));
#5784 = CARTESIAN_POINT('',(-0.765100425133,4.94132579818,1.E-02));
#5785 = CARTESIAN_POINT('',(-0.796623784892,4.936298774322,1.E-02));
#5786 = CARTESIAN_POINT('',(-0.828198388441,4.931026043963,1.E-02));
#5787 = CARTESIAN_POINT('',(-0.909840644709,4.916774174272,1.E-02));
#5788 = CARTESIAN_POINT('',(-0.959973626878,4.907424482827,1.E-02));
#5789 = CARTESIAN_POINT('',(-1.010198186486,4.897451614577,1.E-02));
#5790 = CARTESIAN_POINT('',(-1.060495699324,4.886850722672,1.E-02));
#5791 = CARTESIAN_POINT('',(-1.110849087243,4.875617310328,1.E-02));
#5792 = CARTESIAN_POINT('',(-1.16124264001,4.863747139782,1.E-02));
#5793 = CARTESIAN_POINT('',(-1.211661824059,4.851236133764,1.E-02));
#5794 = CARTESIAN_POINT('',(-1.334866488846,4.819096160424,1.E-02));
#5795 = CARTESIAN_POINT('',(-1.407662611242,4.798769939602,1.E-02));
#5796 = CARTESIAN_POINT('',(-1.480438440021,4.777090424238,1.E-02));
#5797 = CARTESIAN_POINT('',(-1.553150633264,4.754048266853,1.E-02));
#5798 = CARTESIAN_POINT('',(-1.625755479297,4.729636026564,1.E-02));
#5799 = CARTESIAN_POINT('',(-1.698208968135,4.703848221958,1.E-02));
#5800 = CARTESIAN_POINT('',(-1.770466867396,4.676681367476,1.E-02));
#5801 = CARTESIAN_POINT('',(-1.955104074151,4.603492587744,1.E-02));
#5802 = CARTESIAN_POINT('',(-2.06713561822,4.555475699198,1.E-02));
#5803 = CARTESIAN_POINT('',(-2.17840887458,4.504078232091,1.E-02));
#5804 = CARTESIAN_POINT('',(-2.28875047706,4.449308186393,1.E-02));
#5805 = CARTESIAN_POINT('',(-2.397985681004,4.391187327179,1.E-02));
#5806 = CARTESIAN_POINT('',(-2.505940043885,4.329751591127,1.E-02));
#5807 = CARTESIAN_POINT('',(-2.612441205284,4.265051137711,1.E-02));
#5808 = CARTESIAN_POINT('',(-2.849703842764,4.111442460817,1.E-02));
#5809 = CARTESIAN_POINT('',(-2.979503004146,4.020635589948,1.E-02));
#5810 = CARTESIAN_POINT('',(-3.106379025504,3.924858480204,1.E-02));
#5811 = CARTESIAN_POINT('',(-3.230002245867,3.824275752925,1.E-02));
#5812 = CARTESIAN_POINT('',(-3.350058234067,3.719086763032,1.E-02));
#5813 = CARTESIAN_POINT('',(-3.466253460183,3.609523132281,1.E-02));
#5814 = CARTESIAN_POINT('',(-3.578320250091,3.495844946284,1.E-02));
#5815 = CARTESIAN_POINT('',(-3.846869655136,3.202837206714,1.E-02));
#5816 = CARTESIAN_POINT('',(-3.997978973729,3.018793796432,1.E-02));
#5817 = CARTESIAN_POINT('',(-4.138555039508,2.827150840553,1.E-02));
#5818 = CARTESIAN_POINT('',(-4.267950594854,2.628971326398,1.E-02));
#5819 = CARTESIAN_POINT('',(-4.385693293925,2.425400413485,1.E-02));
#5820 = CARTESIAN_POINT('',(-4.491497040526,2.217619722147,1.E-02));
#5821 = CARTESIAN_POINT('',(-4.585257320886,2.006802040983,1.E-02));
#5822 = CARTESIAN_POINT('',(-4.749516986581,1.579503995207,1.E-02));
#5823 = CARTESIAN_POINT('',(-4.819807733668,1.362990362504,1.E-02));
#5824 = CARTESIAN_POINT('',(-4.877962486238,1.145695117118,1.E-02));
#5825 = CARTESIAN_POINT('',(-4.924211327047,0.928732745063,1.E-02));
#5826 = CARTESIAN_POINT('',(-4.958931751385,0.713135474947,1.E-02));
#5827 = CARTESIAN_POINT('',(-4.982620745549,0.499828061395,1.E-02));
#5828 = CARTESIAN_POINT('',(-4.995863399775,0.289615008225,1.E-02));
#5829 = CARTESIAN_POINT('',(-4.999559544031,6.746850539499E-02,1.E-02));
#5830 = CARTESIAN_POINT('',(-4.999764330183,5.175988697662E-02,1.E-02));
#5831 = CARTESIAN_POINT('',(-4.999912367813,3.608090344297E-02,1.E-02));
#5832 = CARTESIAN_POINT('',(-5.000004043504,2.043889704605E-02,1.E-02));
#5833 = CARTESIAN_POINT('',(-5.000039870877,4.825580423907E-03,1.E-02));
#5834 = CARTESIAN_POINT('',(-5.000020184779,-1.077940791317E-02,1.E-02)
  );
#5835 = CARTESIAN_POINT('',(-4.999944835461,-2.640494809644E-02,1.E-02)
  );
#5836 = CARTESIAN_POINT('',(-4.997543355733,-0.311710563662,1.E-02));
#5837 = CARTESIAN_POINT('',(-4.978599331767,-0.587997433456,1.E-02));
#5838 = CARTESIAN_POINT('',(-4.941526106924,-0.869439877817,1.E-02));
#5839 = CARTESIAN_POINT('',(-4.885026870246,-1.154178797305,1.E-02));
#5840 = CARTESIAN_POINT('',(-4.808073216946,-1.439994881538,1.E-02));
#5841 = CARTESIAN_POINT('',(-4.710043422056,-1.724372648138,1.E-02));
#5842 = CARTESIAN_POINT('',(-4.590831917822,-2.004625871304,1.E-02));
#5843 = CARTESIAN_POINT('',(-4.38089354864,-2.414800791377,1.E-02));
#5844 = CARTESIAN_POINT('',(-4.30572683724,-2.549825397184,1.E-02));
#5845 = CARTESIAN_POINT('',(-4.225427629809,-2.68281382399,1.E-02));
#5846 = CARTESIAN_POINT('',(-4.140084040942,-2.813430987086,1.E-02));
#5847 = CARTESIAN_POINT('',(-4.049818791342,-2.941347328646,1.E-02));
#5848 = CARTESIAN_POINT('',(-3.95478868709,-3.066244237976,1.E-02));
#5849 = CARTESIAN_POINT('',(-3.855182740796,-3.187819298041,1.E-02));
#5850 = CARTESIAN_POINT('',(-3.645886343971,-3.425316629885,1.E-02));
#5851 = CARTESIAN_POINT('',(-3.536080403622,-3.541143352021,1.E-02));
#5852 = CARTESIAN_POINT('',(-3.422027822609,-3.652979045858,1.E-02));
#5853 = CARTESIAN_POINT('',(-3.303985864018,-3.760553364933,1.E-02));
#5854 = CARTESIAN_POINT('',(-3.182239014086,-3.863623132602,1.E-02));
#5855 = CARTESIAN_POINT('',(-3.057094254413,-3.961976435126,1.E-02));
#5856 = CARTESIAN_POINT('',(-2.9288755257,-4.055435427047,1.E-02));
#5857 = CARTESIAN_POINT('',(-2.689066119959,-4.217353891578,1.E-02));
#5858 = CARTESIAN_POINT('',(-2.57832217654,-4.287370217111,1.E-02));
#5859 = CARTESIAN_POINT('',(-2.465878486975,-4.353824695518,1.E-02));
#5860 = CARTESIAN_POINT('',(-2.351932869995,-4.416652261173,1.E-02));
#5861 = CARTESIAN_POINT('',(-2.236686372847,-4.475805091121,1.E-02));
#5862 = CARTESIAN_POINT('',(-2.120340976444,-4.531252642039,1.E-02));
#5863 = CARTESIAN_POINT('',(-2.003097413999,-4.582981201502,1.E-02));
#5864 = CARTESIAN_POINT('',(-1.811424374603,-4.661006166254,1.E-02));
#5865 = CARTESIAN_POINT('',(-1.737422050626,-4.689566721257,1.E-02));
#5866 = CARTESIAN_POINT('',(-1.663194395877,-4.716675438677,1.E-02));
#5867 = CARTESIAN_POINT('',(-1.588789304533,-4.742335292286,1.E-02));
#5868 = CARTESIAN_POINT('',(-1.514254396042,-4.766551505623,1.E-02));
#5869 = CARTESIAN_POINT('',(-1.439636912998,-4.789331505252,1.E-02));
#5870 = CARTESIAN_POINT('',(-1.364983625079,-4.810684854217,1.E-02));
#5871 = CARTESIAN_POINT('',(-1.238045665017,-4.844592125373,1.E-02));
#5872 = CARTESIAN_POINT('',(-1.185756838254,-4.85786617343,1.E-02));
#5873 = CARTESIAN_POINT('',(-1.133489481637,-4.870449624294,1.E-02));
#5874 = CARTESIAN_POINT('',(-1.081259684458,-4.882346899543,1.E-02));
#5875 = CARTESIAN_POINT('',(-1.029084695437,-4.893562637055,1.E-02));
#5876 = CARTESIAN_POINT('',(-0.976983119144,-4.9041017926,1.E-02));
#5877 = CARTESIAN_POINT('',(-0.924975090111,-4.913969733095,1.E-02));
#5878 = CARTESIAN_POINT('',(-0.837731538642,-4.929441643226,1.E-02));
#5879 = CARTESIAN_POINT('',(-0.80243745339,-4.935401515763,1.E-02));
#5880 = CARTESIAN_POINT('',(-0.767205367898,-4.941054386085,1.E-02));
#5881 = CARTESIAN_POINT('',(-0.7320436962,-4.946402064559,1.E-02));
#5882 = CARTESIAN_POINT('',(-0.696965090649,-4.951445971371,1.E-02));
#5883 = CARTESIAN_POINT('',(-0.661986992837,-4.956187375953,1.E-02));
#5884 = CARTESIAN_POINT('',(-0.627132246347,-4.960627625117,1.E-02));
#5885 = CARTESIAN_POINT('',(-0.56827690313,-4.967650663238,1.E-02));
#5886 = CARTESIAN_POINT('',(-0.544206220244,-4.970386731311,1.E-02));
#5887 = CARTESIAN_POINT('',(-0.52022333288,-4.972978077326,1.E-02));
#5888 = CARTESIAN_POINT('',(-0.496343217052,-4.975424971922,1.E-02));
#5889 = CARTESIAN_POINT('',(-0.472592475887,-4.977726923861,1.E-02));
#5890 = CARTESIAN_POINT('',(-0.449010238021,-4.979883147876,1.E-02));
#5891 = CARTESIAN_POINT('',(-0.425649541299,-4.981893031206,1.E-02));
#5892 = CARTESIAN_POINT('',(-0.39142110401,-4.984657916946,1.E-02));
#5893 = CARTESIAN_POINT('',(-0.380333718871,-4.985524844384,1.E-02));
#5894 = CARTESIAN_POINT('',(-0.36932602843,-4.986357222109,1.E-02));
#5895 = CARTESIAN_POINT('',(-0.358409486558,-4.987154898616,1.E-02));
#5896 = CARTESIAN_POINT('',(-0.347598164294,-4.987917733225,1.E-02));
#5897 = CARTESIAN_POINT('',(-0.336908749845,-4.988645596086,1.E-02));
#5898 = CARTESIAN_POINT('',(-0.326360548588,-4.989338368174,1.E-02));
#5899 = CARTESIAN_POINT('',(-0.315975483067,-4.989995941291,1.E-02));
#5900 = CARTESIAN_POINT('',(-0.302162516956,-4.990870753872,1.E-02));
#5901 = CARTESIAN_POINT('',(-0.288626779973,-4.991683760609,1.E-02));
#5902 = CARTESIAN_POINT('',(-0.275437240952,-4.992434240103,1.E-02));
#5903 = CARTESIAN_POINT('',(-0.262659097818,-4.993122366192,1.E-02));
#5904 = CARTESIAN_POINT('',(-0.250353777583,-4.993749207943,1.E-02));
#5905 = CARTESIAN_POINT('',(-0.238578936352,-4.994316729658,1.E-02));
#5906 = CARTESIAN_POINT('',(-0.227388459317,-4.994827790873,1.E-02));
#5907 = CARTESIAN_POINT('',(-0.216832460761,-4.995286146354,1.E-02));
#5908 = CARTESIAN_POINT('',(-0.19965457596,-4.996031792034,1.E-02));
#5909 = CARTESIAN_POINT('',(-0.184105983148,-4.996639090387,1.E-02));
#5910 = CARTESIAN_POINT('',(-0.17034630821,-4.997123539258,1.E-02));
#5911 = CARTESIAN_POINT('',(-0.15828304196,-4.997512360445,1.E-02));
#5912 = CARTESIAN_POINT('',(-0.147694686889,-4.99782794911,1.E-02));
#5913 = CARTESIAN_POINT('',(-0.138372870339,-4.998086937152,1.E-02));
#5914 = CARTESIAN_POINT('',(-0.13011721633,-4.998302085162,1.E-02));
#5915 = CARTESIAN_POINT('',(-0.116093248512,-4.998646493619,1.E-02));
#5916 = CARTESIAN_POINT('',(-0.110243196403,-4.998780012019,1.E-02));
#5917 = CARTESIAN_POINT('',(-0.105032876865,-4.998891981871,1.E-02));
#5918 = CARTESIAN_POINT('',(-0.100345629823,-4.998987443318,1.E-02));
#5919 = CARTESIAN_POINT('',(-9.609579313389E-02,-4.999069845727,1.E-02)
  );
#5920 = CARTESIAN_POINT('',(-9.221733428067E-02,-4.999141743616,1.E-02)
  );
#5921 = CARTESIAN_POINT('',(-8.865920561321E-02,-4.999204966089,1.E-02)
  );
#5922 = CARTESIAN_POINT('',(-8.021977844604E-02,-4.999349099949,1.E-02)
  );
#5923 = CARTESIAN_POINT('',(-7.573345834954E-02,-4.999419631114,1.E-02)
  );
#5924 = CARTESIAN_POINT('',(-7.177118422143E-02,-4.999477903945,1.E-02)
  );
#5925 = CARTESIAN_POINT('',(-6.823468289531E-02,-4.999526893514,1.E-02)
  );
#5926 = CARTESIAN_POINT('',(-6.505075909512E-02,-4.999568698317,1.E-02)
  );
#5927 = CARTESIAN_POINT('',(-6.216417252597E-02,-4.999604760836,1.E-02)
  );
#5928 = CARTESIAN_POINT('',(-5.953123489138E-02,-4.999636172958,1.E-02)
  );
#5929 = CARTESIAN_POINT('',(-5.37020957961E-02,-4.999702765947,1.E-02));
#5930 = CARTESIAN_POINT('',(-5.072534862336E-02,-4.999734107054,1.E-02)
  );
#5931 = CARTESIAN_POINT('',(-4.808826870271E-02,-4.999760097572,1.E-02)
  );
#5932 = CARTESIAN_POINT('',(-4.572739917831E-02,-4.999782020135,1.E-02)
  );
#5933 = CARTESIAN_POINT('',(-4.359548633696E-02,-4.999800784834,1.E-02)
  );
#5934 = CARTESIAN_POINT('',(-4.165708779122E-02,-4.999817015894,1.E-02)
  );
#5935 = CARTESIAN_POINT('',(-3.988415986244E-02,-4.99983118821,1.E-02));
#5936 = CARTESIAN_POINT('',(-3.590247573605E-02,-4.999861652451,1.E-02)
  );
#5937 = CARTESIAN_POINT('',(-3.384867500207E-02,-4.999876102041,1.E-02)
  );
#5938 = CARTESIAN_POINT('',(-3.202574441262E-02,-4.999888080971,1.E-02)
  );
#5939 = CARTESIAN_POINT('',(-3.039055163443E-02,-4.999898181221,1.E-02)
  );
#5940 = CARTESIAN_POINT('',(-2.891097869424E-02,-4.999906823166,1.E-02)
  );
#5941 = CARTESIAN_POINT('',(-2.756296657474E-02,-4.999914294791,1.E-02)
  );
#5942 = CARTESIAN_POINT('',(-2.632747682137E-02,-4.999920815325,1.E-02)
  );
#5943 = CARTESIAN_POINT('',(-2.355544023498E-02,-4.999934780604,1.E-02)
  );
#5944 = CARTESIAN_POINT('',(-2.212215071565E-02,-4.999941391574,1.E-02)
  );
#5945 = CARTESIAN_POINT('',(-2.084463511487E-02,-4.999946868386,1.E-02)
  );
#5946 = CARTESIAN_POINT('',(-1.969372765265E-02,-4.999951485617,1.E-02)
  );
#5947 = CARTESIAN_POINT('',(-1.864811171001E-02,-4.999955429407,1.E-02)
  );
#5948 = CARTESIAN_POINT('',(-1.769127855689E-02,-4.999958837654,1.E-02)
  );
#5949 = CARTESIAN_POINT('',(-1.681057475837E-02,-4.999961806669,1.E-02)
  );
#5950 = CARTESIAN_POINT('',(-1.478787697657E-02,-4.999968277606,1.E-02)
  );
#5951 = CARTESIAN_POINT('',(-1.372461314667E-02,-4.99997134593,1.E-02));
#5952 = CARTESIAN_POINT('',(-1.277250601401E-02,-4.999973864064,1.E-02)
  );
#5953 = CARTESIAN_POINT('',(-1.191012084322E-02,-4.999975967675,1.E-02)
  );
#5954 = CARTESIAN_POINT('',(-1.112187368123E-02,-4.999977747939,1.E-02)
  );
#5955 = CARTESIAN_POINT('',(-1.03957247223E-02,-4.999979272161,1.E-02));
#5956 = CARTESIAN_POINT('',(-9.722496040268E-03,-4.999980586655,1.E-02)
  );
#5957 = CARTESIAN_POINT('',(-8.096239487733E-03,-4.999983544722,1.E-02)
  );
#5958 = CARTESIAN_POINT('',(-7.212668940184E-03,-4.999984924201,1.E-02)
  );
#5959 = CARTESIAN_POINT('',(-6.41412840184E-03,-4.999986012239,1.E-02));
#5960 = CARTESIAN_POINT('',(-5.682268226458E-03,-4.999986883112,1.E-02)
  );
#5961 = CARTESIAN_POINT('',(-5.003961392656E-03,-4.999987585163,1.E-02)
  );
#5962 = CARTESIAN_POINT('',(-4.369110573554E-03,-4.99998815359,1.E-02));
#5963 = CARTESIAN_POINT('',(-3.770143671579E-03,-4.999988610977,1.E-02)
  );
#5964 = CARTESIAN_POINT('',(-2.752254011655E-03,-4.999989262617,1.E-02)
  );
#5965 = CARTESIAN_POINT('',(-2.322095863443E-03,-4.999989492006,1.E-02)
  );
#5966 = CARTESIAN_POINT('',(-1.907339845353E-03,-4.999989672129,1.E-02)
  );
#5967 = CARTESIAN_POINT('',(-1.50554174178E-03,-4.999989809093,1.E-02));
#5968 = CARTESIAN_POINT('',(-1.114676848239E-03,-4.999989907375,1.E-02)
  );
#5969 = CARTESIAN_POINT('',(-7.330273020987E-04,-4.999989970353,1.E-02)
  );
#5970 = CARTESIAN_POINT('',(-3.590916535039E-04,-4.999990000608,1.E-02)
  );
#5971 = CARTESIAN_POINT('',(6.6251202011E-04,-4.999989998882,1.E-02));
#5972 = CARTESIAN_POINT('',(1.336856844866E-03,-4.999989899905,1.E-02));
#5973 = CARTESIAN_POINT('',(2.038975091482E-03,-4.999989692755,1.E-02));
#5974 = CARTESIAN_POINT('',(2.778245564267E-03,-4.999989359063,1.E-02));
#5975 = CARTESIAN_POINT('',(3.566331392079E-03,-4.99998887369,1.E-02));
#5976 = CARTESIAN_POINT('',(4.419845604069E-03,-4.999988189386,1.E-02));
#5977 = CARTESIAN_POINT('',(5.361244429832E-03,-4.999987240277,1.E-02));
#5978 = CARTESIAN_POINT('',(7.016435185669E-03,-4.999985111101,1.E-02));
#5979 = CARTESIAN_POINT('',(7.639622984886E-03,-4.999984231467,1.E-02));
#5980 = CARTESIAN_POINT('',(8.308101670544E-03,-4.99998319692,1.E-02));
#5981 = CARTESIAN_POINT('',(9.030163411676E-03,-4.999981973404,1.E-02));
#5982 = CARTESIAN_POINT('',(9.816762355014E-03,-4.999980510423,1.E-02));
#5983 = CARTESIAN_POINT('',(1.068211575587E-02,-4.999978739294,1.E-02));
#5984 = CARTESIAN_POINT('',(1.164590786067E-02,-4.999976556739,1.E-02));
#5985 = CARTESIAN_POINT('',(1.346457350936E-02,-4.999971923011,1.E-02));
#5986 = CARTESIAN_POINT('',(1.424689392808E-02,-4.999969809757,1.E-02));
#5987 = CARTESIAN_POINT('',(1.50954097308E-02,-4.999967373681,1.E-02));
#5988 = CARTESIAN_POINT('',(1.602136170944E-02,-4.999964543154,1.E-02));
#5989 = CARTESIAN_POINT('',(1.703949596254E-02,-4.999961214472,1.E-02));
#5990 = CARTESIAN_POINT('',(1.816890331663E-02,-4.999957247334,1.E-02));
#5991 = CARTESIAN_POINT('',(1.943583564182E-02,-4.99995243343,1.E-02));
#5992 = CARTESIAN_POINT('',(2.187347074487E-02,-4.999942253184,1.E-02));
#5993 = CARTESIAN_POINT('',(2.294990762372E-02,-4.999937533097,1.E-02));
#5994 = CARTESIAN_POINT('',(2.412375578355E-02,-4.999932112606,1.E-02));
#5995 = CARTESIAN_POINT('',(2.541135807957E-02,-4.999925836546,1.E-02));
#5996 = CARTESIAN_POINT('',(2.683415367911E-02,-4.999918480862,1.E-02));
#5997 = CARTESIAN_POINT('',(2.841990278373E-02,-4.999909742695,1.E-02));
#5998 = CARTESIAN_POINT('',(3.020677571702E-02,-4.999899173095,1.E-02));
#5999 = CARTESIAN_POINT('',(3.367897365336E-02,-4.999876774234,1.E-02));
#6000 = CARTESIAN_POINT('',(3.523004498198E-02,-4.999866304,1.E-02));
#6001 = CARTESIAN_POINT('',(3.692728473204E-02,-4.9998542839,1.E-02));
#6002 = CARTESIAN_POINT('',(3.879591488323E-02,-4.999840349396,1.E-02));
#6003 = CARTESIAN_POINT('',(4.08679003734E-02,-4.999824021032,1.E-02));
#6004 = CARTESIAN_POINT('',(4.318619663921E-02,-4.999804591352,1.E-02));
#6005 = CARTESIAN_POINT('',(4.580871831653E-02,-4.999781062315,1.E-02));
#6006 = CARTESIAN_POINT('',(5.090672651993E-02,-4.999731275982,1.E-02));
#6007 = CARTESIAN_POINT('',(5.31743361916E-02,-4.999708141488,1.E-02));
#6008 = CARTESIAN_POINT('',(5.565964677862E-02,-4.999681581607,1.E-02));
#6009 = CARTESIAN_POINT('',(5.840028500718E-02,-4.999650789795,1.E-02));
#6010 = CARTESIAN_POINT('',(6.144390780783E-02,-4.999614702758,1.E-02));
#6011 = CARTESIAN_POINT('',(6.485417621673E-02,-4.999571760444,1.E-02));
#6012 = CARTESIAN_POINT('',(6.871681329465E-02,-4.999519756047,1.E-02));
#6013 = CARTESIAN_POINT('',(7.581730096939E-02,-4.999415842925,1.E-02));
#6014 = CARTESIAN_POINT('',(7.867720736387E-02,-4.99937238184,1.E-02));
#6015 = CARTESIAN_POINT('',(8.177330511924E-02,-4.99932341208,1.E-02));
#6016 = CARTESIAN_POINT('',(8.513963167446E-02,-4.999267857206,1.E-02));
#6017 = CARTESIAN_POINT('',(8.881787612749E-02,-4.999204303718,1.E-02));
#6018 = CARTESIAN_POINT('',(9.285969131825E-02,-4.999130894822,1.E-02));
#6019 = CARTESIAN_POINT('',(9.73309762273E-02,-4.999045066603,1.E-02));
#6020 = CARTESIAN_POINT('',(0.107978736391,-4.998827124258,1.E-02));
#6021 = CARTESIAN_POINT('',(0.114293808,-4.998690548822,1.E-02));
#6022 = CARTESIAN_POINT('',(0.121399743374,-4.998527454495,1.E-02));
#6023 = CARTESIAN_POINT('',(0.129461304259,-4.998330160592,1.E-02));
#6024 = CARTESIAN_POINT('',(0.13868043496,-4.998087527299,1.E-02));
#6025 = CARTESIAN_POINT('',(0.149299852136,-4.997784651285,1.E-02));
#6026 = CARTESIAN_POINT('',(0.16160584109,-4.997397852019,1.E-02));
#6027 = CARTESIAN_POINT('',(0.175799960115,-4.996898475457,1.E-02));
#6028 = CARTESIAN_POINT('',(0.18435466901,-4.996597153351,1.E-02));
#6029 = CARTESIAN_POINT('',(0.193586701686,-4.996256128716,1.E-02));
#6030 = CARTESIAN_POINT('',(0.203531832263,-4.995868274062,1.E-02));
#6031 = CARTESIAN_POINT('',(0.214200149382,-4.995427457554,1.E-02));
#6032 = CARTESIAN_POINT('',(0.225576056202,-4.994928543021,1.E-02));
#6033 = CARTESIAN_POINT('',(0.237618270399,-4.99436738995,1.E-02));
#6034 = CARTESIAN_POINT('',(0.250259824171,-4.99374085349,1.E-02));
#6035 = CARTESIAN_POINT('',(0.263408064235,-4.993046784449,1.E-02));
#6036 = CARTESIAN_POINT('',(0.283601453682,-4.991981484714,1.E-02));
#6037 = CARTESIAN_POINT('',(0.303763258197,-4.990824243942,1.E-02));
#6038 = CARTESIAN_POINT('',(0.323848212986,-4.989577931315,1.E-02));
#6039 = CARTESIAN_POINT('',(0.343888640002,-4.988242338162,1.E-02));
#6040 = CARTESIAN_POINT('',(0.363930318933,-4.98681479969,1.E-02));
#6041 = CARTESIAN_POINT('',(0.384000398619,-4.985292408602,1.E-02));
#6042 = CARTESIAN_POINT('',(0.404093273169,-4.983674773933,1.E-02));
#6043 = CARTESIAN_POINT('',(0.444241794344,-4.98025656133,1.E-02));
#6044 = CARTESIAN_POINT('',(0.46433906974,-4.978452317088,1.E-02));
#6045 = CARTESIAN_POINT('',(0.484451195756,-4.976553246092,1.E-02));
#6046 = CARTESIAN_POINT('',(0.504580237665,-4.974558797443,1.E-02));
#6047 = CARTESIAN_POINT('',(0.524728559401,-4.972468295985,1.E-02));
#6048 = CARTESIAN_POINT('',(0.544897451015,-4.970281089348,1.E-02));
#6049 = CARTESIAN_POINT('',(0.565086455643,-4.967996705344,1.E-02));
#6050 = CARTESIAN_POINT('',(0.619987664268,-4.961525547541,1.E-02));
#6051 = CARTESIAN_POINT('',(0.654842561393,-4.957136336421,1.E-02));
#6052 = CARTESIAN_POINT('',(0.689824986366,-4.952445741704,1.E-02));
#6053 = CARTESIAN_POINT('',(0.724910875806,-4.947452451103,1.E-02));
#6054 = CARTESIAN_POINT('',(0.760081953132,-4.942155233057,1.E-02));
#6055 = CARTESIAN_POINT('',(0.795325073645,-4.93655269196,1.E-02));
#6056 = CARTESIAN_POINT('',(0.830631631203,-4.930643011193,1.E-02));
#6057 = CARTESIAN_POINT('',(0.916028325771,-4.915625353944,1.E-02));
#6058 = CARTESIAN_POINT('',(0.966169861155,-4.906208700059,1.E-02));
#6059 = CARTESIAN_POINT('',(1.016401178652,-4.896168463483,1.E-02));
#6060 = CARTESIAN_POINT('',(1.066703862152,-4.885499810716,1.E-02));
#6061 = CARTESIAN_POINT('',(1.117060969629,-4.874198259207,1.E-02));
#6062 = CARTESIAN_POINT('',(1.16745686278,-4.862259590371,1.E-02));
#6063 = CARTESIAN_POINT('',(1.217877024487,-4.849679755979,1.E-02));
#6064 = CARTESIAN_POINT('',(1.341082569525,-4.817370433467,1.E-02));
#6065 = CARTESIAN_POINT('',(1.413877189742,-4.796943286655,1.E-02));
#6066 = CARTESIAN_POINT('',(1.486648734412,-4.775162246154,1.E-02));
#6067 = CARTESIAN_POINT('',(1.559353861208,-4.752018060604,1.E-02));
#6068 = CARTESIAN_POINT('',(1.631948846864,-4.727503389735,1.E-02));
#6069 = CARTESIAN_POINT('',(1.704389661557,-4.701612858262,1.E-02));
#6070 = CARTESIAN_POINT('',(1.776632046464,-4.674343093413,1.E-02));
#6071 = CARTESIAN_POINT('',(1.963068266244,-4.600155687344,1.E-02));
#6072 = CARTESIAN_POINT('',(2.076890547649,-4.551131375801,1.E-02));
#6073 = CARTESIAN_POINT('',(2.189919270949,-4.498614925762,1.E-02));
#6074 = CARTESIAN_POINT('',(2.301972306669,-4.44261544702,1.E-02));
#6075 = CARTESIAN_POINT('',(2.412866118477,-4.383156767176,1.E-02));
#6076 = CARTESIAN_POINT('',(2.522417595393,-4.320277861236,1.E-02));
#6077 = CARTESIAN_POINT('',(2.630445988682,-4.254032889041,1.E-02));
#6078 = CARTESIAN_POINT('',(2.870537790169,-4.097006090754,1.E-02));
#6079 = CARTESIAN_POINT('',(3.001610815586,-4.00430355295,1.E-02));
#6080 = CARTESIAN_POINT('',(3.129642338366,-3.906520762999,1.E-02));
#6081 = CARTESIAN_POINT('',(3.254291186029,-3.803832643471,1.E-02));
#6082 = CARTESIAN_POINT('',(3.375232742345,-3.696450520948,1.E-02));
#6083 = CARTESIAN_POINT('',(3.492164961929,-3.584619383352,1.E-02));
#6084 = CARTESIAN_POINT('',(3.604813577788,-3.468613709953,1.E-02));
#6085 = CARTESIAN_POINT('',(3.875117594756,-3.168911796814,1.E-02));
#6086 = CARTESIAN_POINT('',(4.027115165093,-2.980371025139,1.E-02));
#6087 = CARTESIAN_POINT('',(4.168109475577,-2.784118081193,1.E-02));
#6088 = CARTESIAN_POINT('',(4.297440328121,-2.581284197148,1.E-02));
#6089 = CARTESIAN_POINT('',(4.414636958941,-2.373084020403,1.E-02));
#6090 = CARTESIAN_POINT('',(4.519428769881,-2.160765460181,1.E-02));
#6091 = CARTESIAN_POINT('',(4.611738433671,-1.945560679184,1.E-02));
#6092 = CARTESIAN_POINT('',(4.771579879203,-1.51174113658,1.E-02));
#6093 = CARTESIAN_POINT('',(4.839112406301,-1.293126389077,1.E-02));
#6094 = CARTESIAN_POINT('',(4.894349522783,-1.073985731758,1.E-02));
#6095 = CARTESIAN_POINT('',(4.937558480969,-0.855447219461,1.E-02));
#6096 = CARTESIAN_POINT('',(4.969154436258,-0.638549113101,1.E-02));
#6097 = CARTESIAN_POINT('',(4.989670546224,-0.424215166364,1.E-02));
#6098 = CARTESIAN_POINT('',(4.999725149474,-0.213242966396,1.E-02));
#6099 = CARTESIAN_POINT('',(4.999996824587,2.263560893541E-03,1.E-02));
#6100 = CARTESIAN_POINT('',(4.999990861775,1.083392746902E-02,1.E-02));
#6101 = CARTESIAN_POINT('',(4.999968094803,1.94110341142E-02,1.E-02));
#6102 = CARTESIAN_POINT('',(4.99992847796,2.799630383675E-02,1.E-02));
#6103 = CARTESIAN_POINT('',(4.99987196291,3.658895610293E-02,1.E-02));
#6104 = CARTESIAN_POINT('',(4.999798500761,4.518764315019E-02,1.E-02));
#6105 = CARTESIAN_POINT('',(4.999708044136,5.37920862998E-02,1.E-02));
#6106 = CARTESIAN_POINT('',(4.996207468803,0.334243227628,1.E-02));
#6107 = CARTESIAN_POINT('',(4.975836745539,0.612744320445,1.E-02));
#6108 = CARTESIAN_POINT('',(4.937012429286,0.896355262483,1.E-02));
#6109 = CARTESIAN_POINT('',(4.878424994552,1.18316074009,1.E-02));
#6110 = CARTESIAN_POINT('',(4.799046247859,1.470877009961,1.E-02));
#6111 = CARTESIAN_POINT('',(4.698272119259,1.756920903045,1.E-02));
#6112 = CARTESIAN_POINT('',(4.576034010421,2.038542385511,1.E-02));
#6113 = CARTESIAN_POINT('',(4.361679443687,2.449347122411,1.E-02));
#6114 = CARTESIAN_POINT('',(4.285363620393,2.583919393702,1.E-02));
#6115 = CARTESIAN_POINT('',(4.203931654668,2.71639126037,1.E-02));
#6116 = CARTESIAN_POINT('',(4.11747716905,2.846428381474,1.E-02));
#6117 = CARTESIAN_POINT('',(4.026128360244,2.973702647352,1.E-02));
#6118 = CARTESIAN_POINT('',(3.930047347446,3.097897600543,1.E-02));
#6119 = CARTESIAN_POINT('',(3.829428164446,3.218713644654,1.E-02));
#6120 = CARTESIAN_POINT('',(3.618177028463,3.454574983195,1.E-02));
#6121 = CARTESIAN_POINT('',(3.507430706225,3.56952330251,1.E-02));
#6122 = CARTESIAN_POINT('',(3.392485926034,3.680429070438,1.E-02));
#6123 = CARTESIAN_POINT('',(3.273604307177,3.787026112285,1.E-02));
#6124 = CARTESIAN_POINT('',(3.151074136999,3.889075966999,1.E-02));
#6125 = CARTESIAN_POINT('',(3.025205547062,3.986371862391,1.E-02));
#6126 = CARTESIAN_POINT('',(2.896324918196,4.078741381718,1.E-02));
#6127 = CARTESIAN_POINT('',(2.657128368402,4.237482546267,1.E-02));
#6128 = CARTESIAN_POINT('',(2.547696810548,4.305527685356,1.E-02));
#6129 = CARTESIAN_POINT('',(2.436658844166,4.370107960916,1.E-02));
#6130 = CARTESIAN_POINT('',(2.324203700467,4.431164177589,1.E-02));
#6131 = CARTESIAN_POINT('',(2.210523360243,4.488653331777,1.E-02));
#6132 = CARTESIAN_POINT('',(2.095810443958,4.542548605285,1.E-02));
#6133 = CARTESIAN_POINT('',(1.980256213265,4.592838920881,1.E-02));
#6134 = CARTESIAN_POINT('',(1.790251679761,4.669178093861,1.E-02));
#6135 = CARTESIAN_POINT('',(1.71619149731,4.69737558636,1.E-02));
#6136 = CARTESIAN_POINT('',(1.641916277224,4.724121796528,1.E-02));
#6137 = CARTESIAN_POINT('',(1.567473818367,4.749420119973,1.E-02));
#6138 = CARTESIAN_POINT('',(1.492911662693,4.773276177425,1.E-02));
#6139 = CARTESIAN_POINT('',(1.418277002854,4.795697773013,1.E-02));
#6140 = CARTESIAN_POINT('',(1.343616592986,4.816694829812,1.E-02));
#6141 = CARTESIAN_POINT('',(1.218549514694,4.849510807907,1.E-02));
#6142 = CARTESIAN_POINT('',(1.168132761307,4.862097222369,1.E-02));
#6143 = CARTESIAN_POINT('',(1.117740125683,4.874042524774,1.E-02));
#6144 = CARTESIAN_POINT('',(1.06738612012,4.885350759376,1.E-02));
#6145 = CARTESIAN_POINT('',(1.017086372219,4.89602614171,1.E-02));
#6146 = CARTESIAN_POINT('',(0.966857805597,4.906073151855,1.E-02));
#6147 = CARTESIAN_POINT('',(0.916718810252,4.915496620734,1.E-02));
#6148 = CARTESIAN_POINT('',(0.831340590313,4.930523412105,1.E-02));
#6149 = CARTESIAN_POINT('',(0.796050011265,4.936435653021,1.E-02));
#6150 = CARTESIAN_POINT('',(0.760822671928,4.942041023959,1.E-02));
#6151 = CARTESIAN_POINT('',(0.725667149651,4.947341338534,1.E-02));
#6152 = CARTESIAN_POINT('',(0.69059651975,4.952337993506,1.E-02));
#6153 = CARTESIAN_POINT('',(0.655628943512,4.95703222333,1.E-02));
#6154 = CARTESIAN_POINT('',(0.620788316907,4.961425342562,1.E-02));
#6155 = CARTESIAN_POINT('',(0.560031861605,4.968596752457,1.E-02));
#6156 = CARTESIAN_POINT('',(0.534061821855,4.971503470421,1.E-02));
#6157 = CARTESIAN_POINT('',(0.508198300177,4.974241574517,1.E-02));
#6158 = CARTESIAN_POINT('',(0.482460731983,4.976811405468,1.E-02));
#6159 = CARTESIAN_POINT('',(0.456887144179,4.97921203988,1.E-02));
#6160 = CARTESIAN_POINT('',(0.431535737702,4.981442118017,1.E-02));
#6161 = CARTESIAN_POINT('',(0.406487111754,4.983500669813,1.E-02));
#6162 = CARTESIAN_POINT('',(0.381846943385,4.985387939953,1.E-02));
#6163 = CARTESIAN_POINT('',(0.368651821611,4.98639853451,1.E-02));
#6164 = CARTESIAN_POINT('',(0.355579158247,4.987359765203,1.E-02));
#6165 = CARTESIAN_POINT('',(0.34264888179,4.98827119863,1.E-02));
#6166 = CARTESIAN_POINT('',(0.329886569124,4.989132525172,1.E-02));
#6167 = CARTESIAN_POINT('',(0.317323445527,4.98994355899,1.E-02));
#6168 = CARTESIAN_POINT('',(0.304996384665,4.990704238025,1.E-02));
#6169 = CARTESIAN_POINT('',(0.292947908597,4.991414623998,1.E-02));
#6170 = CARTESIAN_POINT('',(0.26562172501,4.992954765781,1.E-02));
#6171 = CARTESIAN_POINT('',(0.250565766434,4.993745739975,1.E-02));
#6172 = CARTESIAN_POINT('',(0.236211310922,4.994449193766,1.E-02));
#6173 = CARTESIAN_POINT('',(0.222673323298,4.995068372115,1.E-02));
#6174 = CARTESIAN_POINT('',(0.210028734321,4.995608396175,1.E-02));
#6175 = CARTESIAN_POINT('',(0.198316440687,4.996076263291,1.E-02));
#6176 = CARTESIAN_POINT('',(0.187537305034,4.996480847001,1.E-02));
#6177 = CARTESIAN_POINT('',(0.167066599578,4.997209329747,1.E-02));
#6178 = CARTESIAN_POINT('',(0.157498602837,4.997523796207,1.E-02));
#6179 = CARTESIAN_POINT('',(0.148883028278,4.99778748754,1.E-02));
#6180 = CARTESIAN_POINT('',(0.14112150034,4.99801027458,1.E-02));
#6181 = CARTESIAN_POINT('',(0.134109471332,4.998200236736,1.E-02));
#6182 = CARTESIAN_POINT('',(0.127750928667,4.998363599841,1.E-02));
#6183 = CARTESIAN_POINT('',(0.121962743327,4.998505082987,1.E-02));
#6184 = CARTESIAN_POINT('',(0.111142582321,4.998757633337,1.E-02));
#6185 = CARTESIAN_POINT('',(0.106203629625,4.998865925375,1.E-02));
#6186 = CARTESIAN_POINT('',(0.101742614541,4.998958667982,1.E-02));
#6187 = CARTESIAN_POINT('',(9.768175680756E-02,4.99903913573,1.E-02));
#6188 = CARTESIAN_POINT('',(9.396195476081E-02,4.999109659598,1.E-02));
#6189 = CARTESIAN_POINT('',(9.053656287661E-02,4.999172001342,1.E-02));
#6190 = CARTESIAN_POINT('',(8.736845145405E-02,4.999227480772,1.E-02));
#6191 = CARTESIAN_POINT('',(7.937616203874E-02,4.999362453709,1.E-02));
#6192 = CARTESIAN_POINT('',(7.497850338065E-02,4.999430887523,1.E-02));
#6193 = CARTESIAN_POINT('',(7.109001064184E-02,4.99948752713,1.E-02));
#6194 = CARTESIAN_POINT('',(6.761587835738E-02,4.999535216039,1.E-02));
#6195 = CARTESIAN_POINT('',(6.448537956424E-02,4.999575962413,1.E-02));
#6196 = CARTESIAN_POINT('',(6.164502947413E-02,4.999611151706,1.E-02));
#6197 = CARTESIAN_POINT('',(5.905247821774E-02,4.999641833588,1.E-02));
#6198 = CARTESIAN_POINT('',(5.330857669525E-02,4.999706943583,1.E-02));
#6199 = CARTESIAN_POINT('',(5.037196898228E-02,4.999737642762,1.E-02));
#6200 = CARTESIAN_POINT('',(4.776831142043E-02,4.999763131642,1.E-02));
#6201 = CARTESIAN_POINT('',(4.543573319682E-02,4.999784653335,1.E-02));
#6202 = CARTESIAN_POINT('',(4.332810906084E-02,4.999803090612,1.E-02));
#6203 = CARTESIAN_POINT('',(4.141077859971E-02,4.99981905057,1.E-02));
#6204 = CARTESIAN_POINT('',(3.965629442994E-02,4.999832995444,1.E-02));
#6205 = CARTESIAN_POINT('',(3.606965223574E-02,4.999860285355,1.E-02));
#6206 = CARTESIAN_POINT('',(3.430733345849E-02,4.999872804788,1.E-02));
#6207 = CARTESIAN_POINT('',(3.271576448937E-02,4.99988346685,1.E-02));
#6208 = CARTESIAN_POINT('',(3.12669012724E-02,4.999892669804,1.E-02));
#6209 = CARTESIAN_POINT('',(2.993945178927E-02,4.99990069611,1.E-02));
#6210 = CARTESIAN_POINT('',(2.871654284481E-02,4.999907759293,1.E-02));
#6211 = CARTESIAN_POINT('',(2.758475270122E-02,4.999914017988,1.E-02));
#6212 = CARTESIAN_POINT('',(2.653297741131E-02,4.999919599465,1.E-02));
#6213 = ( BOUNDED_SURFACE() B_SPLINE_SURFACE(2,2,(
    (#6214,#6215,#6216,#6217,#6218)
    ,(#6219,#6220,#6221,#6222,#6223)
    ,(#6224,#6225,#6226,#6227,#6228)
    ,(#6229,#6230,#6231,#6232,#6233)
    ,(#6234,#6235,#6236,#6237,#6238
)),.UNSPECIFIED.,.F.,.F.,.F.) B_SPLINE_SURFACE_WITH_KNOTS((3,2,3),(3,2,3
    ),(0.,785.39816339744,1.570796326795E+03),(-785.3981633974,0.,
785.39816339744),.UNSPECIFIED.) GEOMETRIC_REPRESENTATION_ITEM() 
RATIONAL_B_SPLINE_SURFACE((
    (1.,0.707106781187,1.,0.707106781187,1.)
    ,(0.707106781187,0.5,0.707106781187,0.5,0.707106781187)
    ,(1.,0.707106781187,1.,0.707106781187,1.)
    ,(0.707106781187,0.5,0.707106781187,0.5,0.707106781187)
,(1.,0.707106781187,1.,0.707106781187,1.
))) REPRESENTATION_ITEM('') SURFACE() );
#6214 = CARTESIAN_POINT('',(0.,5.,0.));
#6215 = CARTESIAN_POINT('',(5.,5.,0.));
#6216 = CARTESIAN_POINT('',(5.,3.061616997868E-16,0.));
#6217 = CARTESIAN_POINT('',(5.,-5.,0.));
#6218 = CARTESIAN_POINT('',(0.,-5.,0.));
#6219 = CARTESIAN_POINT('',(0.,5.,0.));
#6220 = CARTESIAN_POINT('',(5.,5.,5.));
#6221 = CARTESIAN_POINT('',(5.,3.061616997868E-16,5.));
#6222 = CARTESIAN_POINT('',(5.,-5.,5.));
#6223 = CARTESIAN_POINT('',(0.,-5.,0.));
#6224 = CARTESIAN_POINT('',(0.,5.,0.));
#6225 = CARTESIAN_POINT('',(3.061616997868E-16,5.,5.));
#6226 = CARTESIAN_POINT('',(3.061616997868E-16,3.061616997868E-16,5.));
#6227 = CARTESIAN_POINT('',(3.061616997868E-16,-5.,5.));
#6228 = CARTESIAN_POINT('',(0.,-5.,0.));
#6229 = CARTESIAN_POINT('',(0.,5.,0.));
#6230 = CARTESIAN_POINT('',(-5.,5.,5.));
#6231 = CARTESIAN_POINT('',(-5.,3.061616997868E-16,5.));
#6232 = CARTESIAN_POINT('',(-5.,-5.,5.));
#6233 = CARTESIAN_POINT('',(0.,-5.,0.));
#6234 = CARTESIAN_POINT('',(0.,5.,0.));
#6235 = CARTESIAN_POINT('',(-5.,5.,6.123233995737E-16));
#6236 = CARTESIAN_POINT('',(-5.,3.061616997868E-16,6.123233995737E-16));
#6237 = CARTESIAN_POINT('',(-5.,-5.,6.123233995737E-16));
#6238 = CARTESIAN_POINT('',(0.,-5.,0.));
#6239 = ADVANCED_FACE('',(#6240),#6243,.F.);
#6240 = FACE_BOUND('',#6241,.F.);
#6241 = EDGE_LOOP('',(#6242));
#6242 = ORIENTED_EDGE('',*,*,#5670,.T.);
#6243 = PLANE('',#6244);
#6244 = AXIS2_PLACEMENT_3D('',#6245,#6246,#6247);
#6245 = CARTESIAN_POINT('',(-10.,-10.,1.E-02));
#6246 = DIRECTION('',(0.,0.,1.));
#6247 = DIRECTION('',(1.,0.,0.));
#6248 = ( GEOMETRIC_REPRESENTATION_CONTEXT(3) 
GLOBAL_UNCERTAINTY_ASSIGNED_CONTEXT((#6252)) 
GLOBAL_UNIT_ASSIGNED_CONTEXT((#6249,#6250,#6251)) REPRESENTATION_CONTEXT
('Context #1','3D Context with UNIT and UNCERTAINTY') );
#6249 = ( LENGTH_UNIT() NAMED_UNIT(*) SI_UNIT(.MILLI.,.METRE.) );
#6250 = ( NAMED_UNIT(*) PLANE_ANGLE_UNIT() SI_UNIT($,.RADIAN.) );
#6251 = ( NAMED_UNIT(*) SI_UNIT($,.STERADIAN.) SOLID_ANGLE_UNIT() );
#6252 = UNCERTAINTY_MEASURE_WITH_UNIT(LENGTH_MEASURE(1.E-05),#6249,
  'distance_accuracy_value','confusion accuracy');
#6253 = CONTEXT_DEPENDENT_SHAPE_REPRESENTATION(#6254,#6256);
#6254 = ( REPRESENTATION_RELATIONSHIP('','',#5663,#10) 
REPRESENTATION_RELATIONSHIP_WITH_TRANSFORMATION(#6255) 
SHAPE_REPRESENTATION_RELATIONSHIP() );
#6255 = ITEM_DEFINED_TRANSFORMATION('','',#11,#19);
#6256 = PRODUCT_DEFINITION_SHAPE('Placement','Placement of an item',
  #6257);
#6257 = NEXT_ASSEMBLY_USAGE_OCCURRENCE('10','Slice.3','',#5,#5658,$);
#6258 = PRODUCT_RELATED_PRODUCT_CATEGORY('part',$,(#5660));
#6259 = MECHANICAL_DESIGN_GEOMETRIC_PRESENTATION_REPRESENTATION('',(
    #6260),#6248);
#6260 = STYLED_ITEM('color',(#6261),#5664);
#6261 = PRESENTATION_STYLE_ASSIGNMENT((#6262,#6268));
#6262 = SURFACE_STYLE_USAGE(.BOTH.,#6263);
#6263 = SURFACE_SIDE_STYLE('',(#6264));
#6264 = SURFACE_STYLE_FILL_AREA(#6265);
#6265 = FILL_AREA_STYLE('',(#6266));
#6266 = FILL_AREA_STYLE_COLOUR('',#6267);
#6267 = COLOUR_RGB('',0.678430976034,0.709803998361,0.741176010593);
#6268 = CURVE_STYLE('',#6269,POSITIVE_LENGTH_MEASURE(0.1),#6270);
#6269 = DRAUGHTING_PRE_DEFINED_CURVE_FONT('continuous');
#6270 = COLOUR_RGB('',9.803921802644E-02,9.803921802644E-02,
  9.803921802644E-02);
#6271 = MECHANICAL_DESIGN_GEOMETRIC_PRESENTATION_REPRESENTATION('',(
    #6272),#5645);
#6272 = STYLED_ITEM('color',(#6273),#37);
#6273 = PRESENTATION_STYLE_ASSIGNMENT((#6274,#6279));
#6274 = SURFACE_STYLE_USAGE(.BOTH.,#6275);
#6275 = SURFACE_SIDE_STYLE('',(#6276));
#6276 = SURFACE_STYLE_FILL_AREA(#6277);
#6277 = FILL_AREA_STYLE('',(#6278));
#6278 = FILL_AREA_STYLE_COLOUR('',#6267);
#6279 = CURVE_STYLE('',#6280,POSITIVE_LENGTH_MEASURE(0.1),#6270);
#6280 = DRAUGHTING_PRE_DEFINED_CURVE_FONT('continuous');
ENDSEC;
END-ISO-10303-21;
